date,dc_id,sku,on_hand,reserved_ka,in_transit,oldest_batch_date
2025-09-01,CD-SP,P1,70403,7821,0,2025-08-20
2025-09-01,CD-SP,P2,45523,4777,0,2025-08-15
2025-09-01,CD-SP,P3,10799,1215,1200,2025-08-17
2025-09-01,CD-SP,P4,21384,2613,3900,2025-08-20
2025-09-01,CD-SP,P5,7879,704,0,2025-08-15
2025-09-01,CD-PR,P1,48518,3476,0,2025-08-23
2025-09-01,CD-PR,P2,30556,2123,0,2025-08-15
2025-09-01,CD-PR,P3,6200,540,1200,2025-08-20
2025-09-01,CD-PR,P4,16288,1161,0,2025-08-11
2025-09-01,CD-PR,P5,5126,313,0,2025-08-27
2025-09-01,CD-GO,P1,30171,2607,2800,2025-08-09
2025-09-01,CD-GO,P2,23649,1592,0,2025-08-17
2025-09-01,CD-GO,P3,6002,405,0,2025-08-26
2025-09-01,CD-GO,P4,11138,871,0,2025-08-21
2025-09-01,CD-GO,P5,3866,235,0,2025-08-19
2025-09-01,CD-PE,P1,61420,3476,0,2025-08-12
2025-09-01,CD-PE,P2,36886,2123,0,2025-08-16
2025-09-01,CD-PE,P3,7798,540,1200,2025-08-13
2025-09-01,CD-PE,P4,17314,1161,1500,2025-08-23
2025-09-01,CD-PE,P5,5158,313,500,2025-08-20
2025-09-02,CD-SP,P1,66965,7821,0,2025-08-20
2025-09-02,CD-SP,P2,42119,4777,0,2025-08-15
2025-09-02,CD-SP,P3,9878,1215,1200,2025-08-17
2025-09-02,CD-SP,P4,20505,2613,3900,2025-08-20
2025-09-02,CD-SP,P5,7706,704,0,2025-08-15
2025-09-02,CD-PR,P1,46593,3476,0,2025-08-23
2025-09-02,CD-PR,P2,28234,2123,0,2025-08-15
2025-09-02,CD-PR,P3,5771,540,1200,2025-08-20
2025-09-02,CD-PR,P4,15871,1161,0,2025-08-11
2025-09-02,CD-PR,P5,5114,313,0,2025-08-27
2025-09-02,CD-GO,P1,28295,2607,2800,2025-08-09
2025-09-02,CD-GO,P2,22227,1592,0,2025-08-17
2025-09-02,CD-GO,P3,5972,405,0,2025-08-26
2025-09-02,CD-GO,P4,11039,871,0,2025-08-21
2025-09-02,CD-GO,P5,3848,235,0,2025-08-19
2025-09-02,CD-PE,P1,58633,3476,0,2025-08-12
2025-09-02,CD-PE,P2,34618,2123,0,2025-08-16
2025-09-02,CD-PE,P3,7768,540,1200,2025-08-13
2025-09-02,CD-PE,P4,16816,1161,1500,2025-08-23
2025-09-02,CD-PE,P5,5003,313,500,2025-08-20
2025-09-03,CD-SP,P1,61053,7821,0,2025-08-20
2025-09-03,CD-SP,P2,39169,4777,0,2025-08-15
2025-09-03,CD-SP,P3,9137,1215,1200,2025-08-17
2025-09-03,CD-SP,P4,17763,2613,3900,2025-08-20
2025-09-03,CD-SP,P5,6836,704,0,2025-08-15
2025-09-03,CD-PR,P1,43963,3476,0,2025-08-23
2025-09-03,CD-PR,P2,27038,2123,0,2025-08-15
2025-09-03,CD-PR,P3,5453,540,1200,2025-08-20
2025-09-03,CD-PR,P4,14992,1161,0,2025-08-11
2025-09-03,CD-PR,P5,5102,313,0,2025-08-27
2025-09-03,CD-GO,P1,27336,2607,2800,2025-08-09
2025-09-03,CD-GO,P2,21587,1592,0,2025-08-17
2025-09-03,CD-GO,P3,5873,405,0,2025-08-26
2025-09-03,CD-GO,P4,10247,871,0,2025-08-21
2025-09-03,CD-GO,P5,3830,235,0,2025-08-19
2025-09-03,CD-PE,P1,57620,3476,0,2025-08-12
2025-09-03,CD-PE,P2,33256,2123,0,2025-08-16
2025-09-03,CD-PE,P3,6982,540,1200,2025-08-13
2025-09-03,CD-PE,P4,16168,1161,1500,2025-08-23
2025-09-03,CD-PE,P5,4979,313,500,2025-08-20
2025-09-04,CD-SP,P1,54905,7821,0,2025-08-20
2025-09-04,CD-SP,P2,34789,4777,0,2025-08-15
2025-09-04,CD-SP,P3,9440,1215,0,2025-09-04
2025-09-04,CD-SP,P4,15756,2691,3900,2025-08-20
2025-09-04,CD-SP,P5,6193,704,0,2025-08-15
2025-09-04,CD-PR,P1,41236,3476,0,2025-08-23
2025-09-04,CD-PR,P2,25682,2123,0,2025-08-15
2025-09-04,CD-PR,P3,5267,540,1200,2025-08-20
2025-09-04,CD-PR,P4,14182,1196,0,2025-08-11
2025-09-04,CD-PR,P5,4959,313,0,2025-08-27
2025-09-04,CD-GO,P1,26184,2608,2800,2025-08-09
2025-09-04,CD-GO,P2,20415,1593,0,2025-08-17
2025-09-04,CD-GO,P3,5855,405,0,2025-08-26
2025-09-04,CD-GO,P4,10055,897,0,2025-08-21
2025-09-04,CD-GO,P5,3675,235,0,2025-08-19
2025-09-04,CD-PE,P1,54181,3477,0,2025-08-12
2025-09-04,CD-PE,P2,31568,2124,0,2025-08-16
2025-09-04,CD-PE,P3,6640,540,1200,2025-08-13
2025-09-04,CD-PE,P4,15520,1197,1500,2025-08-23
2025-09-04,CD-PE,P5,5455,313,0,2025-09-04
2025-09-05,CD-SP,P1,50134,7821,0,2025-08-20
2025-09-05,CD-SP,P2,33177,4777,0,2025-08-15
2025-09-05,CD-SP,P3,9011,1215,0,2025-09-04
2025-09-05,CD-SP,P4,14916,2762,3900,2025-08-20
2025-09-05,CD-SP,P5,6175,704,0,2025-08-15
2025-09-05,CD-PR,P1,40151,3477,0,2025-08-23
2025-09-05,CD-PR,P2,24870,2124,0,2025-08-15
2025-09-05,CD-PR,P3,6143,540,0,2025-09-05
2025-09-05,CD-PR,P4,13396,1228,0,2025-08-11
2025-09-05,CD-PR,P5,4941,313,0,2025-08-27
2025-09-05,CD-GO,P1,24543,2608,2800,2025-08-09
2025-09-05,CD-GO,P2,19863,1593,0,2025-08-17
2025-09-05,CD-GO,P3,5387,405,0,2025-08-26
2025-09-05,CD-GO,P4,9737,921,0,2025-08-21
2025-09-05,CD-GO,P5,3669,235,0,2025-08-19
2025-09-05,CD-PE,P1,53041,3479,0,2025-08-12
2025-09-05,CD-PE,P2,30810,2125,0,2025-08-16
2025-09-05,CD-PE,P3,6541,540,1200,2025-08-13
2025-09-05,CD-PE,P4,14797,1229,1500,2025-08-23
2025-09-05,CD-PE,P5,4806,313,0,2025-09-04
2025-09-06,CD-SP,P1,50134,7821,0,2025-08-20
2025-09-06,CD-SP,P2,32727,4777,0,2025-08-15
2025-09-06,CD-SP,P3,9011,1215,0,2025-09-04
2025-09-06,CD-SP,P4,14541,2814,3900,2025-08-20
2025-09-06,CD-SP,P5,6175,704,0,2025-08-15
2025-09-06,CD-PR,P1,40151,3477,0,2025-08-23
2025-09-06,CD-PR,P2,24870,2124,0,2025-08-15
2025-09-06,CD-PR,P3,6143,540,0,2025-09-05
2025-09-06,CD-PR,P4,13396,1251,0,2025-08-11
2025-09-06,CD-PR,P5,4941,313,0,2025-08-27
2025-09-06,CD-GO,P1,27343,2609,0,2025-09-06
2025-09-06,CD-GO,P2,19751,1593,0,2025-08-17
2025-09-06,CD-GO,P3,5387,405,0,2025-08-26
2025-09-06,CD-GO,P4,9737,939,0,2025-08-21
2025-09-06,CD-GO,P5,3669,235,0,2025-08-19
2025-09-06,CD-PE,P1,53041,3480,0,2025-08-12
2025-09-06,CD-PE,P2,30810,2125,0,2025-08-16
2025-09-06,CD-PE,P3,6541,540,1200,2025-08-13
2025-09-06,CD-PE,P4,14797,1253,1500,2025-08-23
2025-09-06,CD-PE,P5,4806,313,0,2025-09-04
2025-09-07,CD-SP,P1,50134,7821,0,2025-08-20
2025-09-07,CD-SP,P2,32727,4777,0,2025-08-15
2025-09-07,CD-SP,P3,9011,1215,0,2025-09-04
2025-09-07,CD-SP,P4,14541,2814,3900,2025-08-20
2025-09-07,CD-SP,P5,6175,704,0,2025-08-15
2025-09-07,CD-PR,P1,40151,3477,0,2025-08-23
2025-09-07,CD-PR,P2,24870,2124,0,2025-08-15
2025-09-07,CD-PR,P3,6143,540,0,2025-09-05
2025-09-07,CD-PR,P4,13396,1251,0,2025-08-11
2025-09-07,CD-PR,P5,4941,313,0,2025-08-27
2025-09-07,CD-GO,P1,27343,2609,0,2025-09-06
2025-09-07,CD-GO,P2,19751,1593,0,2025-08-17
2025-09-07,CD-GO,P3,5387,405,0,2025-08-26
2025-09-07,CD-GO,P4,9737,939,0,2025-08-21
2025-09-07,CD-GO,P5,3669,235,0,2025-08-19
2025-09-07,CD-PE,P1,53041,3480,0,2025-08-12
2025-09-07,CD-PE,P2,30810,2125,0,2025-08-16
2025-09-07,CD-PE,P3,6541,540,1200,2025-08-13
2025-09-07,CD-PE,P4,14797,1253,1500,2025-08-23
2025-09-07,CD-PE,P5,4806,313,0,2025-09-04
2025-09-08,CD-SP,P1,44909,7821,24500,2025-08-20
2025-09-08,CD-SP,P2,28635,4777,13950,2025-08-15
2025-09-08,CD-SP,P3,8108,1215,3300,2025-09-04
2025-09-08,CD-SP,P4,12693,2814,13500,2025-08-20
2025-09-08,CD-SP,P5,5502,704,1500,2025-08-15
2025-09-08,CD-PR,P1,38951,3477,4200,2025-08-23
2025-09-08,CD-PR,P2,23176,2124,2700,2025-08-15
2025-09-08,CD-PR,P3,6101,540,1200,2025-09-05
2025-09-08,CD-PR,P4,13291,1251,3300,2025-08-11
2025-09-08,CD-PR,P5,4941,313,0,2025-08-27
2025-09-08,CD-GO,P1,25382,2609,5600,2025-09-06
2025-09-08,CD-GO,P2,18401,1593,0,2025-08-17
2025-09-08,CD-GO,P3,5351,405,0,2025-08-26
2025-09-08,CD-GO,P4,8933,939,2700,2025-08-21
2025-09-08,CD-GO,P5,3663,235,0,2025-08-19
2025-09-08,CD-PE,P1,51648,3480,0,2025-08-12
2025-09-08,CD-PE,P2,29448,2125,3600,2025-08-16
2025-09-08,CD-PE,P3,7243,540,1500,2025-09-08
2025-09-08,CD-PE,P4,15295,1253,4500,2025-09-08
2025-09-08,CD-PE,P5,4788,313,1000,2025-09-04
2025-09-09,CD-SP,P1,38238,7821,24500,2025-08-20
2025-09-09,CD-SP,P2,24417,4777,13950,2025-08-15
2025-09-09,CD-SP,P3,7469,1215,3300,2025-09-04
2025-09-09,CD-SP,P4,10248,2903,13500,2025-08-20
2025-09-09,CD-SP,P5,4686,704,1500,2025-08-15
2025-09-09,CD-PR,P1,36200,3477,4200,2025-08-23
2025-09-09,CD-PR,P2,21826,2124,2700,2025-08-15
2025-09-09,CD-PR,P3,5228,540,1200,2025-09-05
2025-09-09,CD-PR,P4,11758,1291,3300,2025-08-11
2025-09-09,CD-PR,P5,4268,313,0,2025-08-27
2025-09-09,CD-GO,P1,24104,2609,5600,2025-09-06
2025-09-09,CD-GO,P2,17643,1594,0,2025-08-17
2025-09-09,CD-GO,P3,4946,405,0,2025-08-26
2025-09-09,CD-GO,P4,8447,969,2700,2025-08-21
2025-09-09,CD-GO,P5,3657,235,0,2025-08-19
2025-09-09,CD-PE,P1,47672,3481,0,2025-08-12
2025-09-09,CD-PE,P2,27352,2126,3600,2025-08-16
2025-09-09,CD-PE,P3,6832,541,1500,2025-09-08
2025-09-09,CD-PE,P4,13579,1293,4500,2025-09-08
2025-09-09,CD-PE,P5,4663,313,1000,2025-09-04
2025-09-10,CD-SP,P1,33545,7821,24500,2025-08-20
2025-09-10,CD-SP,P2,19681,4777,13950,2025-08-15
2025-09-10,CD-SP,P3,5930,1215,3300,2025-09-04
2025-09-10,CD-SP,P4,12390,2986,9600,2025-09-10
2025-09-10,CD-SP,P5,4007,704,1500,2025-08-15
2025-09-10,CD-PR,P1,33618,3478,4200,2025-08-23
2025-09-10,CD-PR,P2,20108,2124,2700,2025-08-15
2025-09-10,CD-PR,P3,4823,540,1200,2025-09-05
2025-09-10,CD-PR,P4,11071,1328,3300,2025-08-11
2025-09-10,CD-PR,P5,4250,313,0,2025-08-27
2025-09-10,CD-GO,P1,21534,2610,5600,2025-09-06
2025-09-10,CD-GO,P2,17009,1594,0,2025-08-17
2025-09-10,CD-GO,P3,4841,405,0,2025-08-26
2025-09-10,CD-GO,P4,8411,997,2700,2025-08-21
2025-09-10,CD-GO,P5,3633,235,0,2025-08-19
2025-09-10,CD-PE,P1,45784,3483,0,2025-08-12
2025-09-10,CD-PE,P2,25800,2127,3600,2025-08-16
2025-09-10,CD-PE,P3,6409,541,1500,2025-09-08
2025-09-10,CD-PE,P4,12676,1331,4500,2025-09-08
2025-09-10,CD-PE,P5,4133,313,1000,2025-09-04
2025-09-11,CD-SP,P1,53581,7821,0,2025-09-11
2025-09-11,CD-SP,P2,30681,4777,0,2025-09-11
2025-09-11,CD-SP,P3,8420,1215,0,2025-09-11
2025-09-11,CD-SP,P4,20700,3064,0,2025-09-11
2025-09-11,CD-SP,P5,3328,704,1500,2025-08-15
2025-09-11,CD-PR,P1,30825,3478,4200,2025-08-23
2025-09-11,CD-PR,P2,18764,2124,2700,2025-08-15
2025-09-11,CD-PR,P3,4388,540,1200,2025-09-05
2025-09-11,CD-PR,P4,9046,1363,3300,2025-08-11
2025-09-11,CD-PR,P5,4125,313,0,2025-08-27
2025-09-11,CD-GO,P1,20394,2610,5600,2025-09-06
2025-09-11,CD-GO,P2,15831,1594,0,2025-08-17
2025-09-11,CD-GO,P3,4436,405,0,2025-08-26
2025-09-11,CD-GO,P4,7625,1023,2700,2025-08-21
2025-09-11,CD-GO,P5,3496,235,0,2025-08-19
2025-09-11,CD-PE,P1,43715,3484,0,2025-08-12
2025-09-11,CD-PE,P2,27700,2128,0,2025-09-11
2025-09-11,CD-PE,P3,6004,541,1500,2025-09-08
2025-09-11,CD-PE,P4,11965,1366,4500,2025-09-08
2025-09-11,CD-PE,P5,5127,313,0,2025-09-11
2025-09-12,CD-SP,P1,51977,7821,0,2025-09-11
2025-09-12,CD-SP,P2,28815,4777,0,2025-09-11
2025-09-12,CD-SP,P3,8060,1215,0,2025-09-11
2025-09-12,CD-SP,P4,19890,3135,0,2025-09-11
2025-09-12,CD-SP,P5,2798,704,1500,2025-08-15
2025-09-12,CD-PR,P1,33348,3478,0,2025-09-12
2025-09-12,CD-PR,P2,20480,2125,0,2025-09-12
2025-09-12,CD-PR,P3,5213,540,0,2025-09-12
2025-09-12,CD-PR,P4,12241,1395,0,2025-09-12
2025-09-12,CD-PR,P5,3607,313,0,2025-08-27
2025-09-12,CD-GO,P1,19435,2611,5600,2025-09-06
2025-09-12,CD-GO,P2,15641,1595,0,2025-08-17
2025-09-12,CD-GO,P3,4418,405,0,2025-08-26
2025-09-12,CD-GO,P4,7595,1047,2700,2025-08-21
2025-09-12,CD-GO,P5,3484,235,0,2025-08-19
2025-09-12,CD-PE,P1,42062,3486,0,2025-08-12
2025-09-12,CD-PE,P2,26480,2129,0,2025-09-11
2025-09-12,CD-PE,P3,5986,541,1500,2025-09-08
2025-09-12,CD-PE,P4,11467,1399,4500,2025-09-08
2025-09-12,CD-PE,P5,5109,314,0,2025-09-11
2025-09-13,CD-SP,P1,50577,7821,0,2025-09-11
2025-09-13,CD-SP,P2,28815,4777,0,2025-09-11
2025-09-13,CD-SP,P3,7985,1215,0,2025-09-11
2025-09-13,CD-SP,P4,19890,3188,0,2025-09-11
2025-09-13,CD-SP,P5,2798,704,1500,2025-08-15
2025-09-13,CD-PR,P1,33348,3479,0,2025-09-12
2025-09-13,CD-PR,P2,20256,2125,0,2025-09-12
2025-09-13,CD-PR,P3,5189,540,0,2025-09-12
2025-09-13,CD-PR,P4,12241,1418,0,2025-09-12
2025-09-13,CD-PR,P5,3607,313,0,2025-08-27
2025-09-13,CD-GO,P1,25035,2611,0,2025-09-13
2025-09-13,CD-GO,P2,15641,1595,0,2025-08-17
2025-09-13,CD-GO,P3,4418,406,0,2025-08-26
2025-09-13,CD-GO,P4,10220,1065,0,2025-09-13
2025-09-13,CD-GO,P5,3484,235,0,2025-08-19
2025-09-13,CD-PE,P1,42062,3487,0,2025-08-12
2025-09-13,CD-PE,P2,26480,2130,0,2025-09-11
2025-09-13,CD-PE,P3,5986,541,1500,2025-09-08
2025-09-13,CD-PE,P4,11467,1422,4500,2025-09-08
2025-09-13,CD-PE,P5,5109,314,0,2025-09-11
2025-09-14,CD-SP,P1,50577,7821,0,2025-09-11
2025-09-14,CD-SP,P2,28815,4777,0,2025-09-11
2025-09-14,CD-SP,P3,7985,1215,0,2025-09-11
2025-09-14,CD-SP,P4,19890,3188,0,2025-09-11
2025-09-14,CD-SP,P5,4298,704,0,2025-09-14
2025-09-14,CD-PR,P1,33348,3479,0,2025-09-12
2025-09-14,CD-PR,P2,20256,2125,0,2025-09-12
2025-09-14,CD-PR,P3,5189,540,0,2025-09-12
2025-09-14,CD-PR,P4,12241,1418,0,2025-09-12
2025-09-14,CD-PR,P5,3607,313,0,2025-08-27
2025-09-14,CD-GO,P1,25035,2611,0,2025-09-13
2025-09-14,CD-GO,P2,15641,1595,0,2025-08-17
2025-09-14,CD-GO,P3,4418,406,0,2025-08-26
2025-09-14,CD-GO,P4,10220,1065,0,2025-09-13
2025-09-14,CD-GO,P5,3484,235,0,2025-08-19
2025-09-14,CD-PE,P1,42062,3487,0,2025-08-12
2025-09-14,CD-PE,P2,26480,2130,0,2025-09-11
2025-09-14,CD-PE,P3,5986,541,1500,2025-09-08
2025-09-14,CD-PE,P4,11467,1422,4500,2025-09-08
2025-09-14,CD-PE,P5,5109,314,0,2025-09-11
2025-09-15,CD-SP,P1,43332,7821,23800,2025-09-11
2025-09-15,CD-SP,P2,23445,4777,15300,2025-09-11
2025-09-15,CD-SP,P3,6677,1215,4500,2025-09-11
2025-09-15,CD-SP,P4,18669,3188,12000,2025-09-11
2025-09-15,CD-SP,P5,4137,704,3500,2025-09-14
2025-09-15,CD-PR,P1,31653,3479,11200,2025-09-12
2025-09-15,CD-PR,P2,18562,2125,7200,2025-09-12
2025-09-15,CD-PR,P3,5072,540,1500,2025-09-12
2025-09-15,CD-PR,P4,11449,1418,6600,2025-09-12
2025-09-15,CD-PR,P5,3440,313,1000,2025-08-27
2025-09-15,CD-GO,P1,23171,2611,8400,2025-09-13
2025-09-15,CD-GO,P2,14415,1595,4950,2025-08-17
2025-09-15,CD-GO,P3,4313,406,1200,2025-08-26
2025-09-15,CD-GO,P4,9434,1065,3900,2025-09-13
2025-09-15,CD-GO,P5,2841,235,0,2025-08-19
2025-09-15,CD-PE,P1,39993,3487,13300,2025-08-12
2025-09-15,CD-PE,P2,25698,2130,8100,2025-09-11
2025-09-15,CD-PE,P3,6988,541,1800,2025-09-15
2025-09-15,CD-PE,P4,15469,1422,7800,2025-09-15
2025-09-15,CD-PE,P5,4960,314,500,2025-09-11
2025-09-16,CD-SP,P1,38476,7821,23800,2025-09-11
2025-09-16,CD-SP,P2,19985,4777,15300,2025-09-11
2025-09-16,CD-SP,P3,5738,1215,4500,2025-09-11
2025-09-16,CD-SP,P4,17079,3276,12000,2025-09-11
2025-09-16,CD-SP,P5,3976,704,3500,2025-09-14
2025-09-16,CD-PR,P1,28655,3479,11200,2025-09-12
2025-09-16,CD-PR,P2,17418,2125,7200,2025-09-12
2025-09-16,CD-PR,P3,4355,540,1500,2025-09-12
2025-09-16,CD-PR,P4,10639,1458,6600,2025-09-12
2025-09-16,CD-PR,P5,3410,313,1000,2025-08-27
2025-09-16,CD-GO,P1,22671,2612,8400,2025-09-13
2025-09-16,CD-GO,P2,14107,1595,4950,2025-08-17
2025-09-16,CD-GO,P3,4208,406,1200,2025-08-26
2025-09-16,CD-GO,P4,8999,1095,3900,2025-09-13
2025-09-16,CD-GO,P5,2829,235,0,2025-08-19
2025-09-16,CD-PE,P1,36488,3488,13300,2025-08-12
2025-09-16,CD-PE,P2,23548,2131,8100,2025-09-11
2025-09-16,CD-PE,P3,6958,542,1800,2025-09-15
2025-09-16,CD-PE,P4,14029,1462,7800,2025-09-15
2025-09-16,CD-PE,P5,4948,314,500,2025-09-11
2025-09-17,CD-SP,P1,35207,7821,23800,2025-09-11
2025-09-17,CD-SP,P2,16563,4777,15300,2025-09-11
2025-09-17,CD-SP,P3,4805,1215,4500,2025-09-11
2025-09-17,CD-SP,P4,14949,3359,12000,2025-09-11
2025-09-17,CD-SP,P5,3315,704,3500,2025-09-14
2025-09-17,CD-PR,P1,24987,3479,11200,2025-09-12
2025-09-17,CD-PR,P2,16070,2125,7200,2025-09-12
2025-09-17,CD-PR,P3,4205,540,1500,2025-09-12
2025-09-17,CD-PR,P4,9889,1495,6600,2025-09-12
2025-09-17,CD-PR,P5,2785,313,1000,2025-08-27
2025-09-17,CD-GO,P1,19419,2613,8400,2025-09-13
2025-09-17,CD-GO,P2,11863,1596,4950,2025-08-17
2025-09-17,CD-GO,P3,3197,406,1200,2025-08-26
2025-09-17,CD-GO,P4,8594,1123,3900,2025-09-13
2025-09-17,CD-GO,P5,2817,235,0,2025-08-19
2025-09-17,CD-PE,P1,34600,3490,13300,2025-08-12
2025-09-17,CD-PE,P2,22678,2132,8100,2025-09-11
2025-09-17,CD-PE,P3,6166,542,1800,2025-09-15
2025-09-17,CD-PE,P4,13156,1500,7800,2025-09-15
2025-09-17,CD-PE,P5,4323,314,500,2025-09-11
2025-09-18,CD-SP,P1,51876,7821,0,2025-09-18
2025-09-18,CD-SP,P2,28161,4777,0,2025-09-18
2025-09-18,CD-SP,P3,8477,1215,0,2025-09-18
2025-09-18,CD-SP,P4,24354,3437,0,2025-09-18
2025-09-18,CD-SP,P5,2630,704,3500,2025-09-14
2025-09-18,CD-PR,P1,23479,3480,11200,2025-09-12
2025-09-18,CD-PR,P2,14256,2125,7200,2025-09-12
2025-09-18,CD-PR,P3,3527,540,1500,2025-09-12
2025-09-18,CD-PR,P4,9343,1530,6600,2025-09-12
2025-09-18,CD-PR,P5,2761,313,1000,2025-08-27
2025-09-18,CD-GO,P1,19160,2613,8400,2025-09-13
2025-09-18,CD-GO,P2,11827,1596,4950,2025-08-17
2025-09-18,CD-GO,P3,3179,406,1200,2025-08-26
2025-09-18,CD-GO,P4,8120,1149,3900,2025-09-13
2025-09-18,CD-GO,P5,2305,235,0,2025-08-19
2025-09-18,CD-PE,P1,46024,3491,0,2025-09-18
2025-09-18,CD-PE,P2,29552,2132,0,2025-09-18
2025-09-18,CD-PE,P3,6061,542,1800,2025-09-15
2025-09-18,CD-PE,P4,12358,1536,7800,2025-09-15
2025-09-18,CD-PE,P5,4799,314,0,2025-09-18
2025-09-19,CD-SP,P1,48588,7821,0,2025-09-18
2025-09-19,CD-SP,P2,26325,4777,0,2025-09-18
2025-09-19,CD-SP,P3,7661,1215,0,2025-09-18
2025-09-19,CD-SP,P4,23076,3509,0,2025-09-18
2025-09-19,CD-SP,P5,2606,704,3500,2025-09-14
2025-09-19,CD-PR,P1,34088,3480,0,2025-09-19
2025-09-19,CD-PR,P2,20664,2126,0,2025-09-19
2025-09-19,CD-PR,P3,4922,540,0,2025-09-19
2025-09-19,CD-PR,P4,15226,1562,0,2025-09-19
2025-09-19,CD-PR,P5,2743,313,1000,2025-08-27
2025-09-19,CD-GO,P1,17332,2614,8400,2025-09-13
2025-09-19,CD-GO,P2,11519,1596,4950,2025-08-17
2025-09-19,CD-GO,P3,3086,406,1200,2025-08-26
2025-09-19,CD-GO,P4,7784,1173,3900,2025-09-13
2025-09-19,CD-GO,P5,2156,235,0,2025-08-19
2025-09-19,CD-PE,P1,44196,3493,0,2025-09-18
2025-09-19,CD-PE,P2,28326,2133,0,2025-09-18
2025-09-19,CD-PE,P3,5350,542,1800,2025-09-15
2025-09-19,CD-PE,P4,12253,1568,7800,2025-09-15
2025-09-19,CD-PE,P5,4781,314,0,2025-09-18
2025-09-20,CD-SP,P1,48510,7821,0,2025-09-18
2025-09-20,CD-SP,P2,26295,4777,0,2025-09-18
2025-09-20,CD-SP,P3,7661,1215,0,2025-09-18
2025-09-20,CD-SP,P4,23022,3561,0,2025-09-18
2025-09-20,CD-SP,P5,2606,704,3500,2025-09-14
2025-09-20,CD-PR,P1,33388,3480,0,2025-09-19
2025-09-20,CD-PR,P2,20148,2126,0,2025-09-19
2025-09-20,CD-PR,P3,4922,541,0,2025-09-19
2025-09-20,CD-PR,P4,15226,1585,0,2025-09-19
2025-09-20,CD-PR,P5,2743,313,1000,2025-08-27
2025-09-20,CD-GO,P1,25732,2614,0,2025-09-20
2025-09-20,CD-GO,P2,16469,1597,0,2025-09-20
2025-09-20,CD-GO,P3,4286,406,0,2025-09-20
2025-09-20,CD-GO,P4,11684,1191,0,2025-09-20
2025-09-20,CD-GO,P5,2156,235,0,2025-08-19
2025-09-20,CD-PE,P1,44196,3494,0,2025-09-18
2025-09-20,CD-PE,P2,28326,2134,0,2025-09-18
2025-09-20,CD-PE,P3,5350,543,1800,2025-09-15
2025-09-20,CD-PE,P4,12253,1592,7800,2025-09-15
2025-09-20,CD-PE,P5,4781,314,0,2025-09-18
2025-09-21,CD-SP,P1,48510,7821,0,2025-09-18
2025-09-21,CD-SP,P2,26295,4777,0,2025-09-18
2025-09-21,CD-SP,P3,7661,1215,0,2025-09-18
2025-09-21,CD-SP,P4,23022,3561,0,2025-09-18
2025-09-21,CD-SP,P5,6106,704,0,2025-09-21
2025-09-21,CD-PR,P1,33388,3480,0,2025-09-19
2025-09-21,CD-PR,P2,20148,2126,0,2025-09-19
2025-09-21,CD-PR,P3,4922,541,0,2025-09-19
2025-09-21,CD-PR,P4,15226,1585,0,2025-09-19
2025-09-21,CD-PR,P5,2743,313,1000,2025-08-27
2025-09-21,CD-GO,P1,25732,2614,0,2025-09-20
2025-09-21,CD-GO,P2,16469,1597,0,2025-09-20
2025-09-21,CD-GO,P3,4286,406,0,2025-09-20
2025-09-21,CD-GO,P4,11684,1191,0,2025-09-20
2025-09-21,CD-GO,P5,2156,235,0,2025-08-19
2025-09-21,CD-PE,P1,44196,3494,0,2025-09-18
2025-09-21,CD-PE,P2,28326,2134,0,2025-09-18
2025-09-21,CD-PE,P3,5350,543,1800,2025-09-15
2025-09-21,CD-PE,P4,12253,1592,7800,2025-09-15
2025-09-21,CD-PE,P5,4781,314,0,2025-09-18
2025-09-22,CD-SP,P1,44088,7821,25900,2025-09-18
2025-09-22,CD-SP,P2,21907,4777,20250,2025-09-18
2025-09-22,CD-SP,P3,6503,1215,4800,2025-09-18
2025-09-22,CD-SP,P4,20679,3561,12600,2025-09-18
2025-09-22,CD-SP,P5,5951,704,1500,2025-09-21
2025-09-22,CD-PR,P1,31506,3480,11200,2025-09-19
2025-09-22,CD-PR,P2,18910,2126,7650,2025-09-19
2025-09-22,CD-PR,P3,4430,541,1500,2025-09-19
2025-09-22,CD-PR,P4,14434,1585,6000,2025-09-19
2025-09-22,CD-PR,P5,2082,313,2000,2025-08-27
2025-09-22,CD-GO,P1,25455,2614,7700,2025-09-20
2025-09-22,CD-GO,P2,15119,1597,4500,2025-09-20
2025-09-22,CD-GO,P3,4181,406,1200,2025-09-20
2025-09-22,CD-GO,P4,11267,1191,4200,2025-09-20
2025-09-22,CD-GO,P5,2126,235,1500,2025-08-19
2025-09-22,CD-PE,P1,41602,3494,11200,2025-09-18
2025-09-22,CD-PE,P2,26526,2134,6300,2025-09-18
2025-09-22,CD-PE,P3,7033,543,2100,2025-09-22
2025-09-22,CD-PE,P4,19336,1592,6600,2025-09-22
2025-09-22,CD-PE,P5,4251,314,1000,2025-09-18
2025-09-23,CD-SP,P1,37724,7821,25900,2025-09-18
2025-09-23,CD-SP,P2,18361,4777,20250,2025-09-18
2025-09-23,CD-SP,P3,6293,1215,4800,2025-09-18
2025-09-23,CD-SP,P4,18609,3649,12600,2025-09-18
2025-09-23,CD-SP,P5,5117,704,1500,2025-09-21
2025-09-23,CD-PR,P1,28001,3481,11200,2025-09-19
2025-09-23,CD-PR,P2,17098,2126,7650,2025-09-19
2025-09-23,CD-PR,P3,4013,541,1500,2025-09-19
2025-09-23,CD-PR,P4,14017,1624,6000,2025-09-19
2025-09-23,CD-PR,P5,3064,313,1000,2025-09-23
2025-09-23,CD-GO,P1,22722,2615,7700,2025-09-20
2025-09-23,CD-GO,P2,14135,1597,4500,2025-09-20
2025-09-23,CD-GO,P3,3770,406,1200,2025-09-20
2025-09-23,CD-GO,P4,10301,1220,4200,2025-09-20
2025-09-23,CD-GO,P5,1995,235,1500,2025-08-19
2025-09-23,CD-PE,P1,40577,3495,11200,2025-09-18
2025-09-23,CD-PE,P2,25744,2135,6300,2025-09-18
2025-09-23,CD-PE,P3,6898,543,2100,2025-09-22
2025-09-23,CD-PE,P4,18634,1632,6600,2025-09-22
2025-09-23,CD-PE,P5,4102,314,1000,2025-09-18
2025-09-24,CD-SP,P1,31915,7821,25900,2025-09-18
2025-09-24,CD-SP,P2,15801,4777,20250,2025-09-18
2025-09-24,CD-SP,P3,5678,1215,4800,2025-09-18
2025-09-24,CD-SP,P4,17595,3733,12600,2025-09-18
2025-09-24,CD-SP,P5,4575,704,1500,2025-09-21
2025-09-24,CD-PR,P1,25358,3481,11200,2025-09-19
2025-09-24,CD-PR,P2,15724,2126,7650,2025-09-19
2025-09-24,CD-PR,P3,3596,541,1500,2025-09-19
2025-09-24,CD-PR,P4,13525,1662,6000,2025-09-19
2025-09-24,CD-PR,P5,2927,313,1000,2025-09-23
2025-09-24,CD-GO,P1,21763,2615,7700,2025-09-20
2025-09-24,CD-GO,P2,12821,1598,4500,2025-09-20
2025-09-24,CD-GO,P3,3746,406,1200,2025-09-20
2025-09-24,CD-GO,P4,9614,1249,4200,2025-09-20
2025-09-24,CD-GO,P5,1953,235,1500,2025-08-19
2025-09-24,CD-PE,P1,37252,3497,11200,2025-09-18
2025-09-24,CD-PE,P2,23452,2136,6300,2025-09-18
2025-09-24,CD-PE,P3,5806,543,2100,2025-09-22
2025-09-24,CD-PE,P4,16681,1670,6600,2025-09-22
2025-09-24,CD-PE,P5,4102,315,1000,2025-09-18
2025-09-25,CD-SP,P1,52578,7821,0,2025-09-25
2025-09-25,CD-SP,P2,32859,4777,0,2025-09-25
2025-09-25,CD-SP,P3,9749,1215,0,2025-09-25
2025-09-25,CD-SP,P4,28269,3810,0,2025-09-25
2025-09-25,CD-SP,P5,3932,704,1500,2025-09-21
2025-09-25,CD-PR,P1,23561,3482,11200,2025-09-19
2025-09-25,CD-PR,P2,14030,2127,7650,2025-09-19
2025-09-25,CD-PR,P3,3485,541,1500,2025-09-19
2025-09-25,CD-PR,P4,12490,1696,6000,2025-09-19
2025-09-25,CD-PR,P5,2403,313,1000,2025-09-23
2025-09-25,CD-GO,P1,19917,2616,7700,2025-09-20
2025-09-25,CD-GO,P2,12755,1598,4500,2025-09-20
2025-09-25,CD-GO,P3,3341,406,1200,2025-09-20
2025-09-25,CD-GO,P4,9455,1275,4200,2025-09-20
2025-09-25,CD-GO,P5,1947,235,1500,2025-08-19
2025-09-25,CD-PE,P1,47005,3498,0,2025-09-25
2025-09-25,CD-PE,P2,28396,2137,0,2025-09-25
2025-09-25,CD-PE,P3,5689,543,2100,2025-09-22
2025-09-25,CD-PE,P4,16033,1705,6600,2025-09-22
2025-09-25,CD-PE,P5,4447,315,0,2025-09-25
2025-09-26,CD-SP,P1,48947,7821,0,2025-09-25
2025-09-26,CD-SP,P2,31017,4777,0,2025-09-25
2025-09-26,CD-SP,P3,8939,1215,0,2025-09-25
2025-09-26,CD-SP,P4,27465,3882,0,2025-09-25
2025-09-26,CD-SP,P5,3914,704,1500,2025-09-21
2025-09-26,CD-PR,P1,33615,3482,0,2025-09-26
2025-09-26,CD-PR,P2,20952,2127,0,2025-09-26
2025-09-26,CD-PR,P3,4286,541,0,2025-09-26
2025-09-26,CD-PR,P4,18316,1728,0,2025-09-26
2025-09-26,CD-PR,P5,2403,313,1000,2025-09-23
2025-09-26,CD-GO,P1,19851,2617,7700,2025-09-20
2025-09-26,CD-GO,P2,11477,1598,4500,2025-09-20
2025-09-26,CD-GO,P3,3248,406,1200,2025-09-20
2025-09-26,CD-GO,P4,9062,1299,4200,2025-09-20
2025-09-26,CD-GO,P5,1929,235,1500,2025-08-19
2025-09-26,CD-PE,P1,44417,3500,0,2025-09-25
2025-09-26,CD-PE,P2,27318,2138,0,2025-09-25
2025-09-26,CD-PE,P3,5371,543,2100,2025-09-22
2025-09-26,CD-PE,P4,15628,1738,6600,2025-09-22
2025-09-26,CD-PE,P5,4429,315,0,2025-09-25
2025-09-27,CD-SP,P1,48947,7821,0,2025-09-25
2025-09-27,CD-SP,P2,31017,4777,0,2025-09-25
2025-09-27,CD-SP,P3,8939,1215,0,2025-09-25
2025-09-27,CD-SP,P4,27465,3934,0,2025-09-25
2025-09-27,CD-SP,P5,3914,704,1500,2025-09-21
2025-09-27,CD-PR,P1,33615,3482,0,2025-09-26
2025-09-27,CD-PR,P2,20952,2127,0,2025-09-26
2025-09-27,CD-PR,P3,4286,541,0,2025-09-26
2025-09-27,CD-PR,P4,18316,1752,0,2025-09-26
2025-09-27,CD-PR,P5,2391,313,1000,2025-09-23
2025-09-27,CD-GO,P1,27551,2617,0,2025-09-27
2025-09-27,CD-GO,P2,15959,1598,0,2025-09-27
2025-09-27,CD-GO,P3,4448,406,0,2025-09-27
2025-09-27,CD-GO,P4,8687,1317,4200,2025-09-20
2025-09-27,CD-GO,P5,1429,235,1500,2025-08-19
2025-09-27,CD-PE,P1,44417,3501,0,2025-09-25
2025-09-27,CD-PE,P2,27318,2138,0,2025-09-25
2025-09-27,CD-PE,P3,5371,544,2100,2025-09-22
2025-09-27,CD-PE,P4,15628,1761,6600,2025-09-22
2025-09-27,CD-PE,P5,4429,315,0,2025-09-25
2025-09-28,CD-SP,P1,48947,7821,0,2025-09-25
2025-09-28,CD-SP,P2,31017,4777,0,2025-09-25
2025-09-28,CD-SP,P3,8939,1215,0,2025-09-25
2025-09-28,CD-SP,P4,27465,3934,0,2025-09-25
2025-09-28,CD-SP,P5,5414,704,0,2025-09-28
2025-09-28,CD-PR,P1,33615,3482,0,2025-09-26
2025-09-28,CD-PR,P2,20952,2127,0,2025-09-26
2025-09-28,CD-PR,P3,4286,541,0,2025-09-26
2025-09-28,CD-PR,P4,18316,1752,0,2025-09-26
2025-09-28,CD-PR,P5,2391,313,1000,2025-09-23
2025-09-28,CD-GO,P1,27551,2617,0,2025-09-27
2025-09-28,CD-GO,P2,15959,1598,0,2025-09-27
2025-09-28,CD-GO,P3,4448,406,0,2025-09-27
2025-09-28,CD-GO,P4,8687,1317,4200,2025-09-20
2025-09-28,CD-GO,P5,2929,235,0,2025-09-28
2025-09-28,CD-PE,P1,44417,3501,0,2025-09-25
2025-09-28,CD-PE,P2,27318,2138,0,2025-09-25
2025-09-28,CD-PE,P3,5371,544,2100,2025-09-22
2025-09-28,CD-PE,P4,15628,1761,6600,2025-09-22
2025-09-28,CD-PE,P5,4429,315,0,2025-09-25
2025-09-29,CD-SP,P1,44767,7821,25900,2025-09-25
2025-09-29,CD-SP,P2,27399,4777,15750,2025-09-25
2025-09-29,CD-SP,P3,8111,1215,0,2025-09-25
2025-09-29,CD-SP,P4,24255,3934,0,2025-09-25
2025-09-29,CD-SP,P5,4747,704,2500,2025-09-28
2025-09-29,CD-PR,P1,30840,3482,10500,2025-09-26
2025-09-29,CD-PR,P2,19696,2127,6750,2025-09-26
2025-09-29,CD-PR,P3,4175,541,0,2025-09-26
2025-09-29,CD-PR,P4,17560,1752,0,2025-09-26
2025-09-29,CD-PR,P5,2248,313,2000,2025-09-23
2025-09-29,CD-GO,P1,24800,2617,5600,2025-09-27
2025-09-29,CD-GO,P2,15307,1598,4950,2025-09-27
2025-09-29,CD-GO,P3,4043,406,0,2025-09-27
2025-09-29,CD-GO,P4,8201,1317,4200,2025-09-20
2025-09-29,CD-GO,P5,2667,235,500,2025-09-28
2025-09-29,CD-PE,P1,41618,3501,11200,2025-09-25
2025-09-29,CD-PE,P2,25424,2138,7650,2025-09-25
2025-09-29,CD-PE,P3,7060,544,0,2025-09-29
2025-09-29,CD-PE,P4,21037,1761,0,2025-09-29
2025-09-29,CD-PE,P5,4280,315,1500,2025-09-25
2025-09-30,CD-SP,P1,38493,7821,25900,2025-09-25
2025-09-30,CD-SP,P2,24267,4777,15750,2025-09-25
2025-09-30,CD-SP,P3,7583,1215,0,2025-09-25
2025-09-30,CD-SP,P4,22344,4022,0,2025-09-25
2025-09-30,CD-SP,P5,4122,704,2500,2025-09-28
2025-09-30,CD-PR,P1,28578,3483,10500,2025-09-26
2025-09-30,CD-PR,P2,18796,2127,6750,2025-09-26
2025-09-30,CD-PR,P3,4052,541,0,2025-09-26
2025-09-30,CD-PR,P4,16591,1791,0,2025-09-26
2025-09-30,CD-PR,P5,2230,313,2000,2025-09-23
2025-09-30,CD-GO,P1,23648,2618,5600,2025-09-27
2025-09-30,CD-GO,P2,14087,1599,4950,2025-09-27
2025-09-30,CD-GO,P3,3920,407,0,2025-09-27
2025-09-30,CD-GO,P4,11873,1346,0,2025-09-30
2025-09-30,CD-GO,P5,2631,235,500,2025-09-28
2025-09-30,CD-PE,P1,39724,3502,11200,2025-09-25
2025-09-30,CD-PE,P2,24144,2139,7650,2025-09-25
2025-09-30,CD-PE,P3,6643,544,0,2025-09-29
2025-09-30,CD-PE,P4,20308,1802,0,2025-09-29
2025-09-30,CD-PE,P5,4244,315,1500,2025-09-25
2025-10-01,CD-SP,P1,33118,7821,25900,2025-09-25
2025-10-01,CD-SP,P2,20653,4777,15750,2025-09-25
2025-10-01,CD-SP,P3,6680,1215,0,2025-09-25
2025-10-01,CD-SP,P4,19413,4106,0,2025-09-25
2025-10-01,CD-SP,P5,3913,704,2500,2025-09-28
2025-10-01,CD-PR,P1,27209,3483,10500,2025-09-26
2025-10-01,CD-PR,P2,16184,2127,6750,2025-09-26
2025-10-01,CD-PR,P3,3347,541,0,2025-09-26
2025-10-01,CD-PR,P4,14788,1829,0,2025-09-26
2025-10-01,CD-PR,P5,2081,313,2000,2025-09-23
2025-10-01,CD-GO,P1,22689,2618,5600,2025-09-27
2025-10-01,CD-GO,P2,13199,1599,4950,2025-09-27
2025-10-01,CD-GO,P3,3914,407,0,2025-09-27
2025-10-01,CD-GO,P4,11069,1375,0,2025-09-30
2025-10-01,CD-GO,P5,2613,236,500,2025-09-28
2025-10-01,CD-PE,P1,37160,3504,11200,2025-09-25
2025-10-01,CD-PE,P2,22918,2140,7650,2025-09-25
2025-10-01,CD-PE,P3,6532,544,0,2025-09-29
2025-10-01,CD-PE,P4,19705,1839,0,2025-09-29
2025-10-01,CD-PE,P5,4244,315,1500,2025-09-25
2025-10-02,CD-SP,P1,56050,7821,0,2025-10-02
2025-10-02,CD-SP,P2,19965,4777,13050,2025-10-02
2025-10-02,CD-SP,P3,6005,1215,0,2025-09-25
2025-10-02,CD-SP,P4,17655,4106,0,2025-09-25
2025-10-02,CD-SP,P5,3859,704,2500,2025-09-28
2025-10-02,CD-PR,P1,23559,3483,10500,2025-09-26
2025-10-02,CD-PR,P2,14828,2127,6750,2025-09-26
2025-10-02,CD-PR,P3,2918,541,0,2025-09-26
2025-10-02,CD-PR,P4,14167,1829,0,2025-09-26
2025-10-02,CD-PR,P5,2557,313,1000,2025-10-02
2025-10-02,CD-GO,P1,21573,2618,5600,2025-09-27
2025-10-02,CD-GO,P2,12091,1599,4950,2025-09-27
2025-10-02,CD-GO,P3,2846,407,0,2025-09-27
2025-10-02,CD-GO,P4,10565,1375,0,2025-09-30
2025-10-02,CD-GO,P5,2601,236,500,2025-09-28
2025-10-02,CD-PE,P1,46478,3504,0,2025-10-02
2025-10-02,CD-PE,P2,29330,2140,0,2025-10-02
2025-10-02,CD-PE,P3,5740,544,0,2025-09-29
2025-10-02,CD-PE,P4,18397,1839,0,2025-09-29
2025-10-02,CD-PE,P5,5101,315,0,2025-10-02
2025-10-03,CD-SP,P1,52461,7821,0,2025-10-02
2025-10-03,CD-SP,P2,17709,4777,13050,2025-10-02
2025-10-03,CD-SP,P3,5534,1215,0,2025-09-25
2025-10-03,CD-SP,P4,15705,4106,0,2025-09-25
2025-10-03,CD-SP,P5,2710,704,2500,2025-09-28
2025-10-03,CD-PR,P1,22437,3483,10500,2025-09-26
2025-10-03,CD-PR,P2,13732,2127,6750,2025-09-26
2025-10-03,CD-PR,P3,2894,541,0,2025-09-26
2025-10-03,CD-PR,P4,12682,1829,0,2025-09-26
2025-10-03,CD-PR,P5,2551,313,1000,2025-10-02
2025-10-03,CD-GO,P1,19890,2618,5600,2025-09-27
2025-10-03,CD-GO,P2,11813,1599,4950,2025-09-27
2025-10-03,CD-GO,P3,2723,407,0,2025-09-27
2025-10-03,CD-GO,P4,9860,1375,0,2025-09-30
2025-10-03,CD-GO,P5,2595,236,500,2025-09-28
2025-10-03,CD-PE,P1,45350,3504,0,2025-10-02
2025-10-03,CD-PE,P2,28590,2140,0,2025-10-02
2025-10-03,CD-PE,P3,5710,544,0,2025-09-29
2025-10-03,CD-PE,P4,16669,1839,0,2025-09-29
2025-10-03,CD-PE,P5,4577,315,0,2025-10-02
2025-10-04,CD-SP,P1,52461,7821,0,2025-10-02
2025-10-04,CD-SP,P2,17709,4777,13050,2025-10-02
2025-10-04,CD-SP,P3,5534,1215,0,2025-09-25
2025-10-04,CD-SP,P4,15405,4106,0,2025-09-25
2025-10-04,CD-SP,P5,2710,704,2500,2025-09-28
2025-10-04,CD-PR,P1,22437,3483,10500,2025-09-26
2025-10-04,CD-PR,P2,13620,2127,6750,2025-09-26
2025-10-04,CD-PR,P3,2819,541,0,2025-09-26
2025-10-04,CD-PR,P4,12682,1829,0,2025-09-26
2025-10-04,CD-PR,P5,2551,313,1000,2025-10-02
2025-10-04,CD-GO,P1,19890,2618,5600,2025-09-27
2025-10-04,CD-GO,P2,11813,1599,4950,2025-09-27
2025-10-04,CD-GO,P3,2711,407,0,2025-09-27
2025-10-04,CD-GO,P4,9860,1375,0,2025-09-30
2025-10-04,CD-GO,P5,2595,236,500,2025-09-28
2025-10-04,CD-PE,P1,45350,3504,0,2025-10-02
2025-10-04,CD-PE,P2,28590,2140,0,2025-10-02
2025-10-04,CD-PE,P3,5710,544,0,2025-09-29
2025-10-04,CD-PE,P4,16669,1839,0,2025-09-29
2025-10-04,CD-PE,P5,4577,315,0,2025-10-02
2025-10-05,CD-SP,P1,52461,7821,0,2025-10-02
2025-10-05,CD-SP,P2,30759,4777,0,2025-10-05
2025-10-05,CD-SP,P3,5534,1215,0,2025-09-25
2025-10-05,CD-SP,P4,15405,4106,0,2025-09-25
2025-10-05,CD-SP,P5,5210,704,0,2025-10-05
2025-10-05,CD-PR,P1,22437,3483,10500,2025-09-26
2025-10-05,CD-PR,P2,13620,2127,6750,2025-09-26
2025-10-05,CD-PR,P3,2819,541,0,2025-09-26
2025-10-05,CD-PR,P4,12682,1829,0,2025-09-26
2025-10-05,CD-PR,P5,2551,313,1000,2025-10-02
2025-10-05,CD-GO,P1,25490,2618,0,2025-10-05
2025-10-05,CD-GO,P2,16763,1599,0,2025-10-05
2025-10-05,CD-GO,P3,2711,407,0,2025-09-27
2025-10-05,CD-GO,P4,9860,1375,0,2025-09-30
2025-10-05,CD-GO,P5,3095,236,0,2025-10-05
2025-10-05,CD-PE,P1,45350,3504,0,2025-10-02
2025-10-05,CD-PE,P2,28590,2140,0,2025-10-02
2025-10-05,CD-PE,P3,5710,544,0,2025-09-29
2025-10-05,CD-PE,P4,16669,1839,0,2025-09-29
2025-10-05,CD-PE,P5,4577,315,0,2025-10-02
2025-10-06,CD-SP,P1,49584,7821,22400,2025-10-02
2025-10-06,CD-SP,P2,26721,4777,15750,2025-10-05
2025-10-06,CD-SP,P3,4607,1215,6900,2025-09-25
2025-10-06,CD-SP,P4,11562,4106,25800,2025-09-25
2025-10-06,CD-SP,P5,5085,704,2500,2025-10-05
2025-10-06,CD-PR,P1,19813,3483,21700,2025-09-26
2025-10-06,CD-PR,P2,12258,2127,12600,2025-09-26
2025-10-06,CD-PR,P3,2102,541,4500,2025-09-26
2025-10-06,CD-PR,P4,10420,1829,11700,2025-09-26
2025-10-06,CD-PR,P5,2533,313,2000,2025-10-02
2025-10-06,CD-GO,P1,24326,2618,7700,2025-10-05
2025-10-06,CD-GO,P2,15057,1599,4050,2025-10-05
2025-10-06,CD-GO,P3,2675,407,2700,2025-09-27
2025-10-06,CD-GO,P4,9032,1375,8400,2025-09-30
2025-10-06,CD-GO,P5,2452,236,500,2025-10-05
2025-10-06,CD-PE,P1,42738,3504,10500,2025-10-02
2025-10-06,CD-PE,P2,26902,2140,6300,2025-10-02
2025-10-06,CD-PE,P3,4900,544,3600,2025-09-29
2025-10-06,CD-PE,P4,15766,1839,14100,2025-09-29
2025-10-06,CD-PE,P5,4422,315,1000,2025-10-02
2025-10-07,CD-SP,P1,43105,7890,22400,2025-10-02
2025-10-07,CD-SP,P2,24671,4805,15750,2025-10-05
2025-10-07,CD-SP,P3,4085,1229,6900,2025-09-25
2025-10-07,CD-SP,P4,9255,4194,25800,2025-09-25
2025-10-07,CD-SP,P5,5043,704,2500,2025-10-05
2025-10-07,CD-PR,P1,17231,3514,21700,2025-09-26
2025-10-07,CD-PR,P2,11104,2140,12600,2025-09-26
2025-10-07,CD-PR,P3,1997,547,4500,2025-09-26
2025-10-07,CD-PR,P4,9037,1868,11700,2025-09-26
2025-10-07,CD-PR,P5,2896,313,1000,2025-10-07
2025-10-07,CD-GO,P1,22269,2642,7700,2025-10-05
2025-10-07,CD-GO,P2,13701,1609,4050,2025-10-05
2025-10-07,CD-GO,P3,2570,412,2700,2025-09-27
2025-10-07,CD-GO,P4,8447,1405,8400,2025-09-30
2025-10-07,CD-GO,P5,2428,236,500,2025-10-05
2025-10-07,CD-PE,P1,39945,3537,10500,2025-10-02
2025-10-07,CD-PE,P2,25534,2154,6300,2025-10-02
2025-10-07,CD-PE,P3,4477,551,3600,2025-09-29
2025-10-07,CD-PE,P4,14563,1880,14100,2025-09-29
2025-10-07,CD-PE,P5,4404,315,1000,2025-10-02
2025-10-08,CD-SP,P1,36897,7956,22400,2025-10-02
2025-10-08,CD-SP,P2,20431,4832,15750,2025-10-05
2025-10-08,CD-SP,P3,3257,1243,6900,2025-09-25
2025-10-08,CD-SP,P4,6792,4278,25800,2025-09-25
2025-10-08,CD-SP,P5,5043,704,2500,2025-10-05
2025-10-08,CD-PR,P1,15343,3544,21700,2025-09-26
2025-10-08,CD-PR,P2,9350,2152,12600,2025-09-26
2025-10-08,CD-PR,P3,1574,553,4500,2025-09-26
2025-10-08,CD-PR,P4,8320,1906,11700,2025-09-26
2025-10-08,CD-PR,P5,2878,313,1000,2025-10-07
2025-10-08,CD-GO,P1,21280,2665,7700,2025-10-05
2025-10-08,CD-GO,P2,12795,1618,4050,2025-10-05
2025-10-08,CD-GO,P3,2177,416,2700,2025-09-27
2025-10-08,CD-GO,P4,7655,1433,8400,2025-09-30
2025-10-08,CD-GO,P5,2404,236,500,2025-10-05
2025-10-08,CD-PE,P1,37188,3568,10500,2025-10-02
2025-10-08,CD-PE,P2,23846,2167,6300,2025-10-02
2025-10-08,CD-PE,P3,4372,557,3600,2025-09-29
2025-10-08,CD-PE,P4,13759,1919,14100,2025-09-29
2025-10-08,CD-PE,P5,4392,315,1000,2025-10-02
2025-10-09,CD-SP,P1,30539,8017,22400,2025-10-02
2025-10-09,CD-SP,P2,34777,4857,0,2025-10-09
2025-10-09,CD-SP,P3,9542,1255,0,2025-10-09
2025-10-09,CD-SP,P4,28992,4355,0,2025-10-09
2025-10-09,CD-SP,P5,3697,704,2500,2025-10-05
2025-10-09,CD-PR,P1,12592,3572,21700,2025-09-26
2025-10-09,CD-PR,P2,8124,2164,12600,2025-09-26
2025-10-09,CD-PR,P3,1169,559,4500,2025-09-26
2025-10-09,CD-PR,P4,7483,1940,11700,2025-09-26
2025-10-09,CD-PR,P5,2866,313,1000,2025-10-07
2025-10-09,CD-GO,P1,18734,2686,7700,2025-10-05
2025-10-09,CD-GO,P2,11101,1627,4050,2025-10-05
2025-10-09,CD-GO,P3,1766,421,2700,2025-09-27
2025-10-09,CD-GO,P4,7139,1459,8400,2025-09-30
2025-10-09,CD-GO,P5,2148,236,500,2025-10-05
2025-10-09,CD-PE,P1,45794,3597,0,2025-10-09
2025-10-09,CD-PE,P2,28932,2179,0,2025-10-09
2025-10-09,CD-PE,P3,4279,563,3600,2025-09-29
2025-10-09,CD-PE,P4,12451,1955,14100,2025-09-29
2025-10-09,CD-PE,P5,5237,316,0,2025-10-09
2025-10-10,CD-SP,P1,28416,8073,22400,2025-10-02
2025-10-10,CD-SP,P2,31733,4880,0,2025-10-09
2025-10-10,CD-SP,P3,8414,1267,0,2025-10-09
2025-10-10,CD-SP,P4,26787,4427,0,2025-10-09
2025-10-10,CD-SP,P5,3673,704,2500,2025-10-05
2025-10-10,CD-PR,P1,21922,3597,10500,2025-10-10
2025-10-10,CD-PR,P2,19368,2174,0,2025-10-10
2025-10-10,CD-PR,P3,5270,564,0,2025-10-10
2025-10-10,CD-PR,P4,18325,1973,0,2025-10-10
2025-10-10,CD-PR,P5,2735,313,1000,2025-10-07
2025-10-10,CD-GO,P1,18505,2706,7700,2025-10-05
2025-10-10,CD-GO,P2,10011,1635,4050,2025-10-05
2025-10-10,CD-GO,P3,1742,425,2700,2025-09-27
2025-10-10,CD-GO,P4,6434,1484,8400,2025-09-30
2025-10-10,CD-GO,P5,1624,236,500,2025-10-05
2025-10-10,CD-PE,P1,43972,3624,0,2025-10-09
2025-10-10,CD-PE,P2,27808,2190,0,2025-10-09
2025-10-10,CD-PE,P3,3604,569,3600,2025-09-29
2025-10-10,CD-PE,P4,11647,1988,14100,2025-09-29
2025-10-10,CD-PE,P5,5225,316,0,2025-10-09
2025-10-11,CD-SP,P1,27716,8114,22400,2025-10-02
2025-10-11,CD-SP,P2,31733,4896,0,2025-10-09
2025-10-11,CD-SP,P3,8414,1275,0,2025-10-09
2025-10-11,CD-SP,P4,26187,4479,0,2025-10-09
2025-10-11,CD-SP,P5,3548,704,2500,2025-10-05
2025-10-11,CD-PR,P1,32422,3616,0,2025-10-11
2025-10-11,CD-PR,P2,19368,2182,0,2025-10-10
2025-10-11,CD-PR,P3,5270,568,0,2025-10-10
2025-10-11,CD-PR,P4,18325,1996,0,2025-10-10
2025-10-11,CD-PR,P5,2735,313,1000,2025-10-07
2025-10-11,CD-GO,P1,26181,2720,0,2025-10-11
2025-10-11,CD-GO,P2,14061,1641,0,2025-10-11
2025-10-11,CD-GO,P3,4442,427,0,2025-10-11
2025-10-11,CD-GO,P4,14834,1502,0,2025-10-11
2025-10-11,CD-GO,P5,1624,236,500,2025-10-05
2025-10-11,CD-PE,P1,43954,3643,0,2025-10-09
2025-10-11,CD-PE,P2,27712,2198,0,2025-10-09
2025-10-11,CD-PE,P3,3562,573,3600,2025-09-29
2025-10-11,CD-PE,P4,11647,2012,14100,2025-09-29
2025-10-11,CD-PE,P5,5225,316,0,2025-10-09
2025-10-12,CD-SP,P1,27716,8114,22400,2025-10-02
2025-10-12,CD-SP,P2,31733,4896,0,2025-10-09
2025-10-12,CD-SP,P3,8414,1275,0,2025-10-09
2025-10-12,CD-SP,P4,26187,4479,0,2025-10-09
2025-10-12,CD-SP,P5,6048,704,0,2025-10-12
2025-10-12,CD-PR,P1,32422,3616,0,2025-10-11
2025-10-12,CD-PR,P2,19368,2182,0,2025-10-10
2025-10-12,CD-PR,P3,5270,568,0,2025-10-10
2025-10-12,CD-PR,P4,18325,1996,0,2025-10-10
2025-10-12,CD-PR,P5,2735,313,1000,2025-10-07
2025-10-12,CD-GO,P1,26181,2720,0,2025-10-11
2025-10-12,CD-GO,P2,14061,1641,0,2025-10-11
2025-10-12,CD-GO,P3,4442,427,0,2025-10-11
2025-10-12,CD-GO,P4,14834,1502,0,2025-10-11
2025-10-12,CD-GO,P5,2124,236,0,2025-10-12
2025-10-12,CD-PE,P1,43954,3643,0,2025-10-09
2025-10-12,CD-PE,P2,27712,2198,0,2025-10-09
2025-10-12,CD-PE,P3,3562,573,3600,2025-09-29
2025-10-12,CD-PE,P4,11647,2012,14100,2025-09-29
2025-10-12,CD-PE,P5,5225,316,0,2025-10-09
2025-10-13,CD-SP,P1,21339,8114,49700,2025-10-02
2025-10-13,CD-SP,P2,28139,4896,16200,2025-10-09
2025-10-13,CD-SP,P3,7181,1275,4800,2025-10-09
2025-10-13,CD-SP,P4,22140,4479,18600,2025-10-09
2025-10-13,CD-SP,P5,6012,704,1500,2025-10-12
2025-10-13,CD-PR,P1,29719,3616,13300,2025-10-11
2025-10-13,CD-PR,P2,18586,2182,9000,2025-10-10
2025-10-13,CD-PR,P3,5153,568,2400,2025-10-10
2025-10-13,CD-PR,P4,16711,1996,8400,2025-10-10
2025-10-13,CD-PR,P5,2711,313,2000,2025-10-07
2025-10-13,CD-GO,P1,24130,2720,8400,2025-10-11
2025-10-13,CD-GO,P2,12089,1641,7200,2025-10-11
2025-10-13,CD-GO,P3,4031,427,1500,2025-10-11
2025-10-13,CD-GO,P4,14705,1502,5100,2025-10-11
2025-10-13,CD-GO,P5,1618,236,1500,2025-10-12
2025-10-13,CD-PE,P1,41143,3643,14000,2025-10-09
2025-10-13,CD-PE,P2,26148,2198,8100,2025-10-09
2025-10-13,CD-PE,P3,7045,573,2700,2025-10-13
2025-10-13,CD-PE,P4,23923,2012,7800,2025-10-13
2025-10-13,CD-PE,P5,4707,316,500,2025-10-09
2025-10-14,CD-SP,P1,38214,8183,27300,2025-10-14
2025-10-14,CD-SP,P2,26523,4925,16200,2025-10-09
2025-10-14,CD-SP,P3,6254,1290,4800,2025-10-09
2025-10-14,CD-SP,P4,18507,4567,18600,2025-10-09
2025-10-14,CD-SP,P5,5202,704,1500,2025-10-12
2025-10-14,CD-PR,P1,26830,3647,13300,2025-10-11
2025-10-14,CD-PR,P2,16560,2195,9000,2025-10-10
2025-10-14,CD-PR,P3,4436,575,2400,2025-10-10
2025-10-14,CD-PR,P4,15190,2036,8400,2025-10-10
2025-10-14,CD-PR,P5,2669,314,1000,2025-10-14
2025-10-14,CD-GO,P1,21560,2744,8400,2025-10-11
2025-10-14,CD-GO,P2,10597,1651,7200,2025-10-11
2025-10-14,CD-GO,P3,3851,432,1500,2025-10-11
2025-10-14,CD-GO,P4,13508,1532,5100,2025-10-11
2025-10-14,CD-GO,P5,1600,236,1500,2025-10-12
2025-10-14,CD-PE,P1,39466,3676,14000,2025-10-09
2025-10-14,CD-PE,P2,23982,2212,8100,2025-10-09
2025-10-14,CD-PE,P3,6322,579,2700,2025-10-13
2025-10-14,CD-PE,P4,22261,2052,7800,2025-10-13
2025-10-14,CD-PE,P5,4064,316,500,2025-10-09
2025-10-15,CD-SP,P1,32634,8249,27300,2025-10-14
2025-10-15,CD-SP,P2,22909,4951,16200,2025-10-09
2025-10-15,CD-SP,P3,5426,1303,4800,2025-10-09
2025-10-15,CD-SP,P4,16503,4651,18600,2025-10-09
2025-10-15,CD-SP,P5,4666,704,1500,2025-10-12
2025-10-15,CD-PR,P1,24960,3677,13300,2025-10-11
2025-10-15,CD-PR,P2,15104,2207,9000,2025-10-10
2025-10-15,CD-PR,P3,4331,581,2400,2025-10-10
2025-10-15,CD-PR,P4,14506,2073,8400,2025-10-10
2025-10-15,CD-PR,P5,2490,314,1000,2025-10-14
2025-10-15,CD-GO,P1,20583,2766,8400,2025-10-11
2025-10-15,CD-GO,P2,8985,1660,7200,2025-10-11
2025-10-15,CD-GO,P3,3827,437,1500,2025-10-11
2025-10-15,CD-GO,P4,12212,1560,5100,2025-10-11
2025-10-15,CD-GO,P5,1582,236,1500,2025-10-12
2025-10-15,CD-PE,P1,36685,3707,14000,2025-10-09
2025-10-15,CD-PE,P2,21624,2225,8100,2025-10-09
2025-10-15,CD-PE,P3,5830,586,2700,2025-10-13
2025-10-15,CD-PE,P4,21628,2091,7800,2025-10-13
2025-10-15,CD-PE,P5,4064,316,500,2025-10-09
2025-10-16,CD-SP,P1,55748,8310,0,2025-10-16
2025-10-16,CD-SP,P2,36663,4976,0,2025-10-16
2025-10-16,CD-SP,P3,9716,1316,0,2025-10-16
2025-10-16,CD-SP,P4,31308,4729,0,2025-10-16
2025-10-16,CD-SP,P5,3820,704,1500,2025-10-12
2025-10-16,CD-PR,P1,22879,3704,13300,2025-10-11
2025-10-16,CD-PR,P2,14340,2218,9000,2025-10-10
2025-10-16,CD-PR,P3,3926,587,2400,2025-10-10
2025-10-16,CD-PR,P4,13408,2108,8400,2025-10-10
2025-10-16,CD-PR,P5,2347,314,1000,2025-10-14
2025-10-16,CD-GO,P1,19437,2787,8400,2025-10-11
2025-10-16,CD-GO,P2,7517,1669,7200,2025-10-11
2025-10-16,CD-GO,P3,3716,441,1500,2025-10-11
2025-10-16,CD-GO,P4,11714,1586,5100,2025-10-11
2025-10-16,CD-GO,P5,1451,236,1500,2025-10-12
2025-10-16,CD-PE,P1,48628,3736,0,2025-10-16
2025-10-16,CD-PE,P2,28380,2237,0,2025-10-16
2025-10-16,CD-PE,P3,5800,592,2700,2025-10-13
2025-10-16,CD-PE,P4,20113,2127,7800,2025-10-13
2025-10-16,CD-PE,P5,4391,316,0,2025-10-16
2025-10-17,CD-SP,P1,51718,8366,0,2025-10-16
2025-10-17,CD-SP,P2,33903,4999,0,2025-10-16
2025-10-17,CD-SP,P3,8993,1328,0,2025-10-16
2025-10-17,CD-SP,P4,29805,4800,0,2025-10-16
2025-10-17,CD-SP,P5,3665,704,1500,2025-10-12
2025-10-17,CD-PR,P1,34532,3730,0,2025-10-17
2025-10-17,CD-PR,P2,22362,2228,0,2025-10-17
2025-10-17,CD-PR,P3,5921,592,0,2025-10-17
2025-10-17,CD-PR,P4,21004,2140,0,2025-10-17
2025-10-17,CD-PR,P5,2210,314,1000,2025-10-14
2025-10-17,CD-GO,P1,18478,2807,8400,2025-10-11
2025-10-17,CD-GO,P2,6303,1677,7200,2025-10-11
2025-10-17,CD-GO,P3,3098,445,1500,2025-10-11
2025-10-17,CD-GO,P4,11297,1611,5100,2025-10-11
2025-10-17,CD-GO,P5,1427,236,1500,2025-10-12
2025-10-17,CD-PE,P1,46758,3763,0,2025-10-16
2025-10-17,CD-PE,P2,27610,2248,0,2025-10-16
2025-10-17,CD-PE,P3,5095,597,2700,2025-10-13
2025-10-17,CD-PE,P4,19297,2160,7800,2025-10-13
2025-10-17,CD-PE,P5,4236,316,0,2025-10-16
2025-10-18,CD-SP,P1,51543,8408,0,2025-10-16
2025-10-18,CD-SP,P2,33791,5016,0,2025-10-16
2025-10-18,CD-SP,P3,8993,1336,0,2025-10-16
2025-10-18,CD-SP,P4,29781,4853,0,2025-10-16
2025-10-18,CD-SP,P5,3665,704,1500,2025-10-12
2025-10-18,CD-PR,P1,34532,3748,0,2025-10-17
2025-10-18,CD-PR,P2,22250,2236,0,2025-10-17
2025-10-18,CD-PR,P3,5921,596,0,2025-10-17
2025-10-18,CD-PR,P4,21004,2163,0,2025-10-17
2025-10-18,CD-PR,P5,2210,314,1000,2025-10-14
2025-10-18,CD-GO,P1,26878,2821,0,2025-10-18
2025-10-18,CD-GO,P2,13503,1683,0,2025-10-18
2025-10-18,CD-GO,P3,4598,448,0,2025-10-18
2025-10-18,CD-GO,P4,16397,1629,0,2025-10-18
2025-10-18,CD-GO,P5,1427,236,1500,2025-10-12
2025-10-18,CD-PE,P1,46758,3783,0,2025-10-16
2025-10-18,CD-PE,P2,27610,2257,0,2025-10-16
2025-10-18,CD-PE,P3,5095,601,2700,2025-10-13
2025-10-18,CD-PE,P4,19297,2184,7800,2025-10-13
2025-10-18,CD-PE,P5,4236,316,0,2025-10-16
2025-10-19,CD-SP,P1,51543,8408,0,2025-10-16
2025-10-19,CD-SP,P2,33791,5016,0,2025-10-16
2025-10-19,CD-SP,P3,8993,1336,0,2025-10-16
2025-10-19,CD-SP,P4,29781,4853,0,2025-10-16
2025-10-19,CD-SP,P5,5165,704,0,2025-10-19
2025-10-19,CD-PR,P1,34532,3748,0,2025-10-17
2025-10-19,CD-PR,P2,22250,2236,0,2025-10-17
2025-10-19,CD-PR,P3,5921,596,0,2025-10-17
2025-10-19,CD-PR,P4,21004,2163,0,2025-10-17
2025-10-19,CD-PR,P5,2210,314,1000,2025-10-14
2025-10-19,CD-GO,P1,26878,2821,0,2025-10-18
2025-10-19,CD-GO,P2,13503,1683,0,2025-10-18
2025-10-19,CD-GO,P3,4598,448,0,2025-10-18
2025-10-19,CD-GO,P4,16397,1629,0,2025-10-18
2025-10-19,CD-GO,P5,2927,236,0,2025-10-19
2025-10-19,CD-PE,P1,46758,3783,0,2025-10-16
2025-10-19,CD-PE,P2,27610,2257,0,2025-10-16
2025-10-19,CD-PE,P3,5095,601,2700,2025-10-13
2025-10-19,CD-PE,P4,19297,2184,7800,2025-10-13
2025-10-19,CD-PE,P5,4236,316,0,2025-10-16
2025-10-20,CD-SP,P1,48268,8408,28700,2025-10-16
2025-10-20,CD-SP,P2,32215,5016,15300,2025-10-16
2025-10-20,CD-SP,P3,8495,1336,4800,2025-10-16
2025-10-20,CD-SP,P4,26865,4853,18600,2025-10-16
2025-10-20,CD-SP,P5,4504,704,2500,2025-10-19
2025-10-20,CD-PR,P1,31829,3748,13300,2025-10-17
2025-10-20,CD-PR,P2,20942,2236,6750,2025-10-17
2025-10-20,CD-PR,P3,5546,596,0,2025-10-17
2025-10-20,CD-PR,P4,19372,2163,0,2025-10-17
2025-10-20,CD-PR,P5,2192,314,2500,2025-10-14
2025-10-20,CD-GO,P1,24326,2821,9100,2025-10-18
2025-10-20,CD-GO,P2,12353,1683,8550,2025-10-18
2025-10-20,CD-GO,P3,4118,448,0,2025-10-18
2025-10-20,CD-GO,P4,15200,1629,0,2025-10-18
2025-10-20,CD-GO,P5,2915,236,500,2025-10-19
2025-10-20,CD-PE,P1,44152,3783,13300,2025-10-16
2025-10-20,CD-PE,P2,25910,2257,9000,2025-10-16
2025-10-20,CD-PE,P3,7747,601,0,2025-10-20
2025-10-20,CD-PE,P4,25894,2184,0,2025-10-20
2025-10-20,CD-PE,P5,3736,316,1500,2025-10-16
2025-10-21,CD-SP,P1,42531,8477,28700,2025-10-16
2025-10-21,CD-SP,P2,27645,5044,15300,2025-10-16
2025-10-21,CD-SP,P3,7661,1350,4800,2025-10-16
2025-10-21,CD-SP,P4,23817,4941,18600,2025-10-16
2025-10-21,CD-SP,P5,3658,704,2500,2025-10-19
2025-10-21,CD-PR,P1,29887,3779,13300,2025-10-17
2025-10-21,CD-PR,P2,18034,2249,6750,2025-10-17
2025-10-21,CD-PR,P3,5069,602,0,2025-10-17
2025-10-21,CD-PR,P4,16960,2203,0,2025-10-17
2025-10-21,CD-PR,P5,2680,314,1500,2025-10-21
2025-10-21,CD-GO,P1,23687,2845,9100,2025-10-18
2025-10-21,CD-GO,P2,10779,1693,8550,2025-10-18
2025-10-21,CD-GO,P3,4088,453,0,2025-10-18
2025-10-21,CD-GO,P4,14516,1659,0,2025-10-18
2025-10-21,CD-GO,P5,2766,236,500,2025-10-19
2025-10-21,CD-PE,P1,41546,3816,13300,2025-10-16
2025-10-21,CD-PE,P2,23488,2270,9000,2025-10-16
2025-10-21,CD-PE,P3,6874,608,0,2025-10-20
2025-10-21,CD-PE,P4,25084,2225,0,2025-10-20
2025-10-21,CD-PE,P5,3051,317,1500,2025-10-16
2025-10-22,CD-SP,P1,37011,8542,28700,2025-10-16
2025-10-22,CD-SP,P2,25269,5071,15300,2025-10-16
2025-10-22,CD-SP,P3,6461,1364,4800,2025-10-16
2025-10-22,CD-SP,P4,20172,5024,18600,2025-10-16
2025-10-22,CD-SP,P5,2473,704,2500,2025-10-19
2025-10-22,CD-PR,P1,28312,3809,13300,2025-10-17
2025-10-22,CD-PR,P2,17092,2261,6750,2025-10-17
2025-10-22,CD-PR,P3,4670,608,0,2025-10-17
2025-10-22,CD-PR,P4,15226,2241,0,2025-10-17
2025-10-22,CD-PR,P5,2662,314,1500,2025-10-21
2025-10-22,CD-GO,P1,21992,2868,9100,2025-10-18
2025-10-22,CD-GO,P2,9535,1702,8550,2025-10-18
2025-10-22,CD-GO,P3,3977,458,0,2025-10-18
2025-10-22,CD-GO,P4,13064,1687,0,2025-10-18
2025-10-22,CD-GO,P5,2748,236,500,2025-10-19
2025-10-22,CD-PE,P1,38777,3847,13300,2025-10-16
2025-10-22,CD-PE,P2,22250,2283,9000,2025-10-16
2025-10-22,CD-PE,P3,6370,614,0,2025-10-20
2025-10-22,CD-PE,P4,23899,2263,0,2025-10-20
2025-10-22,CD-PE,P5,3027,317,1500,2025-10-16
2025-10-23,CD-SP,P1,61030,8603,0,2025-10-23
2025-10-23,CD-SP,P2,36281,5096,0,2025-10-23
2025-10-23,CD-SP,P3,10259,1377,0,2025-10-23
2025-10-23,CD-SP,P4,36216,5102,0,2025-10-23
2025-10-23,CD-SP,P5,2300,704,2500,2025-10-19
2025-10-23,CD-PR,P1,25441,3837,13300,2025-10-17
2025-10-23,CD-PR,P2,14942,2272,6750,2025-10-17
2025-10-23,CD-PR,P3,4565,614,0,2025-10-17
2025-10-23,CD-PR,P4,14149,2275,0,2025-10-17
2025-10-23,CD-PR,P5,2525,314,1500,2025-10-21
2025-10-23,CD-GO,P1,21021,2889,9100,2025-10-18
2025-10-23,CD-GO,P2,8173,1711,8550,2025-10-18
2025-10-23,CD-GO,P3,3578,462,0,2025-10-18
2025-10-23,CD-GO,P4,11879,1713,0,2025-10-18
2025-10-23,CD-GO,P5,2730,236,500,2025-10-19
2025-10-23,CD-PE,P1,49320,3876,0,2025-10-23
2025-10-23,CD-PE,P2,30552,2295,0,2025-10-23
2025-10-23,CD-PE,P3,6340,620,0,2025-10-20
2025-10-23,CD-PE,P4,22222,2299,0,2025-10-20
2025-10-23,CD-PE,P5,4384,317,0,2025-10-23
2025-10-24,CD-SP,P1,56391,8228,0,2025-10-23
2025-10-24,CD-SP,P2,34297,4866,0,2025-10-23
2025-10-24,CD-SP,P3,9368,1318,0,2025-10-23
2025-10-24,CD-SP,P4,34410,4905,0,2025-10-23
2025-10-24,CD-SP,P5,2133,670,2500,2025-10-19
2025-10-24,CD-PR,P1,23649,3670,13300,2025-10-17
2025-10-24,CD-PR,P2,14202,2170,6750,2025-10-17
2025-10-24,CD-PR,P3,4235,588,0,2025-10-17
2025-10-24,CD-PR,P4,13351,2188,0,2025-10-17
2025-10-24,CD-PR,P5,2001,299,1500,2025-10-21
2025-10-24,CD-GO,P1,19905,2763,9100,2025-10-18
2025-10-24,CD-GO,P2,7089,1634,8550,2025-10-18
2025-10-24,CD-GO,P3,3560,443,0,2025-10-18
2025-10-24,CD-GO,P4,11663,1647,0,2025-10-18
2025-10-24,CD-GO,P5,2599,225,500,2025-10-19
2025-10-24,CD-PE,P1,48349,3708,0,2025-10-23
2025-10-24,CD-PE,P2,29284,2193,0,2025-10-23
2025-10-24,CD-PE,P3,6247,594,0,2025-10-20
2025-10-24,CD-PE,P4,20701,2211,0,2025-10-20
2025-10-24,CD-PE,P5,4378,302,0,2025-10-23
2025-10-25,CD-SP,P1,56391,8269,0,2025-10-23
2025-10-25,CD-SP,P2,34297,4883,0,2025-10-23
2025-10-25,CD-SP,P3,9368,1327,0,2025-10-23
2025-10-25,CD-SP,P4,34110,4957,0,2025-10-23
2025-10-25,CD-SP,P5,2133,670,2500,2025-10-19
2025-10-25,CD-PR,P1,23601,3688,13300,2025-10-17
2025-10-25,CD-PR,P2,14202,2178,6750,2025-10-17
2025-10-25,CD-PR,P3,4160,592,0,2025-10-17
2025-10-25,CD-PR,P4,13351,2211,0,2025-10-17
2025-10-25,CD-PR,P5,2001,299,1500,2025-10-21
2025-10-25,CD-GO,P1,19905,2777,9100,2025-10-18
2025-10-25,CD-GO,P2,8889,1640,6750,2025-10-25
2025-10-25,CD-GO,P3,3560,446,0,2025-10-18
2025-10-25,CD-GO,P4,11663,1665,0,2025-10-18
2025-10-25,CD-GO,P5,2599,225,500,2025-10-19
2025-10-25,CD-PE,P1,48349,3727,0,2025-10-23
2025-10-25,CD-PE,P2,29284,2201,0,2025-10-23
2025-10-25,CD-PE,P3,5947,598,0,2025-10-20
2025-10-25,CD-PE,P4,20665,2235,0,2025-10-20
2025-10-25,CD-PE,P5,4378,302,0,2025-10-23
2025-10-26,CD-SP,P1,56391,8269,0,2025-10-23
2025-10-26,CD-SP,P2,34297,4883,0,2025-10-23
2025-10-26,CD-SP,P3,9368,1327,0,2025-10-23
2025-10-26,CD-SP,P4,34110,4957,0,2025-10-23
2025-10-26,CD-SP,P5,4633,670,0,2025-10-26
2025-10-26,CD-PR,P1,23601,3688,13300,2025-10-17
2025-10-26,CD-PR,P2,14202,2178,6750,2025-10-17
2025-10-26,CD-PR,P3,4160,592,0,2025-10-17
2025-10-26,CD-PR,P4,13351,2211,0,2025-10-17
2025-10-26,CD-PR,P5,2001,299,1500,2025-10-21
2025-10-26,CD-GO,P1,29005,2777,0,2025-10-26
2025-10-26,CD-GO,P2,15639,1640,0,2025-10-26
2025-10-26,CD-GO,P3,3560,446,0,2025-10-18
2025-10-26,CD-GO,P4,11663,1665,0,2025-10-18
2025-10-26,CD-GO,P5,2599,225,500,2025-10-19
2025-10-26,CD-PE,P1,48349,3727,0,2025-10-23
2025-10-26,CD-PE,P2,29284,2201,0,2025-10-23
2025-10-26,CD-PE,P3,5947,598,0,2025-10-20
2025-10-26,CD-PE,P4,20665,2235,0,2025-10-20
2025-10-26,CD-PE,P5,4378,302,0,2025-10-23
2025-10-27,CD-SP,P1,51613,8269,22400,2025-10-23
2025-10-27,CD-SP,P2,30749,4883,13500,2025-10-23
2025-10-27,CD-SP,P3,8609,1327,0,2025-10-23
2025-10-27,CD-SP,P4,31692,4957,0,2025-10-23
2025-10-27,CD-SP,P5,3508,670,3000,2025-10-26
2025-10-27,CD-PR,P1,21134,3688,13300,2025-10-17
2025-10-27,CD-PR,P2,12958,2178,11250,2025-10-17
2025-10-27,CD-PR,P3,3425,592,0,2025-10-17
2025-10-27,CD-PR,P4,12280,2211,0,2025-10-17
2025-10-27,CD-PR,P5,1977,299,1500,2025-10-21
2025-10-27,CD-GO,P1,27811,2777,0,2025-10-26
2025-10-27,CD-GO,P2,14869,1640,5850,2025-10-26
2025-10-27,CD-GO,P3,3455,446,0,2025-10-18
2025-10-27,CD-GO,P4,10952,1665,0,2025-10-18
2025-10-27,CD-GO,P5,2081,225,500,2025-10-19
2025-10-27,CD-PE,P1,45556,3727,0,2025-10-23
2025-10-27,CD-PE,P2,27442,2201,0,2025-10-23
2025-10-27,CD-PE,P3,5518,598,0,2025-10-20
2025-10-27,CD-PE,P4,19045,2235,0,2025-10-20
2025-10-27,CD-PE,P5,3705,302,0,2025-10-23
2025-10-28,CD-SP,P1,46444,8338,22400,2025-10-23
2025-10-28,CD-SP,P2,27451,4911,13500,2025-10-23
2025-10-28,CD-SP,P3,7301,1341,0,2025-10-23
2025-10-28,CD-SP,P4,29598,5045,0,2025-10-23
2025-10-28,CD-SP,P5,3263,670,3000,2025-10-26
2025-10-28,CD-PR,P1,32003,3719,0,2025-10-28
2025-10-28,CD-PR,P2,17890,2191,4500,2025-10-28
2025-10-28,CD-PR,P3,3233,598,0,2025-10-17
2025-10-28,CD-PR,P4,10516,2251,0,2025-10-17
2025-10-28,CD-PR,P5,3328,299,0,2025-10-28
2025-10-28,CD-GO,P1,25458,2801,0,2025-10-26
2025-10-28,CD-GO,P2,14211,1650,5850,2025-10-26
2025-10-28,CD-GO,P3,3119,451,0,2025-10-18
2025-10-28,CD-GO,P4,10130,1695,0,2025-10-18
2025-10-28,CD-GO,P5,2063,225,0,2025-10-28
2025-10-28,CD-PE,P1,42057,3760,0,2025-10-23
2025-10-28,CD-PE,P2,25630,2215,0,2025-10-23
2025-10-28,CD-PE,P3,4756,605,0,2025-10-20
2025-10-28,CD-PE,P4,17038,2275,0,2025-10-20
2025-10-28,CD-PE,P5,3544,302,0,2025-10-23
2025-10-29,CD-SP,P1,40761,8404,22400,2025-10-23
2025-10-29,CD-SP,P2,23927,4938,13500,2025-10-23
2025-10-29,CD-SP,P3,6374,1355,0,2025-10-23
2025-10-29,CD-SP,P4,25287,5129,0,2025-10-23
2025-10-29,CD-SP,P5,2763,670,3000,2025-10-26
2025-10-29,CD-PR,P1,30314,3749,0,2025-10-28
2025-10-29,CD-PR,P2,16682,2203,4500,2025-10-28
2025-10-29,CD-PR,P3,2522,604,0,2025-10-17
2025-10-29,CD-PR,P4,9712,2288,0,2025-10-17
2025-10-29,CD-PR,P5,2685,299,0,2025-10-28
2025-10-29,CD-GO,P1,24089,2824,0,2025-10-26
2025-10-29,CD-GO,P2,13045,1659,5850,2025-10-26
2025-10-29,CD-GO,P3,2645,455,0,2025-10-18
2025-10-29,CD-GO,P4,9146,1724,0,2025-10-18
2025-10-29,CD-GO,P5,2045,225,0,2025-10-28
2025-10-29,CD-PE,P1,39958,3791,0,2025-10-23
2025-10-29,CD-PE,P2,23830,2228,0,2025-10-23
2025-10-29,CD-PE,P3,4609,611,0,2025-10-20
2025-10-29,CD-PE,P4,15817,2314,0,2025-10-20
2025-10-29,CD-PE,P5,3014,302,0,2025-10-23
2025-10-30,CD-SP,P1,36104,8465,22400,2025-10-23
2025-10-30,CD-SP,P2,21321,4963,13500,2025-10-23
2025-10-30,CD-SP,P3,5858,1367,0,2025-10-23
2025-10-30,CD-SP,P4,22830,5206,0,2025-10-23
2025-10-30,CD-SP,P5,1774,670,3000,2025-10-26
2025-10-30,CD-PR,P1,27569,3777,0,2025-10-28
2025-10-30,CD-PR,P2,15462,2214,4500,2025-10-28
2025-10-30,CD-PR,P3,2417,610,0,2025-10-17
2025-10-30,CD-PR,P4,8398,2323,0,2025-10-17
2025-10-30,CD-PR,P5,2673,299,0,2025-10-28
2025-10-30,CD-GO,P1,22237,2845,0,2025-10-26
2025-10-30,CD-GO,P2,12109,1668,5850,2025-10-26
2025-10-30,CD-GO,P3,2546,460,0,2025-10-18
2025-10-30,CD-GO,P4,8024,1750,0,2025-10-18
2025-10-30,CD-GO,P5,1908,225,0,2025-10-28
2025-10-30,CD-PE,P1,38082,3820,0,2025-10-23
2025-10-30,CD-PE,P2,22580,2240,0,2025-10-23
2025-10-30,CD-PE,P3,4192,617,0,2025-10-20
2025-10-30,CD-PE,P4,14932,2350,0,2025-10-20
2025-10-30,CD-PE,P5,2871,302,0,2025-10-23
2025-10-31,CD-SP,P1,32544,8521,22400,2025-10-23
2025-10-31,CD-SP,P2,18283,4986,13500,2025-10-23
2025-10-31,CD-SP,P3,5141,1379,0,2025-10-23
2025-10-31,CD-SP,P4,20718,5278,0,2025-10-23
2025-10-31,CD-SP,P5,1226,670,3000,2025-10-26
2025-10-31,CD-PR,P1,25910,3802,0,2025-10-28
2025-10-31,CD-PR,P2,14260,2225,4500,2025-10-28
2025-10-31,CD-PR,P3,2417,615,0,2025-10-17
2025-10-31,CD-PR,P4,6889,2355,0,2025-10-17
2025-10-31,CD-PR,P5,2661,299,0,2025-10-28
2025-10-31,CD-GO,P1,21308,2865,0,2025-10-26
2025-10-31,CD-GO,P2,11499,1676,5850,2025-10-26
2025-10-31,CD-GO,P3,2528,464,0,2025-10-18
2025-10-31,CD-GO,P4,7427,1774,0,2025-10-18
2025-10-31,CD-GO,P5,1902,225,0,2025-10-28
2025-10-31,CD-PE,P1,35512,3847,0,2025-10-23
2025-10-31,CD-PE,P2,22058,2251,0,2025-10-23
2025-10-31,CD-PE,P3,3817,623,0,2025-10-20
2025-10-31,CD-PE,P4,14182,2383,0,2025-10-20
2025-10-31,CD-PE,P5,2371,302,0,2025-10-23
2025-11-01,CD-SP,P1,32412,8562,22400,2025-10-23
2025-11-01,CD-SP,P2,18283,5002,13500,2025-10-23
2025-11-01,CD-SP,P3,5141,1388,0,2025-10-23
2025-11-01,CD-SP,P4,20718,5330,0,2025-10-23
2025-11-01,CD-SP,P5,1226,670,3000,2025-10-26
2025-11-01,CD-PR,P1,25910,3821,0,2025-10-28
2025-11-01,CD-PR,P2,14260,2232,4500,2025-10-28
2025-11-01,CD-PR,P3,2399,619,0,2025-10-17
2025-11-01,CD-PR,P4,6889,2379,0,2025-10-17
2025-11-01,CD-PR,P5,2661,299,0,2025-10-28
2025-11-01,CD-GO,P1,21308,2879,0,2025-10-26
2025-11-01,CD-GO,P2,11499,1682,5850,2025-10-26
2025-11-01,CD-GO,P3,2528,467,0,2025-10-18
2025-11-01,CD-GO,P4,7427,1792,0,2025-10-18
2025-11-01,CD-GO,P5,1902,225,0,2025-10-28
2025-11-01,CD-PE,P1,35512,3867,0,2025-10-23
2025-11-01,CD-PE,P2,21946,2259,0,2025-10-23
2025-11-01,CD-PE,P3,3787,627,0,2025-10-20
2025-11-01,CD-PE,P4,14116,2407,0,2025-10-20
2025-11-01,CD-PE,P5,2353,302,0,2025-10-23
2025-11-02,CD-SP,P1,54812,8562,0,2025-11-02
2025-11-02,CD-SP,P2,31783,5002,0,2025-11-02
2025-11-02,CD-SP,P3,5141,1388,0,2025-10-23
2025-11-02,CD-SP,P4,20718,5330,0,2025-10-23
2025-11-02,CD-SP,P5,4226,670,0,2025-11-02
2025-11-02,CD-PR,P1,25910,3821,0,2025-10-28
2025-11-02,CD-PR,P2,14260,2232,4500,2025-10-28
2025-11-02,CD-PR,P3,2399,619,0,2025-10-17
2025-11-02,CD-PR,P4,6889,2379,0,2025-10-17
2025-11-02,CD-PR,P5,2661,299,0,2025-10-28
2025-11-02,CD-GO,P1,21308,2879,0,2025-10-26
2025-11-02,CD-GO,P2,17349,1682,0,2025-11-02
2025-11-02,CD-GO,P3,2528,467,0,2025-10-18
2025-11-02,CD-GO,P4,7427,1792,0,2025-10-18
2025-11-02,CD-GO,P5,1902,225,0,2025-10-28
2025-11-02,CD-PE,P1,35512,3867,0,2025-10-23
2025-11-02,CD-PE,P2,21946,2259,0,2025-10-23
2025-11-02,CD-PE,P3,3787,627,0,2025-10-20
2025-11-02,CD-PE,P4,14116,2407,0,2025-10-20
2025-11-02,CD-PE,P5,2353,302,0,2025-10-23
2025-11-03,CD-SP,P1,45805,8562,26600,2025-11-02
2025-11-03,CD-SP,P2,26815,5002,17100,2025-11-02
2025-11-03,CD-SP,P3,4544,1388,9000,2025-10-23
2025-11-03,CD-SP,P4,16341,5330,32700,2025-10-23
2025-11-03,CD-SP,P5,3541,670,3000,2025-11-02
2025-11-03,CD-PR,P1,23902,3821,22400,2025-10-28
2025-11-03,CD-PR,P2,13022,2232,14850,2025-10-28
2025-11-03,CD-PR,P3,1865,619,6000,2025-10-17
2025-11-03,CD-PR,P4,5800,2379,24900,2025-10-17
2025-11-03,CD-PR,P5,2512,299,1000,2025-10-28
2025-11-03,CD-GO,P1,19414,2879,15400,2025-10-26
2025-11-03,CD-GO,P2,16561,1682,4500,2025-11-02
2025-11-03,CD-GO,P3,2498,467,3900,2025-10-18
2025-11-03,CD-GO,P4,6917,1792,16500,2025-10-18
2025-11-03,CD-GO,P5,1884,225,1500,2025-10-28
2025-11-03,CD-PE,P1,31657,3867,25900,2025-10-23
2025-11-03,CD-PE,P2,19578,2259,14850,2025-10-23
2025-11-03,CD-PE,P3,3370,627,6900,2025-10-20
2025-11-03,CD-PE,P4,12820,2407,22500,2025-10-20
2025-11-03,CD-PE,P5,2168,302,3000,2025-10-23
2025-11-04,CD-SP,P1,40437,8609,26600,2025-11-02
2025-11-04,CD-SP,P2,23119,5031,17100,2025-11-02
2025-11-04,CD-SP,P3,3437,1398,9000,2025-10-23
2025-11-04,CD-SP,P4,12255,5286,32700,2025-10-23
2025-11-04,CD-SP,P5,2743,670,3000,2025-11-02
2025-11-04,CD-PR,P1,19154,3842,22400,2025-10-28
2025-11-04,CD-PR,P2,15300,2245,10350,2025-11-04
2025-11-04,CD-PR,P3,1160,624,6000,2025-10-17
2025-11-04,CD-PR,P4,3622,2359,24900,2025-10-17
2025-11-04,CD-PR,P5,1982,299,1000,2025-10-28
2025-11-04,CD-GO,P1,17532,2895,15400,2025-10-26
2025-11-04,CD-GO,P2,14755,1692,4500,2025-11-02
2025-11-04,CD-GO,P3,1712,470,3900,2025-10-18
2025-11-04,CD-GO,P4,5528,1778,16500,2025-10-18
2025-11-04,CD-GO,P5,1866,225,1500,2025-10-28
2025-11-04,CD-PE,P1,28786,3890,25900,2025-10-23
2025-11-04,CD-PE,P2,18174,2273,14850,2025-10-23
2025-11-04,CD-PE,P3,3241,632,6900,2025-10-20
2025-11-04,CD-PE,P4,10582,2388,22500,2025-10-20
2025-11-04,CD-PE,P5,1501,303,3000,2025-10-23
2025-11-05,CD-SP,P1,35430,8652,26600,2025-11-02
2025-11-05,CD-SP,P2,19465,5057,17100,2025-11-02
2025-11-05,CD-SP,P3,2447,1409,9000,2025-10-23
2025-11-05,CD-SP,P4,7107,5244,32700,2025-10-23
2025-11-05,CD-SP,P5,2719,670,3000,2025-11-02
2025-11-05,CD-PR,P1,16578,3862,22400,2025-10-28
2025-11-05,CD-PR,P2,13708,2257,10350,2025-11-04
2025-11-05,CD-PR,P3,662,629,6000,2025-10-17
2025-11-05,CD-PR,P4,1561,2341,24900,2025-10-17
2025-11-05,CD-PR,P5,1309,299,1000,2025-10-28
2025-11-05,CD-GO,P1,15680,2911,15400,2025-10-26
2025-11-05,CD-GO,P2,13601,1701,4500,2025-11-02
2025-11-05,CD-GO,P3,1301,474,3900,2025-10-18
2025-11-05,CD-GO,P4,4400,1764,16500,2025-10-18
2025-11-05,CD-GO,P5,1735,225,1500,2025-10-28
2025-11-05,CD-PE,P1,26874,3911,25900,2025-10-23
2025-11-05,CD-PE,P2,17890,2286,14850,2025-10-23
2025-11-05,CD-PE,P3,2812,637,6900,2025-10-20
2025-11-05,CD-PE,P4,9982,2370,22500,2025-10-20
2025-11-05,CD-PE,P5,1501,303,3000,2025-10-23
2025-11-06,CD-SP,P1,57584,8693,0,2025-11-06
2025-11-06,CD-SP,P2,33367,5082,0,2025-11-06
2025-11-06,CD-SP,P3,10544,1418,0,2025-11-06
2025-11-06,CD-SP,P4,36810,5206,0,2025-11-06
2025-11-06,CD-SP,P5,2558,670,3000,2025-11-02
2025-11-06,CD-PR,P1,14690,3880,22400,2025-10-28
2025-11-06,CD-PR,P2,12494,2269,10350,2025-11-04
2025-11-06,CD-PR,P3,287,633,6000,2025-10-17
2025-11-06,CD-PR,P4,811,2324,24900,2025-10-17
2025-11-06,CD-PR,P5,1160,299,1000,2025-10-28
2025-11-06,CD-GO,P1,15397,2925,15400,2025-10-26
2025-11-06,CD-GO,P2,12445,1710,4500,2025-11-02
2025-11-06,CD-GO,P3,1265,477,3900,2025-10-18
2025-11-06,CD-GO,P4,3809,1751,16500,2025-10-18
2025-11-06,CD-GO,P5,1717,225,1500,2025-10-28
2025-11-06,CD-PE,P1,49293,3932,0,2025-11-06
2025-11-06,CD-PE,P2,29974,2299,0,2025-11-06
2025-11-06,CD-PE,P3,2014,641,6900,2025-10-20
2025-11-06,CD-PE,P4,8077,2354,22500,2025-10-20
2025-11-06,CD-PE,P5,3971,303,0,2025-11-06
2025-11-07,CD-SP,P1,53645,8731,0,2025-11-06
2025-11-07,CD-SP,P2,31275,5105,0,2025-11-06
2025-11-07,CD-SP,P3,10121,1427,0,2025-11-06
2025-11-07,CD-SP,P4,34815,5170,0,2025-11-06
2025-11-07,CD-SP,P5,1385,670,3000,2025-11-02
2025-11-07,CD-PR,P1,35238,3898,0,2025-11-07
2025-11-07,CD-PR,P2,21612,2279,0,2025-11-07
2025-11-07,CD-PR,P3,6140,637,0,2025-11-07
2025-11-07,CD-PR,P4,24766,2308,0,2025-11-07
2025-11-07,CD-PR,P5,1142,299,1000,2025-10-28
2025-11-07,CD-GO,P1,13575,2939,15400,2025-10-26
2025-11-07,CD-GO,P2,12167,1718,4500,2025-11-02
2025-11-07,CD-GO,P3,1091,480,3900,2025-10-18
2025-11-07,CD-GO,P4,2393,1740,16500,2025-10-18
2025-11-07,CD-GO,P5,1586,225,1500,2025-10-28
2025-11-07,CD-PE,P1,47441,3950,0,2025-11-06
2025-11-07,CD-PE,P2,29434,2310,0,2025-11-06
2025-11-07,CD-PE,P3,1597,646,6900,2025-10-20
2025-11-07,CD-PE,P4,7279,2338,22500,2025-10-20
2025-11-07,CD-PE,P5,3828,303,0,2025-11-06
2025-11-08,CD-SP,P1,52945,8758,0,2025-11-06
2025-11-08,CD-SP,P2,31051,5122,0,2025-11-06
2025-11-08,CD-SP,P3,10121,1433,0,2025-11-06
2025-11-08,CD-SP,P4,34797,5144,0,2025-11-06
2025-11-08,CD-SP,P5,1385,670,3000,2025-11-02
2025-11-08,CD-PR,P1,35238,3910,0,2025-11-07
2025-11-08,CD-PR,P2,21612,2287,0,2025-11-07
2025-11-08,CD-PR,P3,6140,640,0,2025-11-07
2025-11-08,CD-PR,P4,24766,2296,0,2025-11-07
2025-11-08,CD-PR,P5,1142,299,1000,2025-10-28
2025-11-08,CD-GO,P1,28975,2948,0,2025-11-08
2025-11-08,CD-GO,P2,16667,1724,0,2025-11-08
2025-11-08,CD-GO,P3,4991,482,0,2025-11-08
2025-11-08,CD-GO,P4,18893,1731,0,2025-11-08
2025-11-08,CD-GO,P5,1586,225,1500,2025-10-28
2025-11-08,CD-PE,P1,47441,3964,0,2025-11-06
2025-11-08,CD-PE,P2,29210,2318,0,2025-11-06
2025-11-08,CD-PE,P3,1597,649,6900,2025-10-20
2025-11-08,CD-PE,P4,7279,2327,22500,2025-10-20
2025-11-08,CD-PE,P5,3828,303,0,2025-11-06
2025-11-09,CD-SP,P1,52945,8758,0,2025-11-06
2025-11-09,CD-SP,P2,31051,5122,0,2025-11-06
2025-11-09,CD-SP,P3,10121,1433,0,2025-11-06
2025-11-09,CD-SP,P4,34797,5144,0,2025-11-06
2025-11-09,CD-SP,P5,1385,670,3000,2025-11-02
2025-11-09,CD-PR,P1,35238,3910,0,2025-11-07
2025-11-09,CD-PR,P2,21612,2287,0,2025-11-07
2025-11-09,CD-PR,P3,6140,640,0,2025-11-07
2025-11-09,CD-PR,P4,24766,2296,0,2025-11-07
2025-11-09,CD-PR,P5,1142,299,1000,2025-10-28
2025-11-09,CD-GO,P1,28975,2948,0,2025-11-08
2025-11-09,CD-GO,P2,16667,1724,0,2025-11-08
2025-11-09,CD-GO,P3,4991,482,0,2025-11-08
2025-11-09,CD-GO,P4,18893,1731,0,2025-11-08
2025-11-09,CD-GO,P5,3086,225,0,2025-11-09
2025-11-09,CD-PE,P1,47441,3964,0,2025-11-06
2025-11-09,CD-PE,P2,29210,2318,0,2025-11-06
2025-11-09,CD-PE,P3,1597,649,6900,2025-10-20
2025-11-09,CD-PE,P4,7279,2327,22500,2025-10-20
2025-11-09,CD-PE,P5,3828,303,0,2025-11-06
2025-11-10,CD-SP,P1,45218,8758,30800,2025-11-06
2025-11-10,CD-SP,P2,26785,5122,18900,2025-11-06
2025-11-10,CD-SP,P3,8876,1433,4500,2025-11-06
2025-11-10,CD-SP,P4,30909,5144,16500,2025-11-06
2025-11-10,CD-SP,P5,1200,670,6000,2025-11-02
2025-11-10,CD-PR,P1,29241,3910,14700,2025-11-07
2025-11-10,CD-PR,P2,19776,2287,8100,2025-11-07
2025-11-10,CD-PR,P3,5423,640,2700,2025-11-07
2025-11-10,CD-PR,P4,21904,2296,6000,2025-11-07
2025-11-10,CD-PR,P5,1124,299,3500,2025-10-28
2025-11-10,CD-GO,P1,27105,2948,8400,2025-11-08
2025-11-10,CD-GO,P2,16341,1724,5850,2025-11-08
2025-11-10,CD-GO,P3,4574,482,1500,2025-11-08
2025-11-10,CD-GO,P4,18254,1731,4200,2025-11-08
2025-11-10,CD-GO,P5,3074,225,0,2025-11-09
2025-11-10,CD-PE,P1,44624,3964,15400,2025-11-06
2025-11-10,CD-PE,P2,26924,2318,8550,2025-11-06
2025-11-10,CD-PE,P3,7987,649,2700,2025-11-10
2025-11-10,CD-PE,P4,28558,2327,600,2025-11-10
2025-11-10,CD-PE,P5,3816,303,2000,2025-11-06
2025-11-11,CD-SP,P1,39125,8804,30800,2025-11-06
2025-11-11,CD-SP,P2,21765,5150,18900,2025-11-06
2025-11-11,CD-SP,P3,7943,1444,4500,2025-11-06
2025-11-11,CD-SP,P4,25998,5100,16500,2025-11-06
2025-11-11,CD-SP,P5,3533,670,3000,2025-11-11
2025-11-11,CD-PR,P1,21478,3931,14700,2025-11-07
2025-11-11,CD-PR,P2,18300,2300,8100,2025-11-07
2025-11-11,CD-PR,P3,5000,645,2700,2025-11-07
2025-11-11,CD-PR,P4,19519,2277,6000,2025-11-07
2025-11-11,CD-PR,P5,1987,299,2500,2025-11-11
2025-11-11,CD-GO,P1,25941,2965,8400,2025-11-08
2025-11-11,CD-GO,P2,14511,1734,5850,2025-11-08
2025-11-11,CD-GO,P3,4244,486,1500,2025-11-08
2025-11-11,CD-GO,P4,16670,1717,4200,2025-11-08
2025-11-11,CD-GO,P5,3056,226,0,2025-11-09
2025-11-11,CD-PE,P1,41813,3987,15400,2025-11-06
2025-11-11,CD-PE,P2,25100,2332,8550,2025-11-06
2025-11-11,CD-PE,P3,7387,654,2700,2025-11-10
2025-11-11,CD-PE,P4,27268,2308,600,2025-11-10
2025-11-11,CD-PE,P5,3810,303,2000,2025-11-06
2025-11-12,CD-SP,P1,32797,8848,30800,2025-11-06
2025-11-12,CD-SP,P2,18579,5177,18900,2025-11-06
2025-11-12,CD-SP,P3,6998,1454,4500,2025-11-06
2025-11-12,CD-SP,P4,21810,5058,16500,2025-11-06
2025-11-12,CD-SP,P5,2854,670,3000,2025-11-11
2025-11-12,CD-PR,P1,17798,3951,14700,2025-11-07
2025-11-12,CD-PR,P2,16602,2312,8100,2025-11-07
2025-11-12,CD-PR,P3,4484,649,2700,2025-11-07
2025-11-12,CD-PR,P4,18124,2259,6000,2025-11-07
2025-11-12,CD-PR,P5,1463,299,2500,2025-11-11
2025-11-12,CD-GO,P1,23878,2980,8400,2025-11-08
2025-11-12,CD-GO,P2,12865,1744,5850,2025-11-08
2025-11-12,CD-GO,P3,4058,490,1500,2025-11-08
2025-11-12,CD-GO,P4,15866,1703,4200,2025-11-08
2025-11-12,CD-GO,P5,3038,226,0,2025-11-09
2025-11-12,CD-PE,P1,38350,4008,15400,2025-11-06
2025-11-12,CD-PE,P2,23850,2345,8550,2025-11-06
2025-11-12,CD-PE,P3,7072,659,2700,2025-11-10
2025-11-12,CD-PE,P4,26176,2290,600,2025-11-10
2025-11-12,CD-PE,P5,3673,303,2000,2025-11-06
2025-11-13,CD-SP,P1,58095,8888,0,2025-11-13
2025-11-13,CD-SP,P2,34435,5202,0,2025-11-13
2025-11-13,CD-SP,P3,10283,1464,0,2025-11-13
2025-11-13,CD-SP,P4,36249,5019,0,2025-11-13
2025-11-13,CD-SP,P5,2675,670,3000,2025-11-11
2025-11-13,CD-PR,P1,13069,3970,14700,2025-11-07
2025-11-13,CD-PR,P2,14908,2323,8100,2025-11-07
2025-11-13,CD-PR,P3,4073,654,2700,2025-11-07
2025-11-13,CD-PR,P4,15985,2241,6000,2025-11-07
2025-11-13,CD-PR,P5,945,299,2500,2025-11-11
2025-11-13,CD-GO,P1,22213,2995,8400,2025-11-08
2025-11-13,CD-GO,P2,12675,1752,5850,2025-11-08
2025-11-13,CD-GO,P3,3722,493,1500,2025-11-08
2025-11-13,CD-GO,P4,14582,1690,4200,2025-11-08
2025-11-13,CD-GO,P5,3020,226,0,2025-11-09
2025-11-13,CD-PE,P1,51162,4029,0,2025-11-13
2025-11-13,CD-PE,P2,30612,2358,0,2025-11-13
2025-11-13,CD-PE,P3,6367,663,2700,2025-11-10
2025-11-13,CD-PE,P4,24154,2274,600,2025-11-10
2025-11-13,CD-PE,P5,3649,304,2000,2025-11-06
2025-11-14,CD-SP,P1,56623,8926,0,2025-11-13
2025-11-14,CD-SP,P2,31585,5225,0,2025-11-13
2025-11-14,CD-SP,P3,9779,1472,0,2025-11-13
2025-11-14,CD-SP,P4,32571,4983,0,2025-11-13
2025-11-14,CD-SP,P5,2508,670,3000,2025-11-11
2025-11-14,CD-PR,P1,24071,3987,0,2025-11-14
2025-11-14,CD-PR,P2,21794,2334,0,2025-11-14
2025-11-14,CD-PR,P3,6356,658,0,2025-11-14
2025-11-14,CD-PR,P4,20863,2226,0,2025-11-14
2025-11-14,CD-PR,P5,814,299,2500,2025-11-11
2025-11-14,CD-GO,P1,20379,3008,8400,2025-11-08
2025-11-14,CD-GO,P2,11503,1761,5850,2025-11-08
2025-11-14,CD-GO,P3,3635,496,1500,2025-11-08
2025-11-14,CD-GO,P4,13655,1679,4200,2025-11-08
2025-11-14,CD-GO,P5,3014,226,0,2025-11-09
2025-11-14,CD-PE,P1,49992,4047,0,2025-11-13
2025-11-14,CD-PE,P2,29830,2369,0,2025-11-13
2025-11-14,CD-PE,P3,6349,668,2700,2025-11-10
2025-11-14,CD-PE,P4,21778,2258,600,2025-11-10
2025-11-14,CD-PE,P5,3643,304,2000,2025-11-06
2025-11-15,CD-SP,P1,55031,8953,0,2025-11-13
2025-11-15,CD-SP,P2,31361,5241,0,2025-11-13
2025-11-15,CD-SP,P3,9779,1479,0,2025-11-13
2025-11-15,CD-SP,P4,32571,4957,0,2025-11-13
2025-11-15,CD-SP,P5,2008,670,3000,2025-11-11
2025-11-15,CD-PR,P1,24071,4000,0,2025-11-14
2025-11-15,CD-PR,P2,21794,2341,0,2025-11-14
2025-11-15,CD-PR,P3,6356,661,0,2025-11-14
2025-11-15,CD-PR,P4,20788,2214,0,2025-11-14
2025-11-15,CD-PR,P5,814,299,2500,2025-11-11
2025-11-15,CD-GO,P1,28779,3018,0,2025-11-15
2025-11-15,CD-GO,P2,17353,1766,0,2025-11-15
2025-11-15,CD-GO,P3,5135,498,0,2025-11-15
2025-11-15,CD-GO,P4,17855,1670,0,2025-11-15
2025-11-15,CD-GO,P5,3014,226,0,2025-11-09
2025-11-15,CD-PE,P1,49992,4061,0,2025-11-13
2025-11-15,CD-PE,P2,29830,2377,0,2025-11-13
2025-11-15,CD-PE,P3,6349,671,2700,2025-11-10
2025-11-15,CD-PE,P4,21628,2247,600,2025-11-10
2025-11-15,CD-PE,P5,3643,304,2000,2025-11-06
2025-11-16,CD-SP,P1,55031,8953,0,2025-11-13
2025-11-16,CD-SP,P2,31361,5241,0,2025-11-13
2025-11-16,CD-SP,P3,9779,1479,0,2025-11-13
2025-11-16,CD-SP,P4,32571,4957,0,2025-11-13
2025-11-16,CD-SP,P5,5008,670,0,2025-11-16
2025-11-16,CD-PR,P1,24071,4000,0,2025-11-14
2025-11-16,CD-PR,P2,21794,2341,0,2025-11-14
2025-11-16,CD-PR,P3,6356,661,0,2025-11-14
2025-11-16,CD-PR,P4,20788,2214,0,2025-11-14
2025-11-16,CD-PR,P5,814,299,2500,2025-11-11
2025-11-16,CD-GO,P1,28779,3018,0,2025-11-15
2025-11-16,CD-GO,P2,17353,1766,0,2025-11-15
2025-11-16,CD-GO,P3,5135,498,0,2025-11-15
2025-11-16,CD-GO,P4,17855,1670,0,2025-11-15
2025-11-16,CD-GO,P5,3014,226,0,2025-11-09
2025-11-16,CD-PE,P1,49992,4061,0,2025-11-13
2025-11-16,CD-PE,P2,29830,2377,0,2025-11-13
2025-11-16,CD-PE,P3,6349,671,2700,2025-11-10
2025-11-16,CD-PE,P4,21628,2247,600,2025-11-10
2025-11-16,CD-PE,P5,3643,304,2000,2025-11-06
2025-11-17,CD-SP,P1,48486,8953,30100,2025-11-13
2025-11-17,CD-SP,P2,30153,5241,19800,2025-11-13
2025-11-17,CD-SP,P3,8999,1479,0,2025-11-13
2025-11-17,CD-SP,P4,27996,4957,0,2025-11-13
2025-11-17,CD-SP,P5,4329,670,2500,2025-11-16
2025-11-17,CD-PR,P1,16982,4000,26600,2025-11-14
2025-11-17,CD-PR,P2,20426,2341,1800,2025-11-14
2025-11-17,CD-PR,P3,5945,661,0,2025-11-14
2025-11-17,CD-PR,P4,17866,2214,0,2025-11-14
2025-11-17,CD-PR,P5,778,299,2500,2025-11-11
2025-11-17,CD-GO,P1,27597,3018,0,2025-11-15
2025-11-17,CD-GO,P2,16103,1766,0,2025-11-15
2025-11-17,CD-GO,P3,5111,498,0,2025-11-15
2025-11-17,CD-GO,P4,16229,1670,0,2025-11-15
2025-11-17,CD-GO,P5,2240,226,0,2025-11-09
2025-11-17,CD-PE,P1,46252,4061,0,2025-11-13
2025-11-17,CD-PE,P2,27592,2377,0,2025-11-13
2025-11-17,CD-PE,P3,8626,671,0,2025-11-17
2025-11-17,CD-PE,P4,20365,2247,0,2025-11-17
2025-11-17,CD-PE,P5,3625,304,2000,2025-11-06
2025-11-18,CD-SP,P1,42550,9000,30100,2025-11-13
2025-11-18,CD-SP,P2,24669,5269,19800,2025-11-13
2025-11-18,CD-SP,P3,7256,1489,0,2025-11-13
2025-11-18,CD-SP,P4,21339,4913,0,2025-11-13
2025-11-18,CD-SP,P5,3656,670,2500,2025-11-16
2025-11-18,CD-PR,P1,12313,4021,26600,2025-11-14
2025-11-18,CD-PR,P2,18070,2354,1800,2025-11-14
2025-11-18,CD-PR,P3,5570,665,0,2025-11-14
2025-11-18,CD-PR,P4,15847,2195,0,2025-11-14
2025-11-18,CD-PR,P5,3135,299,0,2025-11-18
2025-11-18,CD-GO,P1,25721,3034,0,2025-11-15
2025-11-18,CD-GO,P2,14883,1776,0,2025-11-15
2025-11-18,CD-GO,P3,4307,502,0,2025-11-15
2025-11-18,CD-GO,P4,15551,1656,0,2025-11-15
2025-11-18,CD-GO,P5,1722,226,0,2025-11-09
2025-11-18,CD-PE,P1,42536,4084,0,2025-11-13
2025-11-18,CD-PE,P2,25578,2391,0,2025-11-13
2025-11-18,CD-PE,P3,8128,676,0,2025-11-17
2025-11-18,CD-PE,P4,18196,2228,0,2025-11-17
2025-11-18,CD-PE,P5,4476,304,0,2025-11-18
2025-11-19,CD-SP,P1,37729,9043,30100,2025-11-13
2025-11-19,CD-SP,P2,21591,5296,19800,2025-11-13
2025-11-19,CD-SP,P3,6056,1500,0,2025-11-13
2025-11-19,CD-SP,P4,18522,4871,0,2025-11-13
2025-11-19,CD-SP,P5,3495,670,2500,2025-11-16
2025-11-19,CD-PR,P1,6553,4041,26600,2025-11-14
2025-11-19,CD-PR,P2,16748,2366,1800,2025-11-14
2025-11-19,CD-PR,P3,4718,670,0,2025-11-14
2025-11-19,CD-PR,P4,14800,2176,0,2025-11-14
2025-11-19,CD-PR,P5,3129,299,0,2025-11-18
2025-11-19,CD-GO,P1,24629,3049,0,2025-11-15
2025-11-19,CD-GO,P2,14475,1786,0,2025-11-15
2025-11-19,CD-GO,P3,3896,506,0,2025-11-15
2025-11-19,CD-GO,P4,14018,1642,0,2025-11-15
2025-11-19,CD-GO,P5,1210,226,0,2025-11-09
2025-11-19,CD-PE,P1,39743,4106,0,2025-11-13
2025-11-19,CD-PE,P2,24328,2404,0,2025-11-13
2025-11-19,CD-PE,P3,7705,681,0,2025-11-17
2025-11-19,CD-PE,P4,16780,2211,0,2025-11-17
2025-11-19,CD-PE,P5,4327,304,0,2025-11-18
2025-11-20,CD-SP,P1,37495,9084,30100,2025-11-13
2025-11-20,CD-SP,P2,21483,5321,19800,2025-11-13
2025-11-20,CD-SP,P3,5963,1509,0,2025-11-13
2025-11-20,CD-SP,P4,18456,4832,0,2025-11-13
2025-11-20,CD-SP,P5,3495,670,2500,2025-11-16
2025-11-20,CD-PR,P1,6553,4059,26600,2025-11-14
2025-11-20,CD-PR,P2,16298,2378,1800,2025-11-14
2025-11-20,CD-PR,P3,4718,674,0,2025-11-14
2025-11-20,CD-PR,P4,13840,2159,0,2025-11-14
2025-11-20,CD-PR,P5,3099,299,0,2025-11-18
2025-11-20,CD-GO,P1,24551,3064,0,2025-11-15
2025-11-20,CD-GO,P2,14439,1795,0,2025-11-15
2025-11-20,CD-GO,P3,3896,509,0,2025-11-15
2025-11-20,CD-GO,P4,14018,1629,0,2025-11-15
2025-11-20,CD-GO,P5,1210,226,0,2025-11-09
2025-11-20,CD-PE,P1,39743,4126,0,2025-11-13
2025-11-20,CD-PE,P2,24328,2417,0,2025-11-13
2025-11-20,CD-PE,P3,7705,685,0,2025-11-17
2025-11-20,CD-PE,P4,16681,2194,0,2025-11-17
2025-11-20,CD-PE,P5,4327,304,0,2025-11-18
2025-11-21,CD-SP,P1,31209,9553,30100,2025-11-13
2025-11-21,CD-SP,P2,18669,5596,19800,2025-11-13
2025-11-21,CD-SP,P3,5447,1588,0,2025-11-13
2025-11-21,CD-SP,P4,15252,5065,0,2025-11-13
2025-11-21,CD-SP,P5,3477,704,2500,2025-11-16
2025-11-21,CD-PR,P1,3928,4269,26600,2025-11-14
2025-11-21,CD-PR,P2,15534,2501,1800,2025-11-14
2025-11-21,CD-PR,P3,4643,710,0,2025-11-14
2025-11-21,CD-PR,P4,13237,2263,0,2025-11-14
2025-11-21,CD-PR,P5,2968,314,0,2025-11-18
2025-11-21,CD-GO,P1,22711,3222,0,2025-11-15
2025-11-21,CD-GO,P2,12911,1888,0,2025-11-15
2025-11-21,CD-GO,P3,3872,536,0,2025-11-15
2025-11-21,CD-GO,P4,13121,1708,0,2025-11-15
2025-11-21,CD-GO,P5,1198,237,0,2025-11-09
2025-11-21,CD-PE,P1,37891,4339,0,2025-11-13
2025-11-21,CD-PE,P2,23204,2542,0,2025-11-13
2025-11-21,CD-PE,P3,7294,721,0,2025-11-17
2025-11-21,CD-PE,P4,16327,2300,0,2025-11-17
2025-11-21,CD-PE,P5,4285,320,0,2025-11-18
2025-11-22,CD-SP,P1,31209,9581,30100,2025-11-13
2025-11-22,CD-SP,P2,18445,5613,19800,2025-11-13
2025-11-22,CD-SP,P3,5447,1594,0,2025-11-13
2025-11-22,CD-SP,P4,15252,5039,0,2025-11-13
2025-11-22,CD-SP,P5,3477,704,2500,2025-11-16
2025-11-22,CD-PR,P1,3748,4282,26600,2025-11-14
2025-11-22,CD-PR,P2,15534,2508,1800,2025-11-14
2025-11-22,CD-PR,P3,4601,712,0,2025-11-14
2025-11-22,CD-PR,P4,12937,2252,0,2025-11-14
2025-11-22,CD-PR,P5,2968,314,0,2025-11-18
2025-11-22,CD-GO,P1,22711,3232,0,2025-11-15
2025-11-22,CD-GO,P2,12911,1894,0,2025-11-15
2025-11-22,CD-GO,P3,3872,538,0,2025-11-15
2025-11-22,CD-GO,P4,13121,1700,0,2025-11-15
2025-11-22,CD-GO,P5,1198,237,0,2025-11-09
2025-11-22,CD-PE,P1,37891,4353,0,2025-11-13
2025-11-22,CD-PE,P2,23102,2550,0,2025-11-13
2025-11-22,CD-PE,P3,7294,724,0,2025-11-17
2025-11-22,CD-PE,P4,16165,2289,0,2025-11-17
2025-11-22,CD-PE,P5,4285,320,0,2025-11-18
2025-11-23,CD-SP,P1,61309,9581,0,2025-11-23
2025-11-23,CD-SP,P2,38245,5613,0,2025-11-23
2025-11-23,CD-SP,P3,5447,1594,0,2025-11-13
2025-11-23,CD-SP,P4,15252,5039,0,2025-11-13
2025-11-23,CD-SP,P5,5977,704,0,2025-11-23
2025-11-23,CD-PR,P1,3748,4282,26600,2025-11-14
2025-11-23,CD-PR,P2,15534,2508,1800,2025-11-14
2025-11-23,CD-PR,P3,4601,712,0,2025-11-14
2025-11-23,CD-PR,P4,12937,2252,0,2025-11-14
2025-11-23,CD-PR,P5,2968,314,0,2025-11-18
2025-11-23,CD-GO,P1,22711,3232,0,2025-11-15
2025-11-23,CD-GO,P2,12911,1894,0,2025-11-15
2025-11-23,CD-GO,P3,3872,538,0,2025-11-15
2025-11-23,CD-GO,P4,13121,1700,0,2025-11-15
2025-11-23,CD-GO,P5,1198,237,0,2025-11-09
2025-11-23,CD-PE,P1,37891,4353,0,2025-11-13
2025-11-23,CD-PE,P2,23102,2550,0,2025-11-13
2025-11-23,CD-PE,P3,7294,724,0,2025-11-17
2025-11-23,CD-PE,P4,16165,2289,0,2025-11-17
2025-11-23,CD-PE,P5,4285,320,0,2025-11-18
2025-11-24,CD-SP,P1,53419,9581,0,2025-11-23
2025-11-24,CD-SP,P2,33371,5613,0,2025-11-23
2025-11-24,CD-SP,P3,3809,1594,0,2025-11-13
2025-11-24,CD-SP,P4,9195,5039,0,2025-11-13
2025-11-24,CD-SP,P5,4798,704,0,2025-11-23
2025-11-24,CD-PR,P1,61,4282,26600,2025-11-14
2025-11-24,CD-PR,P2,13184,2508,1800,2025-11-14
2025-11-24,CD-PR,P3,3779,712,0,2025-11-14
2025-11-24,CD-PR,P4,10678,2252,0,2025-11-14
2025-11-24,CD-PR,P5,2450,314,0,2025-11-18
2025-11-24,CD-GO,P1,19930,3232,0,2025-11-15
2025-11-24,CD-GO,P2,11993,1894,0,2025-11-15
2025-11-24,CD-GO,P3,3761,538,0,2025-11-15
2025-11-24,CD-GO,P4,11807,1700,0,2025-11-15
2025-11-24,CD-GO,P5,1049,237,0,2025-11-09
2025-11-24,CD-PE,P1,35291,4353,0,2025-11-13
2025-11-24,CD-PE,P2,21160,2550,0,2025-11-13
2025-11-24,CD-PE,P3,6871,724,0,2025-11-17
2025-11-24,CD-PE,P4,13747,2289,0,2025-11-17
2025-11-24,CD-PE,P5,4148,320,0,2025-11-18
2025-11-25,CD-SP,P1,48900,9627,0,2025-11-23
2025-11-25,CD-SP,P2,30285,5641,0,2025-11-23
2025-11-25,CD-SP,P3,2864,1605,0,2025-11-13
2025-11-25,CD-SP,P4,4857,4995,0,2025-11-13
2025-11-25,CD-SP,P5,4488,704,0,2025-11-23
2025-11-25,CD-PR,P1,24502,4303,0,2025-11-25
2025-11-25,CD-PR,P2,13224,2521,0,2025-11-25
2025-11-25,CD-PR,P3,3368,717,0,2025-11-14
2025-11-25,CD-PR,P4,9415,2232,0,2025-11-14
2025-11-25,CD-PR,P5,1932,314,0,2025-11-18
2025-11-25,CD-GO,P1,18754,3248,0,2025-11-15
2025-11-25,CD-GO,P2,10767,1903,0,2025-11-15
2025-11-25,CD-GO,P3,3350,542,0,2025-11-15
2025-11-25,CD-GO,P4,11099,1685,0,2025-11-15
2025-11-25,CD-GO,P5,1025,237,0,2025-11-09
2025-11-25,CD-PE,P1,32528,4376,0,2025-11-13
2025-11-25,CD-PE,P2,18850,2564,0,2025-11-13
2025-11-25,CD-PE,P3,6355,730,0,2025-11-17
2025-11-25,CD-PE,P4,10645,2270,0,2025-11-17
2025-11-25,CD-PE,P5,3618,320,0,2025-11-18
2025-11-26,CD-SP,P1,43351,9671,0,2025-11-23
2025-11-26,CD-SP,P2,27247,5668,0,2025-11-23
2025-11-26,CD-SP,P3,2078,1615,0,2025-11-13
2025-11-26,CD-SP,P4,27,4953,0,2025-11-13
2025-11-26,CD-SP,P5,4363,704,0,2025-11-23
2025-11-26,CD-PR,P1,21811,4323,0,2025-11-25
2025-11-26,CD-PR,P2,11910,2534,0,2025-11-25
2025-11-26,CD-PR,P3,2912,722,0,2025-11-14
2025-11-26,CD-PR,P4,7951,2214,0,2025-11-14
2025-11-26,CD-PR,P5,1807,315,0,2025-11-18
2025-11-26,CD-GO,P1,16962,3264,0,2025-11-15
2025-11-26,CD-GO,P2,9891,1913,0,2025-11-15
2025-11-26,CD-GO,P3,2864,545,0,2025-11-15
2025-11-26,CD-GO,P4,7934,1672,0,2025-11-15
2025-11-26,CD-GO,P5,1013,237,0,2025-11-09
2025-11-26,CD-PE,P1,29113,4398,0,2025-11-13
2025-11-26,CD-PE,P2,17128,2577,0,2025-11-13
2025-11-26,CD-PE,P3,5545,734,0,2025-11-17
2025-11-26,CD-PE,P4,8005,2252,0,2025-11-17
2025-11-26,CD-PE,P5,3475,320,0,2025-11-18
2025-11-27,CD-SP,P1,38688,9711,0,2025-11-23
2025-11-27,CD-SP,P2,23283,5693,0,2025-11-23
2025-11-27,CD-SP,P3,1289,1625,0,2025-11-13
2025-11-27,CD-SP,P4,9,4914,0,2025-11-13
2025-11-27,CD-SP,P5,3773,704,0,2025-11-23
2025-11-27,CD-PR,P1,19628,4341,0,2025-11-25
2025-11-27,CD-PR,P2,10602,2545,0,2025-11-25
2025-11-27,CD-PR,P3,2453,726,0,2025-11-14
2025-11-27,CD-PR,P4,5983,2197,0,2025-11-14
2025-11-27,CD-PR,P5,1783,315,0,2025-11-18
2025-11-27,CD-GO,P1,16613,3278,0,2025-11-15
2025-11-27,CD-GO,P2,8303,1922,0,2025-11-15
2025-11-27,CD-GO,P3,2759,548,0,2025-11-15
2025-11-27,CD-GO,P4,6047,1659,0,2025-11-15
2025-11-27,CD-GO,P5,1007,238,0,2025-11-09
2025-11-27,CD-PE,P1,26019,4418,0,2025-11-13
2025-11-27,CD-PE,P2,15818,2590,0,2025-11-13
2025-11-27,CD-PE,P3,5122,739,0,2025-11-17
2025-11-27,CD-PE,P4,6055,2235,0,2025-11-17
2025-11-27,CD-PE,P5,3457,320,0,2025-11-18
2025-11-28,CD-SP,P1,34966,9280,0,2025-11-23
2025-11-28,CD-SP,P2,20263,5441,0,2025-11-23
2025-11-28,CD-SP,P3,305,1555,0,2025-11-13
2025-11-28,CD-SP,P4,9,4646,0,2025-11-13
2025-11-28,CD-SP,P5,3136,670,0,2025-11-23
2025-11-28,CD-PR,P1,17866,4149,0,2025-11-25
2025-11-28,CD-PR,P2,8842,2432,0,2025-11-25
2025-11-28,CD-PR,P3,2342,695,0,2025-11-14
2025-11-28,CD-PR,P4,4207,2077,0,2025-11-14
2025-11-28,CD-PR,P5,1771,299,0,2025-11-18
2025-11-28,CD-GO,P1,14079,3133,0,2025-11-15
2025-11-28,CD-GO,P2,8019,1837,0,2025-11-15
2025-11-28,CD-GO,P3,2759,525,0,2025-11-15
2025-11-28,CD-GO,P4,4178,1569,0,2025-11-15
2025-11-28,CD-GO,P5,989,226,0,2025-11-09
2025-11-28,CD-PE,P1,24801,4223,0,2025-11-13
2025-11-28,CD-PE,P2,15634,2476,0,2025-11-13
2025-11-28,CD-PE,P3,4717,707,0,2025-11-17
2025-11-28,CD-PE,P4,3841,2114,0,2025-11-17
2025-11-28,CD-PE,P5,2945,305,0,2025-11-18
2025-11-29,CD-SP,P1,34966,9307,0,2025-11-23
2025-11-29,CD-SP,P2,19927,5457,0,2025-11-23
2025-11-29,CD-SP,P3,275,1561,0,2025-11-13
2025-11-29,CD-SP,P4,9,4620,0,2025-11-13
2025-11-29,CD-SP,P5,3136,670,0,2025-11-23
2025-11-29,CD-PR,P1,17040,4161,0,2025-11-25
2025-11-29,CD-PR,P2,8842,2440,0,2025-11-25
2025-11-29,CD-PR,P3,2342,698,0,2025-11-14
2025-11-29,CD-PR,P4,3835,2066,0,2025-11-14
2025-11-29,CD-PR,P5,1771,299,0,2025-11-18
2025-11-29,CD-GO,P1,14079,3143,0,2025-11-15
2025-11-29,CD-GO,P2,8019,1843,0,2025-11-15
2025-11-29,CD-GO,P3,2741,527,0,2025-11-15
2025-11-29,CD-GO,P4,4178,1560,0,2025-11-15
2025-11-29,CD-GO,P5,989,226,0,2025-11-09
2025-11-29,CD-PE,P1,24101,4236,0,2025-11-13
2025-11-29,CD-PE,P2,15184,2484,0,2025-11-13
2025-11-29,CD-PE,P3,4717,711,0,2025-11-17
2025-11-29,CD-PE,P4,3241,2103,0,2025-11-17
2025-11-29,CD-PE,P5,2945,305,0,2025-11-18
2025-11-30,CD-SP,P1,34966,9307,0,2025-11-23
2025-11-30,CD-SP,P2,19927,5457,0,2025-11-23
2025-11-30,CD-SP,P3,275,1561,0,2025-11-13
2025-11-30,CD-SP,P4,9,4620,0,2025-11-13
2025-11-30,CD-SP,P5,3136,670,0,2025-11-23
2025-11-30,CD-PR,P1,17040,4161,0,2025-11-25
2025-11-30,CD-PR,P2,8842,2440,0,2025-11-25
2025-11-30,CD-PR,P3,2342,698,0,2025-11-14
2025-11-30,CD-PR,P4,3835,2066,0,2025-11-14
2025-11-30,CD-PR,P5,1771,299,0,2025-11-18
2025-11-30,CD-GO,P1,14079,3143,0,2025-11-15
2025-11-30,CD-GO,P2,8019,1843,0,2025-11-15
2025-11-30,CD-GO,P3,2741,527,0,2025-11-15
2025-11-30,CD-GO,P4,4178,1560,0,2025-11-15
2025-11-30,CD-GO,P5,989,226,0,2025-11-09
2025-11-30,CD-PE,P1,24101,4236,0,2025-11-13
2025-11-30,CD-PE,P2,15184,2484,0,2025-11-13
2025-11-30,CD-PE,P3,4717,711,0,2025-11-17
2025-11-30,CD-PE,P4,3241,2103,0,2025-11-17
2025-11-30,CD-PE,P5,2945,305,0,2025-11-18
2025-12-01,CD-SP,P1,28626,9307,53900,2025-11-23
2025-12-01,CD-SP,P2,15895,5457,33300,2025-11-23
2025-12-01,CD-SP,P3,2,1561,15600,2025-11-13
2025-12-01,CD-SP,P4,9,4620,46200,2025-11-13
2025-12-01,CD-SP,P5,2957,670,4500,2025-11-23
2025-12-01,CD-PR,P1,13324,4161,35700,2025-11-25
2025-12-01,CD-PR,P2,6988,2440,22950,2025-11-25
2025-12-01,CD-PR,P3,1625,698,7200,2025-11-14
2025-12-01,CD-PR,P4,973,2066,23700,2025-11-14
2025-12-01,CD-PR,P5,1753,299,2500,2025-11-18
2025-12-01,CD-GO,P1,12698,3143,25900,2025-11-15
2025-12-01,CD-GO,P2,7237,1843,16200,2025-11-15
2025-12-01,CD-GO,P3,2531,527,4500,2025-11-15
2025-12-01,CD-GO,P4,1082,1560,16500,2025-11-15
2025-12-01,CD-GO,P5,858,226,2500,2025-11-09
2025-12-01,CD-PE,P1,20590,4236,43400,2025-11-13
2025-12-01,CD-PE,P2,12768,2484,18900,2025-11-13
2025-12-01,CD-PE,P3,2494,711,7500,2025-11-17
2025-12-01,CD-PE,P4,1045,2103,31800,2025-11-17
2025-12-01,CD-PE,P5,2772,305,1500,2025-11-18
2025-12-02,CD-SP,P1,21520,9307,53900,2025-11-23
2025-12-02,CD-SP,P2,11121,5457,33300,2025-11-23
2025-12-02,CD-SP,P3,2,1561,15600,2025-11-13
2025-12-02,CD-SP,P4,9,4620,46200,2025-11-13
2025-12-02,CD-SP,P5,2290,670,4500,2025-11-23
2025-12-02,CD-PR,P1,10507,4161,35700,2025-11-25
2025-12-02,CD-PR,P2,6076,2440,22950,2025-11-25
2025-12-02,CD-PR,P3,1208,698,7200,2025-11-14
2025-12-02,CD-PR,P4,1,2066,23700,2025-11-14
2025-12-02,CD-PR,P5,1604,299,2500,2025-11-18
2025-12-02,CD-GO,P1,10804,3143,25900,2025-11-15
2025-12-02,CD-GO,P2,5561,1843,16200,2025-11-15
2025-12-02,CD-GO,P3,1352,527,4500,2025-11-15
2025-12-02,CD-GO,P4,8,1560,16500,2025-11-15
2025-12-02,CD-GO,P5,715,226,2500,2025-11-09
2025-12-02,CD-PE,P1,18256,4236,43400,2025-11-13
2025-12-02,CD-PE,P2,10826,2484,18900,2025-11-13
2025-12-02,CD-PE,P3,1387,711,7500,2025-11-17
2025-12-02,CD-PE,P4,16,2103,31800,2025-11-17
2025-12-02,CD-PE,P5,2117,305,1500,2025-11-18
2025-12-03,CD-SP,P1,13002,9307,53900,2025-11-23
2025-12-03,CD-SP,P2,7721,5457,33300,2025-11-23
2025-12-03,CD-SP,P3,2,1561,15600,2025-11-13
2025-12-03,CD-SP,P4,9,4620,46200,2025-11-13
2025-12-03,CD-SP,P5,1760,670,4500,2025-11-23
2025-12-03,CD-PR,P1,7925,4161,35700,2025-11-25
2025-12-03,CD-PR,P2,3180,2440,22950,2025-11-25
2025-12-03,CD-PR,P3,623,698,7200,2025-11-14
2025-12-03,CD-PR,P4,1,2066,23700,2025-11-14
2025-12-03,CD-PR,P5,1080,299,2500,2025-11-18
2025-12-03,CD-GO,P1,8035,3143,25900,2025-11-15
2025-12-03,CD-GO,P2,4785,1843,16200,2025-11-15
2025-12-03,CD-GO,P3,602,527,4500,2025-11-15
2025-12-03,CD-GO,P4,8,1560,16500,2025-11-15
2025-12-03,CD-GO,P5,197,226,2500,2025-11-09
2025-12-03,CD-PE,P1,15445,4236,43400,2025-11-13
2025-12-03,CD-PE,P2,9872,2484,18900,2025-11-13
2025-12-03,CD-PE,P3,625,711,7500,2025-11-17
2025-12-03,CD-PE,P4,16,2103,31800,2025-11-17
2025-12-03,CD-PE,P5,2099,305,1500,2025-11-18
2025-12-04,CD-SP,P1,60599,9307,0,2025-12-04
2025-12-04,CD-SP,P2,37319,5457,0,2025-12-04
2025-12-04,CD-SP,P3,14309,1561,0,2025-12-04
2025-12-04,CD-SP,P4,28920,4620,0,2025-12-04
2025-12-04,CD-SP,P5,1593,670,4500,2025-11-23
2025-12-04,CD-PR,P1,5144,4161,35700,2025-11-25
2025-12-04,CD-PR,P2,1794,2440,22950,2025-11-25
2025-12-04,CD-PR,P3,263,698,7200,2025-11-14
2025-12-04,CD-PR,P4,1,2066,23700,2025-11-14
2025-12-04,CD-PR,P5,937,299,2500,2025-11-18
2025-12-04,CD-GO,P1,6412,3143,25900,2025-11-15
2025-12-04,CD-GO,P2,3513,1843,16200,2025-11-15
2025-12-04,CD-GO,P3,422,527,4500,2025-11-15
2025-12-04,CD-GO,P4,8,1560,16500,2025-11-15
2025-12-04,CD-GO,P5,185,226,2500,2025-11-09
2025-12-04,CD-PE,P1,54459,4236,0,2025-12-04
2025-12-04,CD-PE,P2,26622,2484,0,2025-12-04
2025-12-04,CD-PE,P3,25,711,7500,2025-11-17
2025-12-04,CD-PE,P4,4,2103,31800,2025-11-17
2025-12-04,CD-PE,P5,3444,305,0,2025-12-04
2025-12-05,CD-SP,P1,54071,8838,0,2025-12-04
2025-12-05,CD-SP,P2,34969,5182,0,2025-12-04
2025-12-05,CD-SP,P3,13706,1482,0,2025-12-04
2025-12-05,CD-SP,P4,23712,4387,0,2025-12-04
2025-12-05,CD-SP,P5,938,636,4500,2025-11-23
2025-12-05,CD-PR,P1,38346,3951,0,2025-12-05
2025-12-05,CD-PR,P2,23192,2317,0,2025-12-05
2025-12-05,CD-PR,P3,6902,663,0,2025-12-05
2025-12-05,CD-PR,P4,22498,1961,0,2025-12-05
2025-12-05,CD-PR,P5,931,284,2500,2025-11-18
2025-12-05,CD-GO,P1,4977,2984,25900,2025-11-15
2025-12-05,CD-GO,P2,2795,1750,16200,2025-11-15
2025-12-05,CD-GO,P3,392,501,4500,2025-11-15
2025-12-05,CD-GO,P4,8,1481,16500,2025-11-15
2025-12-05,CD-GO,P5,173,215,2500,2025-11-09
2025-12-05,CD-PE,P1,52800,4023,0,2025-12-04
2025-12-05,CD-PE,P2,25420,2359,0,2025-12-04
2025-12-05,CD-PE,P3,25,675,7500,2025-11-17
2025-12-05,CD-PE,P4,4,1997,31800,2025-11-17
2025-12-05,CD-PE,P5,2926,290,0,2025-12-04
2025-12-06,CD-SP,P1,53896,8742,0,2025-12-04
2025-12-06,CD-SP,P2,34519,5135,0,2025-12-04
2025-12-06,CD-SP,P3,13706,1461,0,2025-12-04
2025-12-06,CD-SP,P4,23712,4256,0,2025-12-04
2025-12-06,CD-SP,P5,938,636,4500,2025-11-23
2025-12-06,CD-PR,P1,38238,3909,0,2025-12-05
2025-12-06,CD-PR,P2,23080,2296,0,2025-12-05
2025-12-06,CD-PR,P3,6902,653,0,2025-12-05
2025-12-06,CD-PR,P4,22498,1903,0,2025-12-05
2025-12-06,CD-PR,P5,931,284,2500,2025-11-18
2025-12-06,CD-GO,P1,30877,2952,0,2025-12-06
2025-12-06,CD-GO,P2,18995,1734,0,2025-12-06
2025-12-06,CD-GO,P3,4817,493,0,2025-12-06
2025-12-06,CD-GO,P4,16433,1437,0,2025-12-06
2025-12-06,CD-GO,P5,173,215,2500,2025-11-09
2025-12-06,CD-PE,P1,52800,3980,0,2025-12-04
2025-12-06,CD-PE,P2,25420,2338,0,2025-12-04
2025-12-06,CD-PE,P3,25,665,7500,2025-11-17
2025-12-06,CD-PE,P4,4,1937,31800,2025-11-17
2025-12-06,CD-PE,P5,2926,290,0,2025-12-04
2025-12-07,CD-SP,P1,53896,8742,0,2025-12-04
2025-12-07,CD-SP,P2,34519,5135,0,2025-12-04
2025-12-07,CD-SP,P3,13706,1461,0,2025-12-04
2025-12-07,CD-SP,P4,23712,4256,0,2025-12-04
2025-12-07,CD-SP,P5,5438,636,0,2025-12-07
2025-12-07,CD-PR,P1,38238,3909,0,2025-12-05
2025-12-07,CD-PR,P2,23080,2296,0,2025-12-05
2025-12-07,CD-PR,P3,6902,653,0,2025-12-05
2025-12-07,CD-PR,P4,22498,1903,0,2025-12-05
2025-12-07,CD-PR,P5,931,284,2500,2025-11-18
2025-12-07,CD-GO,P1,30877,2952,0,2025-12-06
2025-12-07,CD-GO,P2,18995,1734,0,2025-12-06
2025-12-07,CD-GO,P3,4817,493,0,2025-12-06
2025-12-07,CD-GO,P4,16433,1437,0,2025-12-06
2025-12-07,CD-GO,P5,173,215,2500,2025-11-09
2025-12-07,CD-PE,P1,52800,3980,0,2025-12-04
2025-12-07,CD-PE,P2,25420,2338,0,2025-12-04
2025-12-07,CD-PE,P3,25,665,7500,2025-11-17
2025-12-07,CD-PE,P4,4,1937,31800,2025-11-17
2025-12-07,CD-PE,P5,2926,290,0,2025-12-04
2025-12-08,CD-SP,P1,47544,8742,29400,2025-12-04
2025-12-08,CD-SP,P2,30835,5135,15750,2025-12-04
2025-12-08,CD-SP,P3,12767,1461,0,2025-12-04
2025-12-08,CD-SP,P4,20703,4256,6900,2025-12-04
2025-12-08,CD-SP,P5,5277,636,1500,2025-12-07
2025-12-08,CD-PR,P1,36000,3909,11200,2025-12-05
2025-12-08,CD-PR,P2,21286,2296,6750,2025-12-05
2025-12-08,CD-PR,P3,6452,653,0,2025-12-05
2025-12-08,CD-PR,P4,21496,1903,0,2025-12-05
2025-12-08,CD-PR,P5,413,284,3500,2025-11-18
2025-12-08,CD-GO,P1,28995,2952,7000,2025-12-06
2025-12-08,CD-GO,P2,17401,1734,0,2025-12-06
2025-12-08,CD-GO,P3,4775,493,0,2025-12-06
2025-12-08,CD-GO,P4,15524,1437,0,2025-12-06
2025-12-08,CD-GO,P5,30,215,2500,2025-11-09
2025-12-08,CD-PE,P1,50001,3980,0,2025-12-04
2025-12-08,CD-PE,P2,24188,2338,6300,2025-12-04
2025-12-08,CD-PE,P3,7096,665,0,2025-12-08
2025-12-08,CD-PE,P4,31195,1937,0,2025-12-08
2025-12-08,CD-PE,P5,2783,290,2500,2025-12-04
2025-12-09,CD-SP,P1,41946,8580,29400,2025-12-04
2025-12-09,CD-SP,P2,22859,5056,15750,2025-12-04
2025-12-09,CD-SP,P3,12083,1425,0,2025-12-04
2025-12-09,CD-SP,P4,15747,4036,6900,2025-12-04
2025-12-09,CD-SP,P5,4741,636,1500,2025-12-07
2025-12-09,CD-PR,P1,30782,3837,11200,2025-12-05
2025-12-09,CD-PR,P2,19414,2261,6750,2025-12-05
2025-12-09,CD-PR,P3,5258,637,0,2025-12-05
2025-12-09,CD-PR,P4,20074,1805,0,2025-12-05
2025-12-09,CD-PR,P5,2764,284,1000,2025-12-09
2025-12-09,CD-GO,P1,26214,2898,7000,2025-12-06
2025-12-09,CD-GO,P2,15945,1708,0,2025-12-06
2025-12-09,CD-GO,P3,3995,481,0,2025-12-06
2025-12-09,CD-GO,P4,14303,1363,0,2025-12-06
2025-12-09,CD-GO,P5,12,215,2500,2025-11-09
2025-12-09,CD-PE,P1,44614,3908,0,2025-12-04
2025-12-09,CD-PE,P2,22228,2303,6300,2025-12-04
2025-12-09,CD-PE,P3,6310,649,0,2025-12-08
2025-12-09,CD-PE,P4,28624,1837,0,2025-12-08
2025-12-09,CD-PE,P5,2259,290,2500,2025-12-04
2025-12-10,CD-SP,P1,36849,8427,29400,2025-12-04
2025-12-10,CD-SP,P2,20235,4981,15750,2025-12-04
2025-12-10,CD-SP,P3,11135,1391,0,2025-12-04
2025-12-10,CD-SP,P4,10056,3827,6900,2025-12-04
2025-12-10,CD-SP,P5,3383,636,1500,2025-12-07
2025-12-10,CD-PR,P1,28514,3769,11200,2025-12-05
2025-12-10,CD-PR,P2,18306,2228,6750,2025-12-05
2025-12-10,CD-PR,P3,4835,622,0,2025-12-05
2025-12-10,CD-PR,P4,18073,1711,0,2025-12-05
2025-12-10,CD-PR,P5,2740,284,1000,2025-12-09
2025-12-10,CD-GO,P1,25038,2847,7000,2025-12-06
2025-12-10,CD-GO,P2,15051,1683,0,2025-12-06
2025-12-10,CD-GO,P3,3872,470,0,2025-12-06
2025-12-10,CD-GO,P4,13100,1292,0,2025-12-06
2025-12-10,CD-GO,P5,6,215,2500,2025-11-09
2025-12-10,CD-PE,P1,41616,3840,0,2025-12-04
2025-12-10,CD-PE,P2,20392,2270,6300,2025-12-04
2025-12-10,CD-PE,P3,6175,634,0,2025-12-08
2025-12-10,CD-PE,P4,27256,1743,0,2025-12-08
2025-12-10,CD-PE,P5,2116,290,2500,2025-12-04
2025-12-11,CD-SP,P1,29851,8285,29400,2025-12-04
2025-12-11,CD-SP,P2,17877,4912,15750,2025-12-04
2025-12-11,CD-SP,P3,10061,1360,0,2025-12-04
2025-12-11,CD-SP,P4,6357,3633,6900,2025-12-04
2025-12-11,CD-SP,P5,3240,636,1500,2025-12-07
2025-12-11,CD-PR,P1,25190,3706,11200,2025-12-05
2025-12-11,CD-PR,P2,16838,2197,6750,2025-12-05
2025-12-11,CD-PR,P3,4730,608,0,2025-12-05
2025-12-11,CD-PR,P4,17170,1624,0,2025-12-05
2025-12-11,CD-PR,P5,2097,285,1000,2025-12-09
2025-12-11,CD-GO,P1,23180,2800,7000,2025-12-06
2025-12-11,CD-GO,P2,13405,1660,0,2025-12-06
2025-12-11,CD-GO,P3,3485,459,0,2025-12-06
2025-12-11,CD-GO,P4,12203,1227,0,2025-12-06
2025-12-11,CD-GO,P5,2494,215,0,2025-12-11
2025-12-11,CD-PE,P1,39511,3776,0,2025-12-04
2025-12-11,CD-PE,P2,26028,2239,0,2025-12-11
2025-12-11,CD-PE,P3,5746,620,0,2025-12-08
2025-12-11,CD-PE,P4,26509,1654,0,2025-12-08
2025-12-11,CD-PE,P5,4592,290,0,2025-12-11
2025-12-12,CD-SP,P1,25290,8153,29400,2025-12-04
2025-12-12,CD-SP,P2,15319,4848,15750,2025-12-04
2025-12-12,CD-SP,P3,8858,1330,0,2025-12-04
2025-12-12,CD-SP,P4,4656,3454,6900,2025-12-04
2025-12-12,CD-SP,P5,2067,636,1500,2025-12-07
2025-12-12,CD-PR,P1,23362,3647,11200,2025-12-05
2025-12-12,CD-PR,P2,15672,2168,6750,2025-12-05
2025-12-12,CD-PR,P3,4031,595,0,2025-12-05
2025-12-12,CD-PR,P4,15604,1544,0,2025-12-05
2025-12-12,CD-PR,P5,2097,285,1000,2025-12-09
2025-12-12,CD-GO,P1,22040,2756,7000,2025-12-06
2025-12-12,CD-GO,P2,13197,1639,0,2025-12-06
2025-12-12,CD-GO,P3,3056,450,0,2025-12-06
2025-12-12,CD-GO,P4,12074,1167,0,2025-12-06
2025-12-12,CD-GO,P5,2482,215,0,2025-12-11
2025-12-12,CD-PE,P1,36953,3718,0,2025-12-04
2025-12-12,CD-PE,P2,24258,2211,0,2025-12-11
2025-12-12,CD-PE,P3,5341,607,0,2025-12-08
2025-12-12,CD-PE,P4,24850,1573,0,2025-12-08
2025-12-12,CD-PE,P5,4568,290,0,2025-12-11
2025-12-13,CD-SP,P1,25188,8058,29400,2025-12-04
2025-12-13,CD-SP,P2,15319,4801,15750,2025-12-04
2025-12-13,CD-SP,P3,8858,1309,0,2025-12-04
2025-12-13,CD-SP,P4,4281,3323,6900,2025-12-04
2025-12-13,CD-SP,P5,2067,636,1500,2025-12-07
2025-12-13,CD-PR,P1,23332,3604,11200,2025-12-05
2025-12-13,CD-PR,P2,15624,2148,6750,2025-12-05
2025-12-13,CD-PR,P3,4031,586,0,2025-12-05
2025-12-13,CD-PR,P4,15562,1486,0,2025-12-05
2025-12-13,CD-PR,P5,2085,285,1000,2025-12-09
2025-12-13,CD-GO,P1,22040,2724,7000,2025-12-06
2025-12-13,CD-GO,P2,13197,1623,0,2025-12-06
2025-12-13,CD-GO,P3,3056,443,0,2025-12-06
2025-12-13,CD-GO,P4,12074,1123,0,2025-12-06
2025-12-13,CD-GO,P5,2482,215,0,2025-12-11
2025-12-13,CD-PE,P1,36953,3675,0,2025-12-04
2025-12-13,CD-PE,P2,24258,2190,0,2025-12-11
2025-12-13,CD-PE,P3,5341,597,0,2025-12-08
2025-12-13,CD-PE,P4,24550,1514,0,2025-12-08
2025-12-13,CD-PE,P5,4568,290,0,2025-12-11
2025-12-14,CD-SP,P1,54588,8058,0,2025-12-14
2025-12-14,CD-SP,P2,31069,4801,0,2025-12-14
2025-12-14,CD-SP,P3,8858,1309,0,2025-12-04
2025-12-14,CD-SP,P4,4281,3323,6900,2025-12-04
2025-12-14,CD-SP,P5,3567,636,0,2025-12-14
2025-12-14,CD-PR,P1,23332,3604,11200,2025-12-05
2025-12-14,CD-PR,P2,15624,2148,6750,2025-12-05
2025-12-14,CD-PR,P3,4031,586,0,2025-12-05
2025-12-14,CD-PR,P4,15562,1486,0,2025-12-05
2025-12-14,CD-PR,P5,2085,285,1000,2025-12-09
2025-12-14,CD-GO,P1,29040,2724,0,2025-12-14
2025-12-14,CD-GO,P2,13197,1623,0,2025-12-06
2025-12-14,CD-GO,P3,3056,443,0,2025-12-06
2025-12-14,CD-GO,P4,12074,1123,0,2025-12-06
2025-12-14,CD-GO,P5,2482,215,0,2025-12-11
2025-12-14,CD-PE,P1,36953,3675,0,2025-12-04
2025-12-14,CD-PE,P2,24258,2190,0,2025-12-11
2025-12-14,CD-PE,P3,5341,597,0,2025-12-08
2025-12-14,CD-PE,P4,24550,1514,0,2025-12-08
2025-12-14,CD-PE,P5,4568,290,0,2025-12-11
2025-12-15,CD-SP,P1,48043,8058,0,2025-12-14
2025-12-15,CD-SP,P2,26011,4801,0,2025-12-14
2025-12-15,CD-SP,P3,7724,1309,0,2025-12-04
2025-12-15,CD-SP,P4,7791,3323,0,2025-12-15
2025-12-15,CD-SP,P5,3352,636,0,2025-12-14
2025-12-15,CD-PR,P1,21221,3604,11200,2025-12-05
2025-12-15,CD-PR,P2,14332,2148,6750,2025-12-05
2025-12-15,CD-PR,P3,3821,586,0,2025-12-05
2025-12-15,CD-PR,P4,14254,1486,0,2025-12-05
2025-12-15,CD-PR,P5,2067,285,1000,2025-12-09
2025-12-15,CD-GO,P1,26452,2724,0,2025-12-14
2025-12-15,CD-GO,P2,11853,1623,0,2025-12-06
2025-12-15,CD-GO,P3,2651,443,0,2025-12-06
2025-12-15,CD-GO,P4,10784,1123,0,2025-12-06
2025-12-15,CD-GO,P5,2214,215,0,2025-12-11
2025-12-15,CD-PE,P1,32718,3675,0,2025-12-04
2025-12-15,CD-PE,P2,22274,2190,0,2025-12-11
2025-12-15,CD-PE,P3,4924,597,0,2025-12-08
2025-12-15,CD-PE,P4,22936,1514,0,2025-12-08
2025-12-15,CD-PE,P5,4413,290,0,2025-12-11
2025-12-16,CD-SP,P1,41056,7896,0,2025-12-14
2025-12-16,CD-SP,P2,18851,4722,0,2025-12-14
2025-12-16,CD-SP,P3,6170,1273,0,2025-12-04
2025-12-16,CD-SP,P4,4185,3103,0,2025-12-15
2025-12-16,CD-SP,P5,2179,636,0,2025-12-14
2025-12-16,CD-PR,P1,29139,3533,0,2025-12-16
2025-12-16,CD-PR,P2,17702,2113,0,2025-12-16
2025-12-16,CD-PR,P3,3080,570,0,2025-12-05
2025-12-16,CD-PR,P4,13126,1388,0,2025-12-05
2025-12-16,CD-PR,P5,1942,285,1000,2025-12-09
2025-12-16,CD-GO,P1,24419,2670,0,2025-12-14
2025-12-16,CD-GO,P2,10467,1597,0,2025-12-06
2025-12-16,CD-GO,P3,2615,431,0,2025-12-06
2025-12-16,CD-GO,P4,9755,1048,0,2025-12-06
2025-12-16,CD-GO,P5,2196,215,0,2025-12-11
2025-12-16,CD-PE,P1,30679,3603,0,2025-12-04
2025-12-16,CD-PE,P2,20676,2155,0,2025-12-11
2025-12-16,CD-PE,P3,4108,581,0,2025-12-08
2025-12-16,CD-PE,P4,21616,1414,0,2025-12-08
2025-12-16,CD-PE,P5,3264,290,0,2025-12-11
2025-12-17,CD-SP,P1,32624,7743,0,2025-12-14
2025-12-17,CD-SP,P2,14493,4647,0,2025-12-14
2025-12-17,CD-SP,P3,4643,1239,0,2025-12-04
2025-12-17,CD-SP,P4,294,2894,0,2025-12-15
2025-12-17,CD-SP,P5,1863,636,0,2025-12-14
2025-12-17,CD-PR,P1,25435,3464,0,2025-12-16
2025-12-17,CD-PR,P2,16268,2079,0,2025-12-16
2025-12-17,CD-PR,P3,2588,555,0,2025-12-05
2025-12-17,CD-PR,P4,11350,1294,0,2025-12-05
2025-12-17,CD-PR,P5,1257,285,1000,2025-12-09
2025-12-17,CD-GO,P1,22459,2619,0,2025-12-14
2025-12-17,CD-GO,P2,9419,1572,0,2025-12-06
2025-12-17,CD-GO,P3,2147,419,0,2025-12-06
2025-12-17,CD-GO,P4,8390,978,0,2025-12-06
2025-12-17,CD-GO,P5,2184,215,0,2025-12-11
2025-12-17,CD-PE,P1,27325,3535,0,2025-12-04
2025-12-17,CD-PE,P2,19254,2122,0,2025-12-11
2025-12-17,CD-PE,P3,3304,566,0,2025-12-08
2025-12-17,CD-PE,P4,19297,1319,0,2025-12-08
2025-12-17,CD-PE,P5,3228,291,0,2025-12-11
2025-12-18,CD-SP,P1,26326,7600,0,2025-12-14
2025-12-18,CD-SP,P2,11679,4578,0,2025-12-14
2025-12-18,CD-SP,P3,3866,1208,0,2025-12-04
2025-12-18,CD-SP,P4,9,2700,0,2025-12-15
2025-12-18,CD-SP,P5,1196,636,0,2025-12-14
2025-12-18,CD-PR,P1,22624,3401,0,2025-12-16
2025-12-18,CD-PR,P2,14296,2048,0,2025-12-16
2025-12-18,CD-PR,P3,1859,540,0,2025-12-05
2025-12-18,CD-PR,P4,9610,1207,0,2025-12-05
2025-12-18,CD-PR,P5,2245,285,0,2025-12-18
2025-12-18,CD-GO,P1,20432,2571,0,2025-12-14
2025-12-18,CD-GO,P2,8607,1549,0,2025-12-06
2025-12-18,CD-GO,P3,2006,409,0,2025-12-06
2025-12-18,CD-GO,P4,7469,912,0,2025-12-06
2025-12-18,CD-GO,P5,2178,215,0,2025-12-11
2025-12-18,CD-PE,P1,24357,3471,0,2025-12-04
2025-12-18,CD-PE,P2,17068,2091,0,2025-12-11
2025-12-18,CD-PE,P3,3199,551,0,2025-12-08
2025-12-18,CD-PE,P4,13930,1231,0,2025-12-08
2025-12-18,CD-PE,P5,3085,291,0,2025-12-11
2025-12-19,CD-SP,P1,24740,7469,0,2025-12-14
2025-12-19,CD-SP,P2,7113,4513,0,2025-12-14
2025-12-19,CD-SP,P3,3275,1179,0,2025-12-04
2025-12-19,CD-SP,P4,9,2520,0,2025-12-15
2025-12-19,CD-SP,P5,1196,636,0,2025-12-14
2025-12-19,CD-PR,P1,20748,3343,0,2025-12-16
2025-12-19,CD-PR,P2,12614,2020,0,2025-12-16
2025-12-19,CD-PR,P3,1748,527,0,2025-12-05
2025-12-19,CD-PR,P4,9106,1127,0,2025-12-05
2025-12-19,CD-PR,P5,2233,285,0,2025-12-18
2025-12-19,CD-GO,P1,18930,2527,0,2025-12-14
2025-12-19,CD-GO,P2,8103,1527,0,2025-12-06
2025-12-19,CD-GO,P3,1982,399,0,2025-12-06
2025-12-19,CD-GO,P4,6953,852,0,2025-12-06
2025-12-19,CD-GO,P5,2160,215,0,2025-12-11
2025-12-19,CD-PE,P1,22469,3413,0,2025-12-04
2025-12-19,CD-PE,P2,16790,2062,0,2025-12-11
2025-12-19,CD-PE,P3,3088,538,0,2025-12-08
2025-12-19,CD-PE,P4,9262,1149,0,2025-12-08
2025-12-19,CD-PE,P5,3073,291,0,2025-12-11
2025-12-20,CD-SP,P1,23316,7373,0,2025-12-14
2025-12-20,CD-SP,P2,7113,4466,0,2025-12-14
2025-12-20,CD-SP,P3,3275,1157,0,2025-12-04
2025-12-20,CD-SP,P4,9,2390,0,2025-12-15
2025-12-20,CD-SP,P5,1172,636,0,2025-12-14
2025-12-20,CD-PR,P1,20748,3300,0,2025-12-16
2025-12-20,CD-PR,P2,12614,1999,0,2025-12-16
2025-12-20,CD-PR,P3,1748,518,0,2025-12-05
2025-12-20,CD-PR,P4,9106,1069,0,2025-12-05
2025-12-20,CD-PR,P5,2233,285,0,2025-12-18
2025-12-20,CD-GO,P1,18930,2495,0,2025-12-14
2025-12-20,CD-GO,P2,7991,1512,0,2025-12-06
2025-12-20,CD-GO,P3,1982,392,0,2025-12-06
2025-12-20,CD-GO,P4,6953,808,0,2025-12-06
2025-12-20,CD-GO,P5,2160,215,0,2025-12-11
2025-12-20,CD-PE,P1,22469,3370,0,2025-12-04
2025-12-20,CD-PE,P2,16790,2042,0,2025-12-11
2025-12-20,CD-PE,P3,3088,529,0,2025-12-08
2025-12-20,CD-PE,P4,9262,1090,0,2025-12-08
2025-12-20,CD-PE,P5,3073,291,0,2025-12-11
2025-12-21,CD-SP,P1,23316,7373,0,2025-12-14
2025-12-21,CD-SP,P2,7113,4466,0,2025-12-14
2025-12-21,CD-SP,P3,3275,1157,0,2025-12-04
2025-12-21,CD-SP,P4,9,2390,0,2025-12-15
2025-12-21,CD-SP,P5,1172,636,0,2025-12-14
2025-12-21,CD-PR,P1,20748,3300,0,2025-12-16
2025-12-21,CD-PR,P2,12614,1999,0,2025-12-16
2025-12-21,CD-PR,P3,1748,518,0,2025-12-05
2025-12-21,CD-PR,P4,9106,1069,0,2025-12-05
2025-12-21,CD-PR,P5,2233,285,0,2025-12-18
2025-12-21,CD-GO,P1,18930,2495,0,2025-12-14
2025-12-21,CD-GO,P2,7991,1512,0,2025-12-06
2025-12-21,CD-GO,P3,1982,392,0,2025-12-06
2025-12-21,CD-GO,P4,6953,808,0,2025-12-06
2025-12-21,CD-GO,P5,2160,215,0,2025-12-11
2025-12-21,CD-PE,P1,22469,3370,0,2025-12-04
2025-12-21,CD-PE,P2,16790,2042,0,2025-12-11
2025-12-21,CD-PE,P3,3088,529,0,2025-12-08
2025-12-21,CD-PE,P4,9262,1090,0,2025-12-08
2025-12-21,CD-PE,P5,3073,291,0,2025-12-11
2025-12-22,CD-SP,P1,16071,7373,0,2025-12-14
2025-12-22,CD-SP,P2,2821,4466,0,2025-12-14
2025-12-22,CD-SP,P3,1961,1157,0,2025-12-04
2025-12-22,CD-SP,P4,3,2390,0,2025-12-15
2025-12-22,CD-SP,P5,475,636,0,2025-12-14
2025-12-22,CD-PR,P1,17189,3300,0,2025-12-16
2025-12-22,CD-PR,P2,10186,1999,0,2025-12-16
2025-12-22,CD-PR,P3,1325,518,0,2025-12-05
2025-12-22,CD-PR,P4,5167,1069,0,2025-12-05
2025-12-22,CD-PR,P5,1578,285,0,2025-12-18
2025-12-22,CD-GO,P1,16867,2495,0,2025-12-14
2025-12-22,CD-GO,P2,6931,1512,0,2025-12-06
2025-12-22,CD-GO,P3,1253,392,0,2025-12-06
2025-12-22,CD-GO,P4,5201,808,0,2025-12-06
2025-12-22,CD-GO,P5,1642,215,0,2025-12-11
2025-12-22,CD-PE,P1,19881,3370,0,2025-12-04
2025-12-22,CD-PE,P2,15392,2042,0,2025-12-11
2025-12-22,CD-PE,P3,2653,529,0,2025-12-08
2025-12-22,CD-PE,P4,5188,1090,0,2025-12-08
2025-12-22,CD-PE,P5,3049,291,0,2025-12-11
2025-12-23,CD-SP,P1,8585,7212,0,2025-12-14
2025-12-23,CD-SP,P2,9,4388,0,2025-12-14
2025-12-23,CD-SP,P3,698,1122,0,2025-12-04
2025-12-23,CD-SP,P4,3,2169,0,2025-12-15
2025-12-23,CD-SP,P5,153,636,0,2025-12-14
2025-12-23,CD-PR,P1,12942,3228,0,2025-12-16
2025-12-23,CD-PR,P2,8830,1964,0,2025-12-16
2025-12-23,CD-PR,P3,476,502,0,2025-12-05
2025-12-23,CD-PR,P4,2983,971,0,2025-12-05
2025-12-23,CD-PR,P5,1542,285,0,2025-12-18
2025-12-23,CD-GO,P1,15492,2441,0,2025-12-14
2025-12-23,CD-GO,P2,5687,1485,0,2025-12-06
2025-12-23,CD-GO,P3,1067,380,0,2025-12-06
2025-12-23,CD-GO,P4,2924,734,0,2025-12-06
2025-12-23,CD-GO,P5,1499,215,0,2025-12-11
2025-12-23,CD-PE,P1,16159,3298,0,2025-12-04
2025-12-23,CD-PE,P2,9476,2007,0,2025-12-11
2025-12-23,CD-PE,P3,1948,513,0,2025-12-08
2025-12-23,CD-PE,P4,2932,990,0,2025-12-08
2025-12-23,CD-PE,P5,2406,291,0,2025-12-11
2025-12-24,CD-SP,P1,2329,7058,0,2025-12-14
2025-12-24,CD-SP,P2,9,4313,0,2025-12-14
2025-12-24,CD-SP,P3,23,1088,0,2025-12-04
2025-12-24,CD-SP,P4,3,1960,0,2025-12-15
2025-12-24,CD-SP,P5,28,636,0,2025-12-14
2025-12-24,CD-PR,P1,9956,3160,0,2025-12-16
2025-12-24,CD-PR,P2,4846,1931,0,2025-12-16
2025-12-24,CD-PR,P3,5,487,0,2025-12-05
2025-12-24,CD-PR,P4,4,877,0,2025-12-05
2025-12-24,CD-PR,P5,1399,285,0,2025-12-18
2025-12-24,CD-GO,P1,13622,2390,0,2025-12-14
2025-12-24,CD-GO,P2,4141,1461,0,2025-12-06
2025-12-24,CD-GO,P3,575,368,0,2025-12-06
2025-12-24,CD-GO,P4,206,663,0,2025-12-06
2025-12-24,CD-GO,P5,1433,215,0,2025-12-11
2025-12-24,CD-PE,P1,13155,3230,0,2025-12-04
2025-12-24,CD-PE,P2,4834,1974,0,2025-12-11
2025-12-24,CD-PE,P3,1273,498,0,2025-12-08
2025-12-24,CD-PE,P4,211,895,0,2025-12-08
2025-12-24,CD-PE,P5,1382,291,0,2025-12-11
2025-12-25,CD-SP,P1,2323,6916,0,2025-12-14
2025-12-25,CD-SP,P2,9,4243,0,2025-12-14
2025-12-25,CD-SP,P3,5,1056,0,2025-12-04
2025-12-25,CD-SP,P4,3,1766,0,2025-12-15
2025-12-25,CD-SP,P5,28,636,0,2025-12-14
2025-12-25,CD-PR,P1,9781,3097,0,2025-12-16
2025-12-25,CD-PR,P2,4734,1900,0,2025-12-16
2025-12-25,CD-PR,P3,5,473,0,2025-12-05
2025-12-25,CD-PR,P4,4,790,0,2025-12-05
2025-12-25,CD-PR,P5,1399,285,0,2025-12-18
2025-12-25,CD-GO,P1,13622,2343,0,2025-12-14
2025-12-25,CD-GO,P2,4029,1437,0,2025-12-06
2025-12-25,CD-GO,P3,575,358,0,2025-12-06
2025-12-25,CD-GO,P4,131,598,0,2025-12-06
2025-12-25,CD-GO,P5,1433,216,0,2025-12-11
2025-12-25,CD-PE,P1,13155,3166,0,2025-12-04
2025-12-25,CD-PE,P2,4834,1943,0,2025-12-11
2025-12-25,CD-PE,P3,1273,483,0,2025-12-08
2025-12-25,CD-PE,P4,211,807,0,2025-12-08
2025-12-25,CD-PE,P5,1382,291,0,2025-12-11
2025-12-26,CD-SP,P1,48,7254,0,2025-12-14
2025-12-26,CD-SP,P2,9,4454,0,2025-12-14
2025-12-26,CD-SP,P3,5,1106,0,2025-12-04
2025-12-26,CD-SP,P4,3,1820,0,2025-12-15
2025-12-26,CD-SP,P5,28,670,0,2025-12-14
2025-12-26,CD-PR,P1,7935,3248,0,2025-12-16
2025-12-26,CD-PR,P2,2746,1994,0,2025-12-16
2025-12-26,CD-PR,P3,5,495,0,2025-12-05
2025-12-26,CD-PR,P4,4,815,0,2025-12-05
2025-12-26,CD-PR,P5,1208,300,0,2025-12-18
2025-12-26,CD-GO,P1,11144,2457,0,2025-12-14
2025-12-26,CD-GO,P2,2773,1509,0,2025-12-06
2025-12-26,CD-GO,P3,2,374,0,2025-12-06
2025-12-26,CD-GO,P4,38,616,0,2025-12-06
2025-12-26,CD-GO,P5,921,227,0,2025-12-11
2025-12-26,CD-PE,P1,10796,3321,0,2025-12-04
2025-12-26,CD-PE,P2,2768,2039,0,2025-12-11
2025-12-26,CD-PE,P3,13,506,0,2025-12-08
2025-12-26,CD-PE,P4,19,832,0,2025-12-08
2025-12-26,CD-PE,P5,745,307,0,2025-12-11
2025-12-27,CD-SP,P1,48,7158,0,2025-12-14
2025-12-27,CD-SP,P2,9,4407,0,2025-12-14
2025-12-27,CD-SP,P3,5,1084,0,2025-12-04
2025-12-27,CD-SP,P4,3,1689,0,2025-12-15
2025-12-27,CD-SP,P5,28,670,0,2025-12-14
2025-12-27,CD-PR,P1,7935,3205,0,2025-12-16
2025-12-27,CD-PR,P2,2626,1974,0,2025-12-16
2025-12-27,CD-PR,P3,5,486,0,2025-12-05
2025-12-27,CD-PR,P4,4,756,0,2025-12-05
2025-12-27,CD-PR,P5,1208,300,0,2025-12-18
2025-12-27,CD-GO,P1,10969,2425,0,2025-12-14
2025-12-27,CD-GO,P2,2323,1493,0,2025-12-06
2025-12-27,CD-GO,P3,2,367,0,2025-12-06
2025-12-27,CD-GO,P4,14,572,0,2025-12-06
2025-12-27,CD-GO,P5,921,227,0,2025-12-11
2025-12-27,CD-PE,P1,10796,3278,0,2025-12-04
2025-12-27,CD-PE,P2,2732,2019,0,2025-12-11
2025-12-27,CD-PE,P3,13,497,0,2025-12-08
2025-12-27,CD-PE,P4,19,772,0,2025-12-08
2025-12-27,CD-PE,P5,745,307,0,2025-12-11
2025-12-28,CD-SP,P1,48,7158,0,2025-12-14
2025-12-28,CD-SP,P2,9,4407,0,2025-12-14
2025-12-28,CD-SP,P3,5,1084,0,2025-12-04
2025-12-28,CD-SP,P4,3,1689,0,2025-12-15
2025-12-28,CD-SP,P5,28,670,0,2025-12-14
2025-12-28,CD-PR,P1,7935,3205,0,2025-12-16
2025-12-28,CD-PR,P2,2626,1974,0,2025-12-16
2025-12-28,CD-PR,P3,5,486,0,2025-12-05
2025-12-28,CD-PR,P4,4,756,0,2025-12-05
2025-12-28,CD-PR,P5,1208,300,0,2025-12-18
2025-12-28,CD-GO,P1,10969,2425,0,2025-12-14
2025-12-28,CD-GO,P2,2323,1493,0,2025-12-06
2025-12-28,CD-GO,P3,2,367,0,2025-12-06
2025-12-28,CD-GO,P4,14,572,0,2025-12-06
2025-12-28,CD-GO,P5,921,227,0,2025-12-11
2025-12-28,CD-PE,P1,10796,3278,0,2025-12-04
2025-12-28,CD-PE,P2,2732,2019,0,2025-12-11
2025-12-28,CD-PE,P3,13,497,0,2025-12-08
2025-12-28,CD-PE,P4,19,772,0,2025-12-08
2025-12-28,CD-PE,P5,745,307,0,2025-12-11
2025-12-29,CD-SP,P1,36,7158,0,2025-12-14
2025-12-29,CD-SP,P2,9,4407,0,2025-12-14
2025-12-29,CD-SP,P3,5,1084,0,2025-12-04
2025-12-29,CD-SP,P4,3,1689,0,2025-12-15
2025-12-29,CD-SP,P5,4,670,0,2025-12-14
2025-12-29,CD-PR,P1,5788,3205,0,2025-12-16
2025-12-29,CD-PR,P2,24,1974,0,2025-12-16
2025-12-29,CD-PR,P3,5,486,0,2025-12-05
2025-12-29,CD-PR,P4,4,756,0,2025-12-05
2025-12-29,CD-PR,P5,559,300,0,2025-12-18
2025-12-29,CD-GO,P1,6518,2425,0,2025-12-14
2025-12-29,CD-GO,P2,37,1493,0,2025-12-06
2025-12-29,CD-GO,P3,2,367,0,2025-12-06
2025-12-29,CD-GO,P4,14,572,0,2025-12-06
2025-12-29,CD-GO,P5,528,227,0,2025-12-11
2025-12-29,CD-PE,P1,6247,3278,0,2025-12-04
2025-12-29,CD-PE,P2,32,2019,0,2025-12-11
2025-12-29,CD-PE,P3,1,497,0,2025-12-08
2025-12-29,CD-PE,P4,7,772,0,2025-12-08
2025-12-29,CD-PE,P5,530,307,0,2025-12-11
2025-12-30,CD-SP,P1,36,6997,0,2025-12-14
2025-12-30,CD-SP,P2,9,4328,0,2025-12-14
2025-12-30,CD-SP,P3,5,1048,0,2025-12-04
2025-12-30,CD-SP,P4,3,1469,0,2025-12-15
2025-12-30,CD-SP,P5,4,670,0,2025-12-14
2025-12-30,CD-PR,P1,481,3134,0,2025-12-16
2025-12-30,CD-PR,P2,0,1939,0,2025-12-16
2025-12-30,CD-PR,P3,5,470,0,2025-12-05
2025-12-30,CD-PR,P4,4,658,0,2025-12-05
2025-12-30,CD-PR,P5,17,300,0,2025-12-18
2025-12-30,CD-GO,P1,388,2371,0,2025-12-14
2025-12-30,CD-GO,P2,1,1467,0,2025-12-06
2025-12-30,CD-GO,P3,2,355,0,2025-12-06
2025-12-30,CD-GO,P4,14,498,0,2025-12-06
2025-12-30,CD-GO,P5,10,227,0,2025-12-11
2025-12-30,CD-PE,P1,630,3206,0,2025-12-04
2025-12-30,CD-PE,P2,2,1984,0,2025-12-11
2025-12-30,CD-PE,P3,1,480,0,2025-12-08
2025-12-30,CD-PE,P4,7,672,0,2025-12-08
2025-12-30,CD-PE,P5,0,307,0,2025-12-11
2025-12-31,CD-SP,P1,36,6843,0,2025-12-14
2025-12-31,CD-SP,P2,9,4253,0,2025-12-14
2025-12-31,CD-SP,P3,5,1014,0,2025-12-04
2025-12-31,CD-SP,P4,3,1260,0,2025-12-15
2025-12-31,CD-SP,P5,4,670,0,2025-12-14
2025-12-31,CD-PR,P1,5,3065,0,2025-12-16
2025-12-31,CD-PR,P2,0,1905,0,2025-12-16
2025-12-31,CD-PR,P3,5,454,0,2025-12-05
2025-12-31,CD-PR,P4,4,564,0,2025-12-05
2025-12-31,CD-PR,P5,5,300,0,2025-12-18
2025-12-31,CD-GO,P1,38,2320,0,2025-12-14
2025-12-31,CD-GO,P2,1,1442,0,2025-12-06
2025-12-31,CD-GO,P3,2,344,0,2025-12-06
2025-12-31,CD-GO,P4,2,427,0,2025-12-06
2025-12-31,CD-GO,P5,4,227,0,2025-12-11
2025-12-31,CD-PE,P1,9,3138,0,2025-12-04
2025-12-31,CD-PE,P2,2,1951,0,2025-12-11
2025-12-31,CD-PE,P3,1,465,0,2025-12-08
2025-12-31,CD-PE,P4,7,577,0,2025-12-08
2025-12-31,CD-PE,P5,0,307,0,2025-12-11
2026-01-01,CD-SP,P1,36,6701,0,2025-12-14
2026-01-01,CD-SP,P2,9,4184,0,2025-12-14
2026-01-01,CD-SP,P3,5,983,0,2025-12-04
2026-01-01,CD-SP,P4,3,1066,0,2025-12-15
2026-01-01,CD-SP,P5,4,670,0,2025-12-14
2026-01-01,CD-PR,P1,5,3002,0,2025-12-16
2026-01-01,CD-PR,P2,0,1874,0,2025-12-16
2026-01-01,CD-PR,P3,5,440,0,2025-12-05
2026-01-01,CD-PR,P4,4,478,0,2025-12-05
2026-01-01,CD-PR,P5,5,300,0,2025-12-18
2026-01-01,CD-GO,P1,38,2273,0,2025-12-14
2026-01-01,CD-GO,P2,1,1419,0,2025-12-06
2026-01-01,CD-GO,P3,2,333,0,2025-12-06
2026-01-01,CD-GO,P4,2,362,0,2025-12-06
2026-01-01,CD-GO,P5,4,227,0,2025-12-11
2026-01-01,CD-PE,P1,9,3075,0,2025-12-04
2026-01-01,CD-PE,P2,2,1920,0,2025-12-11
2026-01-01,CD-PE,P3,1,451,0,2025-12-08
2026-01-01,CD-PE,P4,7,489,0,2025-12-08
2026-01-01,CD-PE,P5,0,307,0,2025-12-11
2026-01-02,CD-SP,P1,0,7039,0,2025-12-14
2026-01-02,CD-SP,P2,9,4395,0,2025-12-14
2026-01-02,CD-SP,P3,5,1032,0,2025-12-04
2026-01-02,CD-SP,P4,3,1120,0,2025-12-15
2026-01-02,CD-SP,P5,4,704,0,2025-12-14
2026-01-02,CD-PR,P1,5,3153,0,2025-12-16
2026-01-02,CD-PR,P2,0,1969,0,2025-12-16
2026-01-02,CD-PR,P3,5,463,0,2025-12-05
2026-01-02,CD-PR,P4,4,502,0,2025-12-05
2026-01-02,CD-PR,P5,5,315,0,2025-12-18
2026-01-02,CD-GO,P1,14,2387,0,2025-12-14
2026-01-02,CD-GO,P2,1,1491,0,2025-12-06
2026-01-02,CD-GO,P3,2,350,0,2025-12-06
2026-01-02,CD-GO,P4,2,380,0,2025-12-06
2026-01-02,CD-GO,P5,4,239,0,2025-12-11
2026-01-02,CD-PE,P1,9,3230,0,2025-12-04
2026-01-02,CD-PE,P2,2,2017,0,2025-12-11
2026-01-02,CD-PE,P3,1,474,0,2025-12-08
2026-01-02,CD-PE,P4,1,514,0,2025-12-08
2026-01-02,CD-PE,P5,0,323,0,2025-12-11
2026-01-03,CD-SP,P1,0,7039,0,2025-12-14
2026-01-03,CD-SP,P2,9,4395,0,2025-12-14
2026-01-03,CD-SP,P3,5,1032,0,2025-12-04
2026-01-03,CD-SP,P4,3,1120,0,2025-12-15
2026-01-03,CD-SP,P5,4,704,0,2025-12-14
2026-01-03,CD-PR,P1,5,3153,0,2025-12-16
2026-01-03,CD-PR,P2,0,1969,0,2025-12-16
2026-01-03,CD-PR,P3,5,463,0,2025-12-05
2026-01-03,CD-PR,P4,4,502,0,2025-12-05
2026-01-03,CD-PR,P5,5,315,0,2025-12-18
2026-01-03,CD-GO,P1,14,2387,0,2025-12-14
2026-01-03,CD-GO,P2,1,1491,0,2025-12-06
2026-01-03,CD-GO,P3,2,350,0,2025-12-06
2026-01-03,CD-GO,P4,2,380,0,2025-12-06
2026-01-03,CD-GO,P5,4,239,0,2025-12-11
2026-01-03,CD-PE,P1,9,3230,0,2025-12-04
2026-01-03,CD-PE,P2,2,2017,0,2025-12-11
2026-01-03,CD-PE,P3,1,474,0,2025-12-08
2026-01-03,CD-PE,P4,1,514,0,2025-12-08
2026-01-03,CD-PE,P5,0,323,0,2025-12-11
2026-01-04,CD-SP,P1,0,7039,0,2025-12-14
2026-01-04,CD-SP,P2,9,4395,0,2025-12-14
2026-01-04,CD-SP,P3,5,1032,0,2025-12-04
2026-01-04,CD-SP,P4,0,1120,0,2025-12-15
2026-01-04,CD-SP,P5,4,704,0,2025-12-14
2026-01-04,CD-PR,P1,5,3153,0,2025-12-16
2026-01-04,CD-PR,P2,0,1969,0,2025-12-16
2026-01-04,CD-PR,P3,5,463,0,2025-12-05
2026-01-04,CD-PR,P4,0,502,0,2025-12-05
2026-01-04,CD-PR,P5,5,315,0,2025-12-18
2026-01-04,CD-GO,P1,14,2387,0,2025-12-14
2026-01-04,CD-GO,P2,1,1491,0,2025-12-06
2026-01-04,CD-GO,P3,2,350,0,2025-12-06
2026-01-04,CD-GO,P4,0,380,0,2025-12-06
2026-01-04,CD-GO,P5,4,239,0,2025-12-11
2026-01-04,CD-PE,P1,9,3230,0,2025-12-04
2026-01-04,CD-PE,P2,2,2017,0,2025-12-11
2026-01-04,CD-PE,P3,1,474,0,2025-12-08
2026-01-04,CD-PE,P4,0,514,0,2025-12-08
2026-01-04,CD-PE,P5,0,323,0,2025-12-11
2026-01-05,CD-SP,P1,0,7039,67200,2025-12-14
2026-01-05,CD-SP,P2,9,4395,42750,2025-12-14
2026-01-05,CD-SP,P3,5,1032,10500,2025-12-04
2026-01-05,CD-SP,P4,0,1120,11100,2025-12-15
2026-01-05,CD-SP,P5,4,704,8000,2025-12-14
2026-01-05,CD-PR,P1,5,3153,39900,2025-12-16
2026-01-05,CD-PR,P2,0,1969,25650,2025-12-16
2026-01-05,CD-PR,P3,5,463,6300,2025-12-05
2026-01-05,CD-PR,P4,0,502,6600,2025-12-05
2026-01-05,CD-PR,P5,5,315,4500,2025-12-18
2026-01-05,CD-GO,P1,14,2387,30100,2025-12-14
2026-01-05,CD-GO,P2,1,1491,19350,2025-12-06
2026-01-05,CD-GO,P3,2,350,4800,2025-12-06
2026-01-05,CD-GO,P4,0,380,5100,2025-12-06
2026-01-05,CD-GO,P5,4,239,3500,2025-12-11
2026-01-05,CD-PE,P1,9,3230,51100,2025-12-04
2026-01-05,CD-PE,P2,2,2017,32850,2025-12-11
2026-01-05,CD-PE,P3,1,474,8100,2025-12-08
2026-01-05,CD-PE,P4,0,514,8700,2025-12-08
2026-01-05,CD-PE,P5,0,323,6000,2025-12-11
2026-01-06,CD-SP,P1,0,7048,67200,2025-12-14
2026-01-06,CD-SP,P2,3,4400,42750,2025-12-14
2026-01-06,CD-SP,P3,5,1035,10500,2025-12-04
2026-01-06,CD-SP,P4,0,1103,11100,2025-12-15
2026-01-06,CD-SP,P5,4,704,8000,2025-12-14
2026-01-06,CD-PR,P1,5,3158,39900,2025-12-16
2026-01-06,CD-PR,P2,0,1972,25650,2025-12-16
2026-01-06,CD-PR,P3,5,464,6300,2025-12-05
2026-01-06,CD-PR,P4,0,494,6600,2025-12-05
2026-01-06,CD-PR,P5,5,315,4500,2025-12-18
2026-01-06,CD-GO,P1,14,2391,30100,2025-12-14
2026-01-06,CD-GO,P2,1,1493,19350,2025-12-06
2026-01-06,CD-GO,P3,2,351,4800,2025-12-06
2026-01-06,CD-GO,P4,0,374,5100,2025-12-06
2026-01-06,CD-GO,P5,4,239,3500,2025-12-11
2026-01-06,CD-PE,P1,9,3235,51100,2025-12-04
2026-01-06,CD-PE,P2,2,2020,32850,2025-12-11
2026-01-06,CD-PE,P3,1,475,8100,2025-12-08
2026-01-06,CD-PE,P4,0,506,8700,2025-12-08
2026-01-06,CD-PE,P5,0,323,6000,2025-12-11
2026-01-07,CD-SP,P1,0,7057,67200,2025-12-14
2026-01-07,CD-SP,P2,0,4406,42750,2025-12-14
2026-01-07,CD-SP,P3,5,1037,10500,2025-12-04
2026-01-07,CD-SP,P4,0,1088,11100,2025-12-15
2026-01-07,CD-SP,P5,4,704,8000,2025-12-14
2026-01-07,CD-PR,P1,5,3162,39900,2025-12-16
2026-01-07,CD-PR,P2,0,1974,25650,2025-12-16
2026-01-07,CD-PR,P3,5,465,6300,2025-12-05
2026-01-07,CD-PR,P4,0,487,6600,2025-12-05
2026-01-07,CD-PR,P5,5,315,4500,2025-12-18
2026-01-07,CD-GO,P1,14,2395,30100,2025-12-14
2026-01-07,CD-GO,P2,0,1495,19350,2025-12-06
2026-01-07,CD-GO,P3,2,352,4800,2025-12-06
2026-01-07,CD-GO,P4,0,369,5100,2025-12-06
2026-01-07,CD-GO,P5,4,239,3500,2025-12-11
2026-01-07,CD-PE,P1,9,3241,51100,2025-12-04
2026-01-07,CD-PE,P2,0,2023,32850,2025-12-11
2026-01-07,CD-PE,P3,1,476,8100,2025-12-08
2026-01-07,CD-PE,P4,0,499,8700,2025-12-08
2026-01-07,CD-PE,P5,0,323,6000,2025-12-11
2026-01-08,CD-SP,P1,28408,7065,0,2026-01-08
2026-01-08,CD-SP,P2,11978,4411,0,2026-01-08
2026-01-08,CD-SP,P3,5,1039,0,2026-01-08
2026-01-08,CD-SP,P4,0,1073,0,2026-01-08
2026-01-08,CD-SP,P5,0,704,8000,2025-12-14
2026-01-08,CD-PR,P1,5,3166,39900,2025-12-16
2026-01-08,CD-PR,P2,0,1977,25650,2025-12-16
2026-01-08,CD-PR,P3,5,465,6300,2025-12-05
2026-01-08,CD-PR,P4,0,481,6600,2025-12-05
2026-01-08,CD-PR,P5,5,315,4500,2025-12-18
2026-01-08,CD-GO,P1,14,2398,30100,2025-12-14
2026-01-08,CD-GO,P2,0,1497,19350,2025-12-06
2026-01-08,CD-GO,P3,2,352,4800,2025-12-06
2026-01-08,CD-GO,P4,0,364,5100,2025-12-06
2026-01-08,CD-GO,P5,4,239,3500,2025-12-11
2026-01-08,CD-PE,P1,28412,3246,0,2026-01-08
2026-01-08,CD-PE,P2,12156,2027,0,2026-01-08
2026-01-08,CD-PE,P3,1,477,8100,2025-12-08
2026-01-08,CD-PE,P4,0,493,8700,2025-12-08
2026-01-08,CD-PE,P5,0,323,6000,2025-12-11
2026-01-09,CD-SP,P1,24028,7072,0,2026-01-08
2026-01-09,CD-SP,P2,10596,4415,0,2026-01-08
2026-01-09,CD-SP,P3,5,1040,0,2026-01-08
2026-01-09,CD-SP,P4,0,1060,0,2026-01-08
2026-01-09,CD-SP,P5,0,704,8000,2025-12-14
2026-01-09,CD-PR,P1,37130,3170,0,2026-01-09
2026-01-09,CD-PR,P2,24234,1979,0,2026-01-09
2026-01-09,CD-PR,P3,3197,466,0,2026-01-09
2026-01-09,CD-PR,P4,0,475,0,2026-01-09
2026-01-09,CD-PR,P5,5,315,4500,2025-12-18
2026-01-09,CD-GO,P1,14,2401,30100,2025-12-14
2026-01-09,CD-GO,P2,0,1499,19350,2025-12-06
2026-01-09,CD-GO,P3,2,353,4800,2025-12-06
2026-01-09,CD-GO,P4,0,360,5100,2025-12-06
2026-01-09,CD-GO,P5,0,239,3500,2025-12-11
2026-01-09,CD-PE,P1,27477,3251,0,2026-01-08
2026-01-09,CD-PE,P2,11386,2029,0,2026-01-08
2026-01-09,CD-PE,P3,1,478,8100,2025-12-08
2026-01-09,CD-PE,P4,0,487,8700,2025-12-08
2026-01-09,CD-PE,P5,0,323,6000,2025-12-11
2026-01-10,CD-SP,P1,23914,7078,0,2026-01-08
2026-01-10,CD-SP,P2,10484,4419,0,2026-01-08
2026-01-10,CD-SP,P3,5,1042,0,2026-01-08
2026-01-10,CD-SP,P4,0,1050,0,2026-01-08
2026-01-10,CD-SP,P5,0,704,8000,2025-12-14
2026-01-10,CD-PR,P1,36955,3173,0,2026-01-09
2026-01-10,CD-PR,P2,23784,1981,0,2026-01-09
2026-01-10,CD-PR,P3,3197,467,0,2026-01-09
2026-01-10,CD-PR,P4,0,471,0,2026-01-09
2026-01-10,CD-PR,P5,5,315,4500,2025-12-18
2026-01-10,CD-GO,P1,30114,2403,0,2026-01-10
2026-01-10,CD-GO,P2,19350,1500,0,2026-01-10
2026-01-10,CD-GO,P3,4802,354,0,2026-01-10
2026-01-10,CD-GO,P4,2664,356,0,2026-01-10
2026-01-10,CD-GO,P5,0,239,3500,2025-12-11
2026-01-10,CD-PE,P1,27477,3254,0,2026-01-08
2026-01-10,CD-PE,P2,11386,2032,0,2026-01-08
2026-01-10,CD-PE,P3,1,479,8100,2025-12-08
2026-01-10,CD-PE,P4,0,482,8700,2025-12-08
2026-01-10,CD-PE,P5,0,323,6000,2025-12-11
2026-01-11,CD-SP,P1,23914,7078,0,2026-01-08
2026-01-11,CD-SP,P2,10484,4419,0,2026-01-08
2026-01-11,CD-SP,P3,5,1042,0,2026-01-08
2026-01-11,CD-SP,P4,0,1050,0,2026-01-08
2026-01-11,CD-SP,P5,2605,704,0,2026-01-11
2026-01-11,CD-PR,P1,36955,3173,0,2026-01-09
2026-01-11,CD-PR,P2,23784,1981,0,2026-01-09
2026-01-11,CD-PR,P3,3197,467,0,2026-01-09
2026-01-11,CD-PR,P4,0,471,0,2026-01-09
2026-01-11,CD-PR,P5,5,315,4500,2025-12-18
2026-01-11,CD-GO,P1,30114,2403,0,2026-01-10
2026-01-11,CD-GO,P2,19350,1500,0,2026-01-10
2026-01-11,CD-GO,P3,4802,354,0,2026-01-10
2026-01-11,CD-GO,P4,2664,356,0,2026-01-10
2026-01-11,CD-GO,P5,2617,239,0,2026-01-11
2026-01-11,CD-PE,P1,27477,3254,0,2026-01-08
2026-01-11,CD-PE,P2,11386,2032,0,2026-01-08
2026-01-11,CD-PE,P3,1,479,8100,2025-12-08
2026-01-11,CD-PE,P4,0,482,8700,2025-12-08
2026-01-11,CD-PE,P5,0,323,6000,2025-12-11
2026-01-12,CD-SP,P1,20349,7078,43400,2026-01-08
2026-01-12,CD-SP,P2,7878,4419,27450,2026-01-08
2026-01-12,CD-SP,P3,5,1042,10800,2026-01-08
2026-01-12,CD-SP,P4,0,1050,10500,2026-01-08
2026-01-12,CD-SP,P5,2450,704,5000,2026-01-11
2026-01-12,CD-PR,P1,35761,3173,0,2026-01-09
2026-01-12,CD-PR,P2,22548,1981,0,2026-01-09
2026-01-12,CD-PR,P3,2774,467,0,2026-01-09
2026-01-12,CD-PR,P4,0,471,6300,2026-01-09
2026-01-12,CD-PR,P5,5,315,4500,2025-12-18
2026-01-12,CD-GO,P1,28431,2403,0,2026-01-10
2026-01-12,CD-GO,P2,18876,1500,0,2026-01-10
2026-01-12,CD-GO,P3,4397,354,0,2026-01-10
2026-01-12,CD-GO,P4,2340,356,0,2026-01-10
2026-01-12,CD-GO,P5,2462,239,0,2026-01-11
2026-01-12,CD-PE,P1,24852,3254,0,2026-01-08
2026-01-12,CD-PE,P2,9692,2032,9000,2026-01-08
2026-01-12,CD-PE,P3,6712,479,0,2026-01-12
2026-01-12,CD-PE,P4,7740,482,0,2026-01-12
2026-01-12,CD-PE,P5,5839,323,0,2026-01-12
2026-01-13,CD-SP,P1,15855,7087,43400,2026-01-08
2026-01-13,CD-SP,P2,5432,4424,27450,2026-01-08
2026-01-13,CD-SP,P3,5,1044,10800,2026-01-08
2026-01-13,CD-SP,P4,0,1033,10500,2026-01-08
2026-01-13,CD-SP,P5,1759,704,5000,2026-01-11
2026-01-13,CD-PR,P1,33891,3177,0,2026-01-09
2026-01-13,CD-PR,P2,20664,1983,0,2026-01-09
2026-01-13,CD-PR,P3,2399,468,0,2026-01-09
2026-01-13,CD-PR,P4,0,463,6300,2026-01-09
2026-01-13,CD-PR,P5,5,315,4500,2025-12-18
2026-01-13,CD-GO,P1,26392,2407,0,2026-01-10
2026-01-13,CD-GO,P2,17840,1503,0,2026-01-10
2026-01-13,CD-GO,P3,3992,354,0,2026-01-10
2026-01-13,CD-GO,P4,2247,351,0,2026-01-10
2026-01-13,CD-GO,P5,2307,239,0,2026-01-11
2026-01-13,CD-PE,P1,22265,3260,0,2026-01-08
2026-01-13,CD-PE,P2,8336,2035,9000,2026-01-08
2026-01-13,CD-PE,P3,5821,480,0,2026-01-12
2026-01-13,CD-PE,P4,6096,475,0,2026-01-12
2026-01-13,CD-PE,P5,5803,324,0,2026-01-12
2026-01-14,CD-SP,P1,10848,7096,43400,2026-01-08
2026-01-14,CD-SP,P2,1488,4430,27450,2026-01-08
2026-01-14,CD-SP,P3,5,1046,10800,2026-01-08
2026-01-14,CD-SP,P4,0,1018,10500,2026-01-08
2026-01-14,CD-SP,P5,419,704,5000,2026-01-11
2026-01-14,CD-PR,P1,30603,3181,0,2026-01-09
2026-01-14,CD-PR,P2,19384,1986,0,2026-01-09
2026-01-14,CD-PR,P3,2264,469,0,2026-01-09
2026-01-14,CD-PR,P4,0,456,6300,2026-01-09
2026-01-14,CD-PR,P5,5,315,4500,2025-12-18
2026-01-14,CD-GO,P1,25421,2410,0,2026-01-10
2026-01-14,CD-GO,P2,16744,1505,0,2026-01-10
2026-01-14,CD-GO,P3,3974,355,0,2026-01-10
2026-01-14,CD-GO,P4,1854,346,0,2026-01-10
2026-01-14,CD-GO,P5,2283,239,0,2026-01-11
2026-01-14,CD-PE,P1,20715,3266,0,2026-01-08
2026-01-14,CD-PE,P2,7116,2039,9000,2026-01-08
2026-01-14,CD-PE,P3,4780,481,0,2026-01-12
2026-01-14,CD-PE,P4,3495,468,0,2026-01-12
2026-01-14,CD-PE,P5,5648,324,0,2026-01-12
2026-01-15,CD-SP,P1,7585,7104,42000,2026-01-15
2026-01-15,CD-SP,P2,25758,4435,0,2026-01-15
2026-01-15,CD-SP,P3,9689,1048,0,2026-01-15
2026-01-15,CD-SP,P4,9678,1003,0,2026-01-15
2026-01-15,CD-SP,P5,222,704,5000,2026-01-11
2026-01-15,CD-PR,P1,29258,3185,0,2026-01-09
2026-01-15,CD-PR,P2,18584,1988,0,2026-01-09
2026-01-15,CD-PR,P3,1928,470,0,2026-01-09
2026-01-15,CD-PR,P4,0,450,6300,2026-01-09
2026-01-15,CD-PR,P5,5,315,4500,2025-12-18
2026-01-15,CD-GO,P1,24456,2414,0,2026-01-10
2026-01-15,CD-GO,P2,16596,1507,0,2026-01-10
2026-01-15,CD-GO,P3,3500,356,0,2026-01-10
2026-01-15,CD-GO,P4,1530,341,0,2026-01-10
2026-01-15,CD-GO,P5,2265,239,0,2026-01-11
2026-01-15,CD-PE,P1,17445,3271,0,2026-01-08
2026-01-15,CD-PE,P2,15104,2042,0,2026-01-15
2026-01-15,CD-PE,P3,4450,482,0,2026-01-12
2026-01-15,CD-PE,P4,3477,462,0,2026-01-12
2026-01-15,CD-PE,P5,4987,324,0,2026-01-12
2026-01-16,CD-SP,P1,4273,7112,42000,2026-01-15
2026-01-16,CD-SP,P2,23952,4439,0,2026-01-15
2026-01-16,CD-SP,P3,9614,1049,0,2026-01-15
2026-01-16,CD-SP,P4,9180,990,0,2026-01-15
2026-01-16,CD-SP,P5,97,704,5000,2026-01-11
2026-01-16,CD-PR,P1,26887,3189,0,2026-01-09
2026-01-16,CD-PR,P2,17400,1991,0,2026-01-09
2026-01-16,CD-PR,P3,1529,471,0,2026-01-09
2026-01-16,CD-PR,P4,5907,444,0,2026-01-16
2026-01-16,CD-PR,P5,5,316,4500,2025-12-18
2026-01-16,CD-GO,P1,23527,2417,0,2026-01-10
2026-01-16,CD-GO,P2,15956,1509,0,2026-01-10
2026-01-16,CD-GO,P3,3476,357,0,2026-01-10
2026-01-16,CD-GO,P4,1149,336,0,2026-01-10
2026-01-16,CD-GO,P5,2253,239,0,2026-01-11
2026-01-16,CD-PE,P1,15768,3275,0,2026-01-08
2026-01-16,CD-PE,P2,14292,2045,0,2026-01-15
2026-01-16,CD-PE,P3,4276,483,0,2026-01-12
2026-01-16,CD-PE,P4,3402,456,0,2026-01-12
2026-01-16,CD-PE,P5,2820,324,0,2026-01-12
2026-01-17,CD-SP,P1,4074,7117,42000,2026-01-15
2026-01-17,CD-SP,P2,23892,4443,0,2026-01-15
2026-01-17,CD-SP,P3,9578,1051,0,2026-01-15
2026-01-17,CD-SP,P4,9180,980,0,2026-01-15
2026-01-17,CD-SP,P5,67,704,5000,2026-01-11
2026-01-17,CD-PR,P1,26887,3192,0,2026-01-09
2026-01-17,CD-PR,P2,17400,1992,0,2026-01-09
2026-01-17,CD-PR,P3,1529,471,0,2026-01-09
2026-01-17,CD-PR,P4,5907,439,0,2026-01-16
2026-01-17,CD-PR,P5,5,316,4500,2025-12-18
2026-01-17,CD-GO,P1,23527,2419,0,2026-01-10
2026-01-17,CD-GO,P2,15956,1510,0,2026-01-10
2026-01-17,CD-GO,P3,3476,357,0,2026-01-10
2026-01-17,CD-GO,P4,1149,333,0,2026-01-10
2026-01-17,CD-GO,P5,2253,239,0,2026-01-11
2026-01-17,CD-PE,P1,15768,3279,0,2026-01-08
2026-01-17,CD-PE,P2,14292,2047,0,2026-01-15
2026-01-17,CD-PE,P3,4276,484,0,2026-01-12
2026-01-17,CD-PE,P4,3078,451,0,2026-01-12
2026-01-17,CD-PE,P5,2820,324,0,2026-01-12
2026-01-18,CD-SP,P1,4074,7117,42000,2026-01-15
2026-01-18,CD-SP,P2,23892,4443,0,2026-01-15
2026-01-18,CD-SP,P3,9578,1051,0,2026-01-15
2026-01-18,CD-SP,P4,9180,980,0,2026-01-15
2026-01-18,CD-SP,P5,5067,704,0,2026-01-18
2026-01-18,CD-PR,P1,26887,3192,0,2026-01-09
2026-01-18,CD-PR,P2,17400,1992,0,2026-01-09
2026-01-18,CD-PR,P3,1529,471,0,2026-01-09
2026-01-18,CD-PR,P4,5907,439,0,2026-01-16
2026-01-18,CD-PR,P5,5,316,4500,2025-12-18
2026-01-18,CD-GO,P1,23527,2419,0,2026-01-10
2026-01-18,CD-GO,P2,15956,1510,0,2026-01-10
2026-01-18,CD-GO,P3,3476,357,0,2026-01-10
2026-01-18,CD-GO,P4,1149,333,0,2026-01-10
2026-01-18,CD-GO,P5,2253,239,0,2026-01-11
2026-01-18,CD-PE,P1,15768,3279,0,2026-01-08
2026-01-18,CD-PE,P2,14292,2047,0,2026-01-15
2026-01-18,CD-PE,P3,4276,484,0,2026-01-12
2026-01-18,CD-PE,P4,3078,451,0,2026-01-12
2026-01-18,CD-PE,P5,2820,324,0,2026-01-12
2026-01-19,CD-SP,P1,406,7117,42000,2026-01-15
2026-01-19,CD-SP,P2,19228,4443,0,2026-01-15
2026-01-19,CD-SP,P3,8744,1051,0,2026-01-15
2026-01-19,CD-SP,P4,8463,980,0,2026-01-15
2026-01-19,CD-SP,P5,4888,704,0,2026-01-18
2026-01-19,CD-PR,P1,25029,3192,0,2026-01-09
2026-01-19,CD-PR,P2,15570,1992,0,2026-01-09
2026-01-19,CD-PR,P3,1124,471,0,2026-01-09
2026-01-19,CD-PR,P4,5895,439,0,2026-01-16
2026-01-19,CD-PR,P5,4475,316,0,2026-01-19
2026-01-19,CD-GO,P1,22906,2419,0,2026-01-10
2026-01-19,CD-GO,P2,14742,1510,0,2026-01-10
2026-01-19,CD-GO,P3,3377,357,0,2026-01-10
2026-01-19,CD-GO,P4,1125,333,0,2026-01-10
2026-01-19,CD-GO,P5,2116,239,0,2026-01-11
2026-01-19,CD-PE,P1,12064,3279,0,2026-01-08
2026-01-19,CD-PE,P2,12990,2047,0,2026-01-15
2026-01-19,CD-PE,P3,3859,484,0,2026-01-12
2026-01-19,CD-PE,P4,2703,451,0,2026-01-12
2026-01-19,CD-PE,P5,2659,324,0,2026-01-12
2026-01-20,CD-SP,P1,56,6702,42000,2026-01-15
2026-01-20,CD-SP,P2,8710,4183,0,2026-01-15
2026-01-20,CD-SP,P3,7535,990,0,2026-01-15
2026-01-20,CD-SP,P4,7659,914,0,2026-01-15
2026-01-20,CD-SP,P5,4203,662,0,2026-01-18
2026-01-20,CD-PR,P1,19021,3006,0,2026-01-09
2026-01-20,CD-PR,P2,14782,1876,0,2026-01-09
2026-01-20,CD-PR,P3,1013,444,0,2026-01-09
2026-01-20,CD-PR,P4,5715,410,0,2026-01-16
2026-01-20,CD-PR,P5,3832,297,0,2026-01-19
2026-01-20,CD-GO,P1,18913,2278,0,2026-01-10
2026-01-20,CD-GO,P2,13872,1422,0,2026-01-10
2026-01-20,CD-GO,P3,3053,336,0,2026-01-10
2026-01-20,CD-GO,P4,1026,311,0,2026-01-10
2026-01-20,CD-GO,P5,2104,225,0,2026-01-11
2026-01-20,CD-PE,P1,9229,3088,0,2026-01-08
2026-01-20,CD-PE,P2,10750,1928,0,2026-01-15
2026-01-20,CD-PE,P3,3454,456,0,2026-01-12
2026-01-20,CD-PE,P4,1881,421,0,2026-01-12
2026-01-20,CD-PE,P5,2647,305,0,2026-01-12
2026-01-21,CD-SP,P1,39294,6308,0,2026-01-21
2026-01-21,CD-SP,P2,3626,3937,0,2026-01-15
2026-01-21,CD-SP,P3,7001,932,0,2026-01-15
2026-01-21,CD-SP,P4,6849,851,0,2026-01-15
2026-01-21,CD-SP,P5,3578,623,0,2026-01-18
2026-01-21,CD-PR,P1,14834,2829,0,2026-01-09
2026-01-21,CD-PR,P2,12520,1766,0,2026-01-09
2026-01-21,CD-PR,P3,302,418,0,2026-01-09
2026-01-21,CD-PR,P4,5091,382,0,2026-01-16
2026-01-21,CD-PR,P5,3832,279,0,2026-01-19
2026-01-21,CD-GO,P1,17737,2145,0,2026-01-10
2026-01-21,CD-GO,P2,13344,1339,0,2026-01-10
2026-01-21,CD-GO,P3,2948,317,0,2026-01-10
2026-01-21,CD-GO,P4,708,289,0,2026-01-10
2026-01-21,CD-GO,P5,1580,212,0,2026-01-11
2026-01-21,CD-PE,P1,6448,2907,0,2026-01-08
2026-01-21,CD-PE,P2,8932,1815,0,2026-01-15
2026-01-21,CD-PE,P3,3049,430,0,2026-01-12
2026-01-21,CD-PE,P4,1464,392,0,2026-01-12
2026-01-21,CD-PE,P5,2635,287,0,2026-01-12
2026-01-22,CD-SP,P1,32953,6316,0,2026-01-21
2026-01-22,CD-SP,P2,26,3942,0,2026-01-15
2026-01-22,CD-SP,P3,6197,934,0,2026-01-15
2026-01-22,CD-SP,P4,6357,837,0,2026-01-15
2026-01-22,CD-SP,P5,2845,623,0,2026-01-18
2026-01-22,CD-PR,P1,12614,2833,0,2026-01-09
2026-01-22,CD-PR,P2,10238,1768,0,2026-01-09
2026-01-22,CD-PR,P3,197,419,0,2026-01-09
2026-01-22,CD-PR,P4,4686,375,0,2026-01-16
2026-01-22,CD-PR,P5,3808,279,0,2026-01-19
2026-01-22,CD-GO,P1,16060,2148,0,2026-01-10
2026-01-22,CD-GO,P2,10332,1341,0,2026-01-10
2026-01-22,CD-GO,P3,2924,318,0,2026-01-10
2026-01-22,CD-GO,P4,258,284,0,2026-01-10
2026-01-22,CD-GO,P5,943,212,0,2026-01-11
2026-01-22,CD-PE,P1,5308,2912,0,2026-01-08
2026-01-22,CD-PE,P2,7706,1818,0,2026-01-15
2026-01-22,CD-PE,P3,2944,431,0,2026-01-12
2026-01-22,CD-PE,P4,1071,386,0,2026-01-12
2026-01-22,CD-PE,P5,2510,287,0,2026-01-12
2026-01-23,CD-SP,P1,30148,6323,0,2026-01-21
2026-01-23,CD-SP,P2,26,3947,0,2026-01-15
2026-01-23,CD-SP,P3,6080,936,0,2026-01-15
2026-01-23,CD-SP,P4,5559,823,0,2026-01-15
2026-01-23,CD-SP,P5,2690,623,0,2026-01-18
2026-01-23,CD-PR,P1,10599,2837,0,2026-01-09
2026-01-23,CD-PR,P2,6844,1771,0,2026-01-09
2026-01-23,CD-PR,P3,92,420,0,2026-01-09
2026-01-23,CD-PR,P4,4293,369,0,2026-01-16
2026-01-23,CD-PR,P5,3802,279,0,2026-01-19
2026-01-23,CD-GO,P1,14956,2151,0,2026-01-10
2026-01-23,CD-GO,P2,6904,1342,0,2026-01-10
2026-01-23,CD-GO,P3,2843,318,0,2026-01-10
2026-01-23,CD-GO,P4,234,280,0,2026-01-10
2026-01-23,CD-GO,P5,937,212,0,2026-01-11
2026-01-23,CD-PE,P1,3836,2917,0,2026-01-08
2026-01-23,CD-PE,P2,6870,1821,0,2026-01-15
2026-01-23,CD-PE,P3,2944,432,0,2026-01-12
2026-01-23,CD-PE,P4,978,380,0,2026-01-12
2026-01-23,CD-PE,P5,2486,287,0,2026-01-12
2026-01-24,CD-SP,P1,30148,6329,0,2026-01-21
2026-01-24,CD-SP,P2,26,3950,0,2026-01-15
2026-01-24,CD-SP,P3,6080,937,0,2026-01-15
2026-01-24,CD-SP,P4,5559,813,0,2026-01-15
2026-01-24,CD-SP,P5,2690,623,0,2026-01-18
2026-01-24,CD-PR,P1,10599,2839,0,2026-01-09
2026-01-24,CD-PR,P2,6844,1772,0,2026-01-09
2026-01-24,CD-PR,P3,92,420,0,2026-01-09
2026-01-24,CD-PR,P4,4293,365,0,2026-01-16
2026-01-24,CD-PR,P5,3802,279,0,2026-01-19
2026-01-24,CD-GO,P1,14938,2153,0,2026-01-10
2026-01-24,CD-GO,P2,6904,1344,0,2026-01-10
2026-01-24,CD-GO,P3,2831,319,0,2026-01-10
2026-01-24,CD-GO,P4,234,277,0,2026-01-10
2026-01-24,CD-GO,P5,931,212,0,2026-01-11
2026-01-24,CD-PE,P1,3661,2921,0,2026-01-08
2026-01-24,CD-PE,P2,6870,1823,0,2026-01-15
2026-01-24,CD-PE,P3,2926,432,0,2026-01-12
2026-01-24,CD-PE,P4,978,375,0,2026-01-12
2026-01-24,CD-PE,P5,2486,287,0,2026-01-12
2026-01-25,CD-SP,P1,30148,6329,0,2026-01-21
2026-01-25,CD-SP,P2,26,3950,0,2026-01-15
2026-01-25,CD-SP,P3,6080,937,0,2026-01-15
2026-01-25,CD-SP,P4,5559,813,0,2026-01-15
2026-01-25,CD-SP,P5,2690,623,0,2026-01-18
2026-01-25,CD-PR,P1,10599,2839,0,2026-01-09
2026-01-25,CD-PR,P2,6844,1772,0,2026-01-09
2026-01-25,CD-PR,P3,92,420,0,2026-01-09
2026-01-25,CD-PR,P4,4293,365,0,2026-01-16
2026-01-25,CD-PR,P5,3802,279,0,2026-01-19
2026-01-25,CD-GO,P1,14938,2153,0,2026-01-10
2026-01-25,CD-GO,P2,6904,1344,0,2026-01-10
2026-01-25,CD-GO,P3,2831,319,0,2026-01-10
2026-01-25,CD-GO,P4,234,277,0,2026-01-10
2026-01-25,CD-GO,P5,931,212,0,2026-01-11
2026-01-25,CD-PE,P1,3661,2921,0,2026-01-08
2026-01-25,CD-PE,P2,6870,1823,0,2026-01-15
2026-01-25,CD-PE,P3,2926,432,0,2026-01-12
2026-01-25,CD-PE,P4,978,375,0,2026-01-12
2026-01-25,CD-PE,P5,2486,287,0,2026-01-12
2026-01-26,CD-SP,P1,25491,6329,0,2026-01-21
2026-01-26,CD-SP,P2,26,3950,0,2026-01-15
2026-01-26,CD-SP,P3,4652,937,0,2026-01-15
2026-01-26,CD-SP,P4,4461,813,0,2026-01-15
2026-01-26,CD-SP,P5,2005,623,0,2026-01-18
2026-01-26,CD-PR,P1,8554,2839,0,2026-01-09
2026-01-26,CD-PR,P2,3598,1772,0,2026-01-09
2026-01-26,CD-PR,P3,5,420,0,2026-01-09
2026-01-26,CD-PR,P4,4188,365,0,2026-01-16
2026-01-26,CD-PR,P5,3659,279,0,2026-01-19
2026-01-26,CD-GO,P1,13261,2153,0,2026-01-10
2026-01-26,CD-GO,P2,3606,1344,0,2026-01-10
2026-01-26,CD-GO,P3,2426,319,0,2026-01-10
2026-01-26,CD-GO,P4,210,277,0,2026-01-10
2026-01-26,CD-GO,P5,788,212,0,2026-01-11
2026-01-26,CD-PE,P1,1193,2921,0,2026-01-08
2026-01-26,CD-PE,P2,3590,1823,0,2026-01-15
2026-01-26,CD-PE,P3,2215,432,0,2026-01-12
2026-01-26,CD-PE,P4,660,375,0,2026-01-12
2026-01-26,CD-PE,P5,2468,287,0,2026-01-12
2026-01-27,CD-SP,P1,20726,6338,0,2026-01-21
2026-01-27,CD-SP,P2,26,3956,0,2026-01-15
2026-01-27,CD-SP,P3,3689,939,0,2026-01-15
2026-01-27,CD-SP,P4,3834,797,0,2026-01-15
2026-01-27,CD-SP,P5,1856,623,0,2026-01-18
2026-01-27,CD-PR,P1,6648,2844,0,2026-01-09
2026-01-27,CD-PR,P2,22,1775,0,2026-01-09
2026-01-27,CD-PR,P3,5,421,0,2026-01-09
2026-01-27,CD-PR,P4,4083,357,0,2026-01-16
2026-01-27,CD-PR,P5,3135,279,0,2026-01-19
2026-01-27,CD-GO,P1,12151,2157,0,2026-01-10
2026-01-27,CD-GO,P2,10,1346,0,2026-01-10
2026-01-27,CD-GO,P3,1739,320,0,2026-01-10
2026-01-27,CD-GO,P4,42,271,0,2026-01-10
2026-01-27,CD-GO,P5,770,212,0,2026-01-11
2026-01-27,CD-PE,P1,5,2926,0,2026-01-08
2026-01-27,CD-PE,P2,10,1826,0,2026-01-15
2026-01-27,CD-PE,P3,2110,434,0,2026-01-12
2026-01-27,CD-PE,P4,255,368,0,2026-01-12
2026-01-27,CD-PE,P5,1325,287,0,2026-01-12
2026-01-28,CD-SP,P1,13493,6347,0,2026-01-21
2026-01-28,CD-SP,P2,2,3961,0,2026-01-15
2026-01-28,CD-SP,P3,2774,941,0,2026-01-15
2026-01-28,CD-SP,P4,2523,781,0,2026-01-15
2026-01-28,CD-SP,P5,1183,623,0,2026-01-18
2026-01-28,CD-PR,P1,4784,2848,0,2026-01-09
2026-01-28,CD-PR,P2,22,1778,0,2026-01-09
2026-01-28,CD-PR,P3,5,422,0,2026-01-09
2026-01-28,CD-PR,P4,3078,350,0,2026-01-16
2026-01-28,CD-PR,P5,3111,279,0,2026-01-19
2026-01-28,CD-GO,P1,10251,2160,0,2026-01-10
2026-01-28,CD-GO,P2,10,1348,0,2026-01-10
2026-01-28,CD-GO,P3,1634,320,0,2026-01-10
2026-01-28,CD-GO,P4,30,266,0,2026-01-10
2026-01-28,CD-GO,P5,758,212,0,2026-01-11
2026-01-28,CD-PE,P1,5,2932,0,2026-01-08
2026-01-28,CD-PE,P2,10,1830,0,2026-01-15
2026-01-28,CD-PE,P3,1705,435,0,2026-01-12
2026-01-28,CD-PE,P4,156,361,0,2026-01-12
2026-01-28,CD-PE,P5,1301,288,0,2026-01-12
2026-01-29,CD-SP,P1,8691,6355,0,2026-01-21
2026-01-29,CD-SP,P2,2,3966,0,2026-01-15
2026-01-29,CD-SP,P3,1634,943,0,2026-01-15
2026-01-29,CD-SP,P4,1719,767,0,2026-01-15
2026-01-29,CD-SP,P5,486,623,0,2026-01-18
2026-01-29,CD-PR,P1,2908,2852,0,2026-01-09
2026-01-29,CD-PR,P2,22,1780,0,2026-01-09
2026-01-29,CD-PR,P3,5,423,0,2026-01-09
2026-01-29,CD-PR,P4,2085,344,0,2026-01-16
2026-01-29,CD-PR,P5,2980,279,0,2026-01-19
2026-01-29,CD-GO,P1,9027,2164,0,2026-01-10
2026-01-29,CD-GO,P2,10,1350,0,2026-01-10
2026-01-29,CD-GO,P3,1616,321,0,2026-01-10
2026-01-29,CD-GO,P4,12,261,0,2026-01-10
2026-01-29,CD-GO,P5,740,212,0,2026-01-11
2026-01-29,CD-PE,P1,5,2937,0,2026-01-08
2026-01-29,CD-PE,P2,10,1833,0,2026-01-15
2026-01-29,CD-PE,P3,1300,436,0,2026-01-12
2026-01-29,CD-PE,P4,63,354,0,2026-01-12
2026-01-29,CD-PE,P5,1158,288,0,2026-01-12
2026-01-30,CD-SP,P1,5144,6362,0,2026-01-21
2026-01-30,CD-SP,P2,2,3971,0,2026-01-15
2026-01-30,CD-SP,P3,365,945,0,2026-01-15
2026-01-30,CD-SP,P4,1302,753,0,2026-01-15
2026-01-30,CD-SP,P5,456,623,0,2026-01-18
2026-01-30,CD-PR,P1,1068,2856,0,2026-01-09
2026-01-30,CD-PR,P2,4,1782,0,2026-01-09
2026-01-30,CD-PR,P3,5,424,0,2026-01-09
2026-01-30,CD-PR,P4,1536,338,0,2026-01-16
2026-01-30,CD-PR,P5,2462,280,0,2026-01-19
2026-01-30,CD-GO,P1,6433,2167,0,2026-01-10
2026-01-30,CD-GO,P2,10,1352,0,2026-01-10
2026-01-30,CD-GO,P3,1142,322,0,2026-01-10
2026-01-30,CD-GO,P4,6,256,0,2026-01-10
2026-01-30,CD-GO,P5,740,212,0,2026-01-11
2026-01-30,CD-PE,P1,5,2942,0,2026-01-08
2026-01-30,CD-PE,P2,10,1836,0,2026-01-15
2026-01-30,CD-PE,P3,1177,437,0,2026-01-12
2026-01-30,CD-PE,P4,39,348,0,2026-01-12
2026-01-30,CD-PE,P5,1146,288,0,2026-01-12
2026-01-31,CD-SP,P1,4969,6368,0,2026-01-21
2026-01-31,CD-SP,P2,2,3974,0,2026-01-15
2026-01-31,CD-SP,P3,365,946,0,2026-01-15
2026-01-31,CD-SP,P4,1227,743,0,2026-01-15
2026-01-31,CD-SP,P5,331,623,0,2026-01-18
2026-01-31,CD-PR,P1,1068,2859,0,2026-01-09
2026-01-31,CD-PR,P2,4,1784,0,2026-01-09
2026-01-31,CD-PR,P3,5,425,0,2026-01-09
2026-01-31,CD-PR,P4,1236,334,0,2026-01-16
2026-01-31,CD-PR,P5,2462,280,0,2026-01-19
2026-01-31,CD-GO,P1,5733,2169,0,2026-01-10
2026-01-31,CD-GO,P2,10,1354,0,2026-01-10
2026-01-31,CD-GO,P3,1142,322,0,2026-01-10
2026-01-31,CD-GO,P4,0,253,0,2026-01-10
2026-01-31,CD-GO,P5,734,212,0,2026-01-11
2026-01-31,CD-PE,P1,5,2945,0,2026-01-08
2026-01-31,CD-PE,P2,10,1838,0,2026-01-15
2026-01-31,CD-PE,P3,877,438,0,2026-01-12
2026-01-31,CD-PE,P4,39,344,0,2026-01-12
2026-01-31,CD-PE,P5,1146,288,0,2026-01-12
2026-02-01,CD-SP,P1,4969,6368,0,2026-01-21
2026-02-01,CD-SP,P2,2,3974,0,2026-01-15
2026-02-01,CD-SP,P3,365,946,0,2026-01-15
2026-02-01,CD-SP,P4,1227,743,0,2026-01-15
2026-02-01,CD-SP,P5,331,623,0,2026-01-18
2026-02-01,CD-PR,P1,1068,2859,0,2026-01-09
2026-02-01,CD-PR,P2,4,1784,0,2026-01-09
2026-02-01,CD-PR,P3,5,425,0,2026-01-09
2026-02-01,CD-PR,P4,1236,334,0,2026-01-16
2026-02-01,CD-PR,P5,2462,280,0,2026-01-19
2026-02-01,CD-GO,P1,5733,2169,0,2026-01-10
2026-02-01,CD-GO,P2,10,1354,0,2026-01-10
2026-02-01,CD-GO,P3,1142,322,0,2026-01-10
2026-02-01,CD-GO,P4,0,253,0,2026-01-10
2026-02-01,CD-GO,P5,734,212,0,2026-01-11
2026-02-01,CD-PE,P1,5,2945,0,2026-01-08
2026-02-01,CD-PE,P2,10,1838,0,2026-01-15
2026-02-01,CD-PE,P3,877,438,0,2026-01-12
2026-02-01,CD-PE,P4,39,344,0,2026-01-12
2026-02-01,CD-PE,P5,1146,288,0,2026-01-12
2026-02-02,CD-SP,P1,3,6368,56000,2026-01-21
2026-02-02,CD-SP,P2,2,3974,38700,2026-01-15
2026-02-02,CD-SP,P3,5,946,9300,2026-01-15
2026-02-02,CD-SP,P4,516,743,6300,2026-01-15
2026-02-02,CD-SP,P5,295,623,6500,2026-01-18
2026-02-02,CD-PR,P1,12,2859,35000,2026-01-09
2026-02-02,CD-PR,P2,4,1784,23400,2026-01-09
2026-02-02,CD-PR,P3,5,425,5700,2026-01-09
2026-02-02,CD-PR,P4,618,334,3300,2026-01-16
2026-02-02,CD-PR,P5,2444,280,1500,2026-01-19
2026-02-02,CD-GO,P1,88,2169,21700,2026-01-10
2026-02-02,CD-GO,P2,10,1354,17550,2026-01-10
2026-02-02,CD-GO,P3,578,322,3300,2026-01-10
2026-02-02,CD-GO,P4,0,253,3300,2026-01-10
2026-02-02,CD-GO,P5,597,212,2500,2026-01-11
2026-02-02,CD-PE,P1,5,2945,46900,2026-01-08
2026-02-02,CD-PE,P2,10,1838,29700,2026-01-15
2026-02-02,CD-PE,P3,523,438,6600,2026-01-12
2026-02-02,CD-PE,P4,15,344,5700,2026-01-12
2026-02-02,CD-PE,P5,967,288,4000,2026-01-12
2026-02-03,CD-SP,P1,3,6405,56000,2026-01-21
2026-02-03,CD-SP,P2,2,3991,38700,2026-01-15
2026-02-03,CD-SP,P3,5,955,9300,2026-01-15
2026-02-03,CD-SP,P4,126,749,6300,2026-01-15
2026-02-03,CD-SP,P5,33,623,6500,2026-01-18
2026-02-03,CD-PR,P1,12,2876,35000,2026-01-09
2026-02-03,CD-PR,P2,4,1792,23400,2026-01-09
2026-02-03,CD-PR,P3,5,429,5700,2026-01-09
2026-02-03,CD-PR,P4,0,336,3300,2026-01-16
2026-02-03,CD-PR,P5,729,280,1500,2026-01-19
2026-02-03,CD-GO,P1,4,2182,21700,2026-01-10
2026-02-03,CD-GO,P2,10,1360,17550,2026-01-10
2026-02-03,CD-GO,P3,23,325,3300,2026-01-10
2026-02-03,CD-GO,P4,0,255,3300,2026-01-10
2026-02-03,CD-GO,P5,579,212,2500,2026-01-11
2026-02-03,CD-PE,P1,5,2964,46900,2026-01-08
2026-02-03,CD-PE,P2,10,1847,29700,2026-01-15
2026-02-03,CD-PE,P3,1,442,6600,2026-01-12
2026-02-03,CD-PE,P4,15,347,5700,2026-01-12
2026-02-03,CD-PE,P5,312,288,4000,2026-01-12
2026-02-04,CD-SP,P1,3,6440,56000,2026-01-21
2026-02-04,CD-SP,P2,2,4007,38700,2026-01-15
2026-02-04,CD-SP,P3,5,963,9300,2026-01-15
2026-02-04,CD-SP,P4,3,754,6300,2026-01-15
2026-02-04,CD-SP,P5,33,623,6500,2026-01-18
2026-02-04,CD-PR,P1,0,2892,35000,2026-01-09
2026-02-04,CD-PR,P2,4,1799,23400,2026-01-09
2026-02-04,CD-PR,P3,5,432,5700,2026-01-09
2026-02-04,CD-PR,P4,0,339,3300,2026-01-16
2026-02-04,CD-PR,P5,175,280,1500,2026-01-19
2026-02-04,CD-GO,P1,4,2195,21700,2026-01-10
2026-02-04,CD-GO,P2,10,1366,17550,2026-01-10
2026-02-04,CD-GO,P3,11,328,3300,2026-01-10
2026-02-04,CD-GO,P4,0,257,3300,2026-01-10
2026-02-04,CD-GO,P5,67,212,2500,2026-01-11
2026-02-04,CD-PE,P1,5,2982,46900,2026-01-08
2026-02-04,CD-PE,P2,10,1855,29700,2026-01-15
2026-02-04,CD-PE,P3,1,446,6600,2026-01-12
2026-02-04,CD-PE,P4,15,349,5700,2026-01-12
2026-02-04,CD-PE,P5,175,288,4000,2026-01-12
2026-02-05,CD-SP,P1,35726,6472,0,2026-02-05
2026-02-05,CD-SP,P2,3850,4022,0,2026-02-05
2026-02-05,CD-SP,P3,4553,970,0,2026-02-05
2026-02-05,CD-SP,P4,3714,759,0,2026-02-05
2026-02-05,CD-SP,P5,9,623,6500,2026-01-18
2026-02-05,CD-PR,P1,0,2907,35000,2026-01-09
2026-02-05,CD-PR,P2,4,1806,23400,2026-01-09
2026-02-05,CD-PR,P3,5,436,5700,2026-01-09
2026-02-05,CD-PR,P4,0,341,3300,2026-01-16
2026-02-05,CD-PR,P5,157,280,1500,2026-01-19
2026-02-05,CD-GO,P1,4,2207,21700,2026-01-10
2026-02-05,CD-GO,P2,10,1371,17550,2026-01-10
2026-02-05,CD-GO,P3,5,331,3300,2026-01-10
2026-02-05,CD-GO,P4,0,259,3300,2026-01-10
2026-02-05,CD-GO,P5,49,212,2500,2026-01-11
2026-02-05,CD-PE,P1,35892,2998,0,2026-02-05
2026-02-05,CD-PE,P2,6350,1863,0,2026-02-05
2026-02-05,CD-PE,P3,1,450,6600,2026-01-12
2026-02-05,CD-PE,P4,15,352,5700,2026-01-12
2026-02-05,CD-PE,P5,4044,288,0,2026-02-05
2026-02-06,CD-SP,P1,32197,6502,0,2026-02-05
2026-02-06,CD-SP,P2,1794,4036,0,2026-02-05
2026-02-06,CD-SP,P3,4049,977,0,2026-02-05
2026-02-06,CD-SP,P4,3141,763,0,2026-02-05
2026-02-06,CD-SP,P5,9,623,6500,2026-01-18
2026-02-06,CD-PR,P1,33088,2920,0,2026-02-06
2026-02-06,CD-PR,P2,22498,1813,0,2026-02-06
2026-02-06,CD-PR,P3,5165,439,0,2026-02-06
2026-02-06,CD-PR,P4,3270,343,0,2026-02-06
2026-02-06,CD-PR,P5,14,280,1500,2026-01-19
2026-02-06,CD-GO,P1,4,2217,21700,2026-01-10
2026-02-06,CD-GO,P2,10,1376,17550,2026-01-10
2026-02-06,CD-GO,P3,5,333,3300,2026-01-10
2026-02-06,CD-GO,P4,0,260,3300,2026-01-10
2026-02-06,CD-GO,P5,49,212,2500,2026-01-11
2026-02-06,CD-PE,P1,34179,3014,0,2026-02-05
2026-02-06,CD-PE,P2,5692,1870,0,2026-02-05
2026-02-06,CD-PE,P3,1,453,6600,2026-01-12
2026-02-06,CD-PE,P4,3,354,5700,2026-01-12
2026-02-06,CD-PE,P5,3883,289,0,2026-02-05
2026-02-07,CD-SP,P1,32197,6524,0,2026-02-05
2026-02-07,CD-SP,P2,1794,4046,0,2026-02-05
2026-02-07,CD-SP,P3,4049,982,0,2026-02-05
2026-02-07,CD-SP,P4,3141,767,0,2026-02-05
2026-02-07,CD-SP,P5,9,623,6500,2026-01-18
2026-02-07,CD-PR,P1,33088,2931,0,2026-02-06
2026-02-07,CD-PR,P2,22498,1817,0,2026-02-06
2026-02-07,CD-PR,P3,5165,441,0,2026-02-06
2026-02-07,CD-PR,P4,3195,344,0,2026-02-06
2026-02-07,CD-PR,P5,14,280,1500,2026-01-19
2026-02-07,CD-GO,P1,21704,2225,0,2026-02-07
2026-02-07,CD-GO,P2,17560,1380,0,2026-02-07
2026-02-07,CD-GO,P3,3305,335,0,2026-02-07
2026-02-07,CD-GO,P4,3300,261,0,2026-02-07
2026-02-07,CD-GO,P5,43,212,2500,2026-01-11
2026-02-07,CD-PE,P1,34179,3025,0,2026-02-05
2026-02-07,CD-PE,P2,5692,1876,0,2026-02-05
2026-02-07,CD-PE,P3,1,455,6600,2026-01-12
2026-02-07,CD-PE,P4,3,355,5700,2026-01-12
2026-02-07,CD-PE,P5,3883,289,0,2026-02-05
2026-02-08,CD-SP,P1,32197,6524,0,2026-02-05
2026-02-08,CD-SP,P2,1794,4046,0,2026-02-05
2026-02-08,CD-SP,P3,4049,982,0,2026-02-05
2026-02-08,CD-SP,P4,3141,767,0,2026-02-05
2026-02-08,CD-SP,P5,6509,623,0,2026-02-08
2026-02-08,CD-PR,P1,33088,2931,0,2026-02-06
2026-02-08,CD-PR,P2,22498,1817,0,2026-02-06
2026-02-08,CD-PR,P3,5165,441,0,2026-02-06
2026-02-08,CD-PR,P4,3195,344,0,2026-02-06
2026-02-08,CD-PR,P5,14,280,1500,2026-01-19
2026-02-08,CD-GO,P1,21704,2225,0,2026-02-07
2026-02-08,CD-GO,P2,17560,1380,0,2026-02-07
2026-02-08,CD-GO,P3,3305,335,0,2026-02-07
2026-02-08,CD-GO,P4,3300,261,0,2026-02-07
2026-02-08,CD-GO,P5,2543,212,0,2026-02-08
2026-02-08,CD-PE,P1,34179,3025,0,2026-02-05
2026-02-08,CD-PE,P2,5692,1876,0,2026-02-05
2026-02-08,CD-PE,P3,1,455,6600,2026-01-12
2026-02-08,CD-PE,P4,3,355,5700,2026-01-12
2026-02-08,CD-PE,P5,3883,289,0,2026-02-05
2026-02-09,CD-SP,P1,27564,6524,30100,2026-02-05
2026-02-09,CD-SP,P2,18,4046,37800,2026-02-05
2026-02-09,CD-SP,P3,3608,982,6000,2026-02-05
2026-02-09,CD-SP,P4,2337,767,4500,2026-02-05
2026-02-09,CD-SP,P5,5211,623,0,2026-02-08
2026-02-09,CD-PR,P1,31170,2931,4200,2026-02-06
2026-02-09,CD-PR,P2,19312,1817,0,2026-02-06
2026-02-09,CD-PR,P3,4250,441,900,2026-02-06
2026-02-09,CD-PR,P4,3096,344,1500,2026-02-06
2026-02-09,CD-PR,P5,14,280,4000,2026-01-19
2026-02-09,CD-GO,P1,19864,2225,6300,2026-02-07
2026-02-09,CD-GO,P2,16376,1380,0,2026-02-07
2026-02-09,CD-GO,P3,2975,335,1200,2026-02-07
2026-02-09,CD-GO,P4,2913,261,0,2026-02-07
2026-02-09,CD-GO,P5,1382,212,500,2026-02-08
2026-02-09,CD-PE,P1,32291,3025,14000,2026-02-05
2026-02-09,CD-PE,P2,3880,1876,24750,2026-02-05
2026-02-09,CD-PE,P3,1,455,7800,2026-01-12
2026-02-09,CD-PE,P4,5298,355,0,2026-02-09
2026-02-09,CD-PE,P5,3710,289,1500,2026-02-05
2026-02-10,CD-SP,P1,21381,6561,30100,2026-02-05
2026-02-10,CD-SP,P2,6,4063,37800,2026-02-05
2026-02-10,CD-SP,P3,2699,991,6000,2026-02-05
2026-02-10,CD-SP,P4,2238,772,4500,2026-02-05
2026-02-10,CD-SP,P5,5020,623,0,2026-02-08
2026-02-10,CD-PR,P1,28395,2948,4200,2026-02-06
2026-02-10,CD-PR,P2,14492,1825,0,2026-02-06
2026-02-10,CD-PR,P3,3209,445,900,2026-02-06
2026-02-10,CD-PR,P4,2496,347,1500,2026-02-06
2026-02-10,CD-PR,P5,1496,280,2500,2026-02-10
2026-02-10,CD-GO,P1,18784,2238,6300,2026-02-07
2026-02-10,CD-GO,P2,14536,1386,0,2026-02-07
2026-02-10,CD-GO,P3,2807,338,1200,2026-02-07
2026-02-10,CD-GO,P4,2814,263,0,2026-02-07
2026-02-10,CD-GO,P5,1370,212,500,2026-02-08
2026-02-10,CD-PE,P1,29528,3044,14000,2026-02-05
2026-02-10,CD-PE,P2,2624,1884,24750,2026-02-05
2026-02-10,CD-PE,P3,1,460,7800,2026-01-12
2026-02-10,CD-PE,P4,4911,358,0,2026-02-09
2026-02-10,CD-PE,P5,3067,289,1500,2026-02-05
2026-02-11,CD-SP,P1,16597,6596,30100,2026-02-05
2026-02-11,CD-SP,P2,6,4079,37800,2026-02-05
2026-02-11,CD-SP,P3,1553,999,6000,2026-02-05
2026-02-11,CD-SP,P4,1827,777,4500,2026-02-05
2026-02-11,CD-SP,P5,4829,623,0,2026-02-08
2026-02-11,CD-PR,P1,26507,2964,4200,2026-02-06
2026-02-11,CD-PR,P2,12102,1832,0,2026-02-06
2026-02-11,CD-PR,P3,3098,449,900,2026-02-06
2026-02-11,CD-PR,P4,2385,349,1500,2026-02-06
2026-02-11,CD-PR,P5,353,280,2500,2026-02-10
2026-02-11,CD-GO,P1,16214,2251,6300,2026-02-07
2026-02-11,CD-GO,P2,12108,1392,0,2026-02-07
2026-02-11,CD-GO,P3,2465,341,1200,2026-02-07
2026-02-11,CD-GO,P4,2727,265,0,2026-02-07
2026-02-11,CD-GO,P5,721,212,500,2026-02-08
2026-02-11,CD-PE,P1,27640,3061,14000,2026-02-05
2026-02-11,CD-PE,P2,830,1893,24750,2026-02-05
2026-02-11,CD-PE,P3,6502,464,1200,2026-02-11
2026-02-11,CD-PE,P4,4593,361,0,2026-02-09
2026-02-11,CD-PE,P5,3037,289,1500,2026-02-05
2026-02-12,CD-SP,P1,42034,6629,0,2026-02-12
2026-02-12,CD-SP,P2,34460,4093,0,2026-02-12
2026-02-12,CD-SP,P3,7049,1007,0,2026-02-12
2026-02-12,CD-SP,P4,5934,782,0,2026-02-12
2026-02-12,CD-SP,P5,4305,623,0,2026-02-08
2026-02-12,CD-PR,P1,25337,2979,4200,2026-02-06
2026-02-12,CD-PR,P2,10846,1839,0,2026-02-06
2026-02-12,CD-PR,P3,3062,452,900,2026-02-06
2026-02-12,CD-PR,P4,2373,351,1500,2026-02-06
2026-02-12,CD-PR,P5,341,280,2500,2026-02-10
2026-02-12,CD-GO,P1,15889,2263,6300,2026-02-07
2026-02-12,CD-GO,P2,10988,1397,0,2026-02-07
2026-02-12,CD-GO,P3,2372,344,1200,2026-02-07
2026-02-12,CD-GO,P4,2415,267,0,2026-02-07
2026-02-12,CD-GO,P5,703,213,500,2026-02-08
2026-02-12,CD-PE,P1,38153,3078,0,2026-02-12
2026-02-12,CD-PE,P2,24284,1901,0,2026-02-12
2026-02-12,CD-PE,P3,6403,467,1200,2026-02-11
2026-02-12,CD-PE,P4,4500,363,0,2026-02-09
2026-02-12,CD-PE,P5,4525,289,0,2026-02-12
2026-02-13,CD-SP,P1,40122,6659,0,2026-02-12
2026-02-13,CD-SP,P2,33520,4107,0,2026-02-12
2026-02-13,CD-SP,P3,6926,1014,0,2026-02-12
2026-02-13,CD-SP,P4,5229,787,0,2026-02-12
2026-02-13,CD-SP,P5,4156,623,0,2026-02-08
2026-02-13,CD-PR,P1,27009,2992,0,2026-02-13
2026-02-13,CD-PR,P2,9786,1846,0,2026-02-06
2026-02-13,CD-PR,P3,3263,456,0,2026-02-13
2026-02-13,CD-PR,P4,3486,354,0,2026-02-13
2026-02-13,CD-PR,P5,329,280,2500,2026-02-10
2026-02-13,CD-GO,P1,14073,2273,6300,2026-02-07
2026-02-13,CD-GO,P2,10834,1402,0,2026-02-07
2026-02-13,CD-GO,P3,2054,346,1200,2026-02-07
2026-02-13,CD-GO,P4,2397,269,0,2026-02-07
2026-02-13,CD-GO,P5,691,213,500,2026-02-08
2026-02-13,CD-PE,P1,37707,3093,0,2026-02-12
2026-02-13,CD-PE,P2,24046,1908,0,2026-02-12
2026-02-13,CD-PE,P3,6310,471,1200,2026-02-11
2026-02-13,CD-PE,P4,4494,365,0,2026-02-09
2026-02-13,CD-PE,P5,3876,289,0,2026-02-12
2026-02-14,CD-SP,P1,40122,6681,0,2026-02-12
2026-02-14,CD-SP,P2,32506,4117,0,2026-02-12
2026-02-14,CD-SP,P3,6626,1019,0,2026-02-12
2026-02-14,CD-SP,P4,5229,790,0,2026-02-12
2026-02-14,CD-SP,P5,4156,623,0,2026-02-08
2026-02-14,CD-PR,P1,27009,3002,0,2026-02-13
2026-02-14,CD-PR,P2,9786,1850,0,2026-02-06
2026-02-14,CD-PR,P3,3188,458,0,2026-02-13
2026-02-14,CD-PR,P4,3486,355,0,2026-02-13
2026-02-14,CD-PR,P5,329,280,2500,2026-02-10
2026-02-14,CD-GO,P1,20373,2281,0,2026-02-14
2026-02-14,CD-GO,P2,10834,1406,0,2026-02-07
2026-02-14,CD-GO,P3,3254,348,0,2026-02-14
2026-02-14,CD-GO,P4,2397,270,0,2026-02-07
2026-02-14,CD-GO,P5,691,213,500,2026-02-08
2026-02-14,CD-PE,P1,37007,3104,0,2026-02-12
2026-02-14,CD-PE,P2,23596,1913,0,2026-02-12
2026-02-14,CD-PE,P3,6310,473,1200,2026-02-11
2026-02-14,CD-PE,P4,4494,367,0,2026-02-09
2026-02-14,CD-PE,P5,3876,289,0,2026-02-12
2026-02-15,CD-SP,P1,40122,6681,0,2026-02-12
2026-02-15,CD-SP,P2,32506,4117,0,2026-02-12
2026-02-15,CD-SP,P3,6626,1019,0,2026-02-12
2026-02-15,CD-SP,P4,5229,790,0,2026-02-12
2026-02-15,CD-SP,P5,4156,623,0,2026-02-08
2026-02-15,CD-PR,P1,27009,3002,0,2026-02-13
2026-02-15,CD-PR,P2,9786,1850,0,2026-02-06
2026-02-15,CD-PR,P3,3188,458,0,2026-02-13
2026-02-15,CD-PR,P4,3486,355,0,2026-02-13
2026-02-15,CD-PR,P5,329,280,2500,2026-02-10
2026-02-15,CD-GO,P1,20373,2281,0,2026-02-14
2026-02-15,CD-GO,P2,10834,1406,0,2026-02-07
2026-02-15,CD-GO,P3,3254,348,0,2026-02-14
2026-02-15,CD-GO,P4,2397,270,0,2026-02-07
2026-02-15,CD-GO,P5,1191,213,0,2026-02-15
2026-02-15,CD-PE,P1,37007,3104,0,2026-02-12
2026-02-15,CD-PE,P2,23596,1913,0,2026-02-12
2026-02-15,CD-PE,P3,6310,473,1200,2026-02-11
2026-02-15,CD-PE,P4,4494,367,0,2026-02-09
2026-02-15,CD-PE,P5,3876,289,0,2026-02-12
2026-02-16,CD-SP,P1,40122,6681,23800,2026-02-12
2026-02-16,CD-SP,P2,32506,4117,0,2026-02-12
2026-02-16,CD-SP,P3,6626,1019,300,2026-02-12
2026-02-16,CD-SP,P4,5229,790,0,2026-02-12
2026-02-16,CD-SP,P5,4156,623,2500,2026-02-08
2026-02-16,CD-PR,P1,27009,3002,0,2026-02-13
2026-02-16,CD-PR,P2,9786,1850,14400,2026-02-06
2026-02-16,CD-PR,P3,3188,458,0,2026-02-13
2026-02-16,CD-PR,P4,3486,355,0,2026-02-13
2026-02-16,CD-PR,P5,329,280,2500,2026-02-10
2026-02-16,CD-GO,P1,20373,2281,0,2026-02-14
2026-02-16,CD-GO,P2,10834,1406,2700,2026-02-07
2026-02-16,CD-GO,P3,3254,348,0,2026-02-14
2026-02-16,CD-GO,P4,2397,270,0,2026-02-07
2026-02-16,CD-GO,P5,1191,213,2000,2026-02-15
2026-02-16,CD-PE,P1,37007,3104,0,2026-02-12
2026-02-16,CD-PE,P2,23596,1913,0,2026-02-12
2026-02-16,CD-PE,P3,7510,473,0,2026-02-16
2026-02-16,CD-PE,P4,4494,367,0,2026-02-09
2026-02-16,CD-PE,P5,3876,289,0,2026-02-12
2026-02-17,CD-SP,P1,40122,7142,23800,2026-02-12
2026-02-17,CD-SP,P2,32506,4399,0,2026-02-12
2026-02-17,CD-SP,P3,6626,1090,300,2026-02-12
2026-02-17,CD-SP,P4,5229,845,0,2026-02-12
2026-02-17,CD-SP,P5,4156,664,2500,2026-02-08
2026-02-17,CD-PR,P1,27009,3210,0,2026-02-13
2026-02-17,CD-PR,P2,9786,1977,14400,2026-02-06
2026-02-17,CD-PR,P3,3188,490,0,2026-02-13
2026-02-17,CD-PR,P4,3486,380,0,2026-02-13
2026-02-17,CD-PR,P5,2829,299,0,2026-02-17
2026-02-17,CD-GO,P1,20373,2439,0,2026-02-14
2026-02-17,CD-GO,P2,10834,1502,2700,2026-02-07
2026-02-17,CD-GO,P3,3254,372,0,2026-02-14
2026-02-17,CD-GO,P4,2397,289,0,2026-02-07
2026-02-17,CD-GO,P5,1191,227,2000,2026-02-15
2026-02-17,CD-PE,P1,37007,3319,0,2026-02-12
2026-02-17,CD-PE,P2,23596,2045,0,2026-02-12
2026-02-17,CD-PE,P3,7510,507,0,2026-02-16
2026-02-17,CD-PE,P4,4494,393,0,2026-02-09
2026-02-17,CD-PE,P5,3876,309,0,2026-02-12
2026-02-18,CD-SP,P1,35688,7580,23800,2026-02-12
2026-02-18,CD-SP,P2,29450,4667,0,2026-02-12
2026-02-18,CD-SP,P3,5798,1158,300,2026-02-12
2026-02-18,CD-SP,P4,4818,897,0,2026-02-12
2026-02-18,CD-SP,P5,3620,704,2500,2026-02-08
2026-02-18,CD-PR,P1,24481,3407,0,2026-02-13
2026-02-18,CD-PR,P2,7968,2098,14400,2026-02-06
2026-02-18,CD-PR,P3,2783,521,0,2026-02-13
2026-02-18,CD-PR,P4,3168,403,0,2026-02-13
2026-02-18,CD-PR,P5,2656,316,0,2026-02-17
2026-02-18,CD-GO,P1,20102,2589,0,2026-02-14
2026-02-18,CD-GO,P2,9626,1594,2700,2026-02-07
2026-02-18,CD-GO,P3,3143,396,0,2026-02-14
2026-02-18,CD-GO,P4,2310,306,0,2026-02-07
2026-02-18,CD-GO,P5,1167,240,2000,2026-02-15
2026-02-18,CD-PE,P1,34413,3524,0,2026-02-12
2026-02-18,CD-PE,P2,22388,2169,0,2026-02-12
2026-02-18,CD-PE,P3,7117,539,0,2026-02-16
2026-02-18,CD-PE,P4,4419,417,0,2026-02-09
2026-02-18,CD-PE,P5,3852,327,0,2026-02-12
2026-02-19,CD-SP,P1,34663,7613,20300,2026-02-19
2026-02-19,CD-SP,P2,28016,4682,0,2026-02-12
2026-02-19,CD-SP,P3,5600,1166,0,2026-02-19
2026-02-19,CD-SP,P4,4413,902,0,2026-02-12
2026-02-19,CD-SP,P5,2953,704,2500,2026-02-08
2026-02-19,CD-PR,P1,22575,3422,0,2026-02-13
2026-02-19,CD-PR,P2,6814,2104,14400,2026-02-06
2026-02-19,CD-PR,P3,2753,524,0,2026-02-13
2026-02-19,CD-PR,P4,2832,406,0,2026-02-13
2026-02-19,CD-PR,P5,2638,316,0,2026-02-17
2026-02-19,CD-GO,P1,18268,2601,0,2026-02-14
2026-02-19,CD-GO,P2,8986,1599,2700,2026-02-07
2026-02-19,CD-GO,P3,2750,398,0,2026-02-14
2026-02-19,CD-GO,P4,2298,308,0,2026-02-07
2026-02-19,CD-GO,P5,1024,240,2000,2026-02-15
2026-02-19,CD-PE,P1,32621,3540,0,2026-02-12
2026-02-19,CD-PE,P2,21168,2177,0,2026-02-12
2026-02-19,CD-PE,P3,6382,542,0,2026-02-16
2026-02-19,CD-PE,P4,3789,420,0,2026-02-09
2026-02-19,CD-PE,P5,3715,327,0,2026-02-12
2026-02-20,CD-SP,P1,32432,7643,20300,2026-02-19
2026-02-20,CD-SP,P2,24972,4695,0,2026-02-12
2026-02-20,CD-SP,P3,5189,1173,0,2026-02-19
2026-02-20,CD-SP,P4,4020,907,0,2026-02-12
2026-02-20,CD-SP,P5,2786,704,2500,2026-02-08
2026-02-20,CD-PR,P1,21785,3436,0,2026-02-13
2026-02-20,CD-PR,P2,19982,2111,0,2026-02-20
2026-02-20,CD-PR,P3,2360,527,0,2026-02-13
2026-02-20,CD-PR,P4,2670,408,0,2026-02-13
2026-02-20,CD-PR,P5,2632,316,0,2026-02-17
2026-02-20,CD-GO,P1,17502,2611,0,2026-02-14
2026-02-20,CD-GO,P2,8702,1604,2700,2026-02-07
2026-02-20,CD-GO,P3,2663,401,0,2026-02-14
2026-02-20,CD-GO,P4,2292,310,0,2026-02-07
2026-02-20,CD-GO,P5,1006,240,2000,2026-02-15
2026-02-20,CD-PE,P1,30691,3555,0,2026-02-12
2026-02-20,CD-PE,P2,20552,2184,0,2026-02-12
2026-02-20,CD-PE,P3,6358,546,0,2026-02-16
2026-02-20,CD-PE,P4,3777,422,0,2026-02-09
2026-02-20,CD-PE,P5,3197,327,0,2026-02-12
2026-02-21,CD-SP,P1,31032,7665,20300,2026-02-19
2026-02-21,CD-SP,P2,23960,4705,0,2026-02-12
2026-02-21,CD-SP,P3,5189,1178,0,2026-02-19
2026-02-21,CD-SP,P4,4020,910,0,2026-02-12
2026-02-21,CD-SP,P5,2786,704,2500,2026-02-08
2026-02-21,CD-PR,P1,21610,3446,0,2026-02-13
2026-02-21,CD-PR,P2,19952,2115,0,2026-02-20
2026-02-21,CD-PR,P3,2360,530,0,2026-02-13
2026-02-21,CD-PR,P4,2670,409,0,2026-02-13
2026-02-21,CD-PR,P5,2632,316,0,2026-02-17
2026-02-21,CD-GO,P1,17502,2619,0,2026-02-14
2026-02-21,CD-GO,P2,8252,1608,2700,2026-02-07
2026-02-21,CD-GO,P3,2657,403,0,2026-02-14
2026-02-21,CD-GO,P4,2292,311,0,2026-02-07
2026-02-21,CD-GO,P5,1006,240,2000,2026-02-15
2026-02-21,CD-PE,P1,30691,3567,0,2026-02-12
2026-02-21,CD-PE,P2,20552,2190,0,2026-02-12
2026-02-21,CD-PE,P3,6358,548,0,2026-02-16
2026-02-21,CD-PE,P4,3702,423,0,2026-02-09
2026-02-21,CD-PE,P5,3197,327,0,2026-02-12
2026-02-22,CD-SP,P1,51332,7665,0,2026-02-22
2026-02-22,CD-SP,P2,23960,4705,0,2026-02-12
2026-02-22,CD-SP,P3,5189,1178,0,2026-02-19
2026-02-22,CD-SP,P4,4020,910,0,2026-02-12
2026-02-22,CD-SP,P5,5286,704,0,2026-02-22
2026-02-22,CD-PR,P1,21610,3446,0,2026-02-13
2026-02-22,CD-PR,P2,19952,2115,0,2026-02-20
2026-02-22,CD-PR,P3,2360,530,0,2026-02-13
2026-02-22,CD-PR,P4,2670,409,0,2026-02-13
2026-02-22,CD-PR,P5,2632,316,0,2026-02-17
2026-02-22,CD-GO,P1,17502,2619,0,2026-02-14
2026-02-22,CD-GO,P2,10952,1608,0,2026-02-22
2026-02-22,CD-GO,P3,2657,403,0,2026-02-14
2026-02-22,CD-GO,P4,2292,311,0,2026-02-07
2026-02-22,CD-GO,P5,3006,240,0,2026-02-22
2026-02-22,CD-PE,P1,30691,3567,0,2026-02-12
2026-02-22,CD-PE,P2,20552,2190,0,2026-02-12
2026-02-22,CD-PE,P3,6358,548,0,2026-02-16
2026-02-22,CD-PE,P4,3702,423,0,2026-02-09
2026-02-22,CD-PE,P5,3197,327,0,2026-02-12
2026-02-23,CD-SP,P1,44600,7665,0,2026-02-22
2026-02-23,CD-SP,P2,21010,4705,0,2026-02-12
2026-02-23,CD-SP,P3,4655,1178,0,2026-02-19
2026-02-23,CD-SP,P4,3303,910,0,2026-02-12
2026-02-23,CD-SP,P5,5119,704,0,2026-02-22
2026-02-23,CD-PR,P1,19915,3446,0,2026-02-13
2026-02-23,CD-PR,P2,18820,2115,0,2026-02-20
2026-02-23,CD-PR,P3,1955,530,0,2026-02-13
2026-02-23,CD-PR,P4,2277,409,0,2026-02-13
2026-02-23,CD-PR,P5,2489,316,0,2026-02-17
2026-02-23,CD-GO,P1,16211,2619,0,2026-02-14
2026-02-23,CD-GO,P2,9720,1608,0,2026-02-22
2026-02-23,CD-GO,P3,2327,403,0,2026-02-14
2026-02-23,CD-GO,P4,1680,311,0,2026-02-07
2026-02-23,CD-GO,P5,2357,240,0,2026-02-22
2026-02-23,CD-PE,P1,28809,3567,0,2026-02-12
2026-02-23,CD-PE,P2,19314,2190,0,2026-02-12
2026-02-23,CD-PE,P3,6253,548,0,2026-02-16
2026-02-23,CD-PE,P4,3678,423,0,2026-02-09
2026-02-23,CD-PE,P5,3042,327,0,2026-02-12
2026-02-24,CD-SP,P1,38634,7701,0,2026-02-22
2026-02-24,CD-SP,P2,17724,4722,0,2026-02-12
2026-02-24,CD-SP,P3,3446,1187,0,2026-02-19
2026-02-24,CD-SP,P4,3105,915,0,2026-02-12
2026-02-24,CD-SP,P5,3940,704,0,2026-02-22
2026-02-24,CD-PR,P1,17152,3463,0,2026-02-13
2026-02-24,CD-PR,P2,17358,2123,0,2026-02-20
2026-02-24,CD-PR,P3,1838,534,0,2026-02-13
2026-02-24,CD-PR,P4,1878,412,0,2026-02-13
2026-02-24,CD-PR,P5,1971,316,0,2026-02-17
2026-02-24,CD-GO,P1,14498,2633,0,2026-02-14
2026-02-24,CD-GO,P2,8944,1614,0,2026-02-22
2026-02-24,CD-GO,P3,1916,406,0,2026-02-14
2026-02-24,CD-GO,P4,1512,313,0,2026-02-07
2026-02-24,CD-GO,P5,2345,240,0,2026-02-22
2026-02-24,CD-PE,P1,26034,3585,0,2026-02-12
2026-02-24,CD-PE,P2,18088,2198,0,2026-02-12
2026-02-24,CD-PE,P3,5536,553,0,2026-02-16
2026-02-24,CD-PE,P4,3291,426,0,2026-02-09
2026-02-24,CD-PE,P5,3042,328,0,2026-02-12
2026-02-25,CD-SP,P1,33820,7736,0,2026-02-22
2026-02-25,CD-SP,P2,15378,4738,0,2026-02-12
2026-02-25,CD-SP,P3,2624,1195,0,2026-02-19
2026-02-25,CD-SP,P4,2394,921,0,2026-02-12
2026-02-25,CD-SP,P5,3612,704,0,2026-02-22
2026-02-25,CD-PR,P1,15264,3479,0,2026-02-13
2026-02-25,CD-PR,P2,15522,2131,0,2026-02-20
2026-02-25,CD-PR,P3,1439,537,0,2026-02-13
2026-02-25,CD-PR,P4,1866,414,0,2026-02-13
2026-02-25,CD-PR,P5,1328,316,0,2026-02-17
2026-02-25,CD-GO,P1,14088,2645,0,2026-02-14
2026-02-25,CD-GO,P2,7742,1620,0,2026-02-22
2026-02-25,CD-GO,P3,1823,409,0,2026-02-14
2026-02-25,CD-GO,P4,1200,315,0,2026-02-07
2026-02-25,CD-GO,P5,2202,241,0,2026-02-22
2026-02-25,CD-PE,P1,24224,3603,0,2026-02-12
2026-02-25,CD-PE,P2,16726,2207,0,2026-02-12
2026-02-25,CD-PE,P3,5338,557,0,2026-02-16
2026-02-25,CD-PE,P4,2886,429,0,2026-02-09
2026-02-25,CD-PE,P5,3018,328,0,2026-02-12
2026-02-26,CD-SP,P1,28964,7769,0,2026-02-22
2026-02-26,CD-SP,P2,12986,4753,0,2026-02-12
2026-02-26,CD-SP,P3,1865,1203,0,2026-02-19
2026-02-26,CD-SP,P4,1596,925,0,2026-02-12
2026-02-26,CD-SP,P5,2933,704,0,2026-02-22
2026-02-26,CD-PR,P1,13339,3494,0,2026-02-13
2026-02-26,CD-PR,P2,14350,2138,0,2026-02-20
2026-02-26,CD-PR,P3,1034,541,0,2026-02-13
2026-02-26,CD-PR,P4,1191,416,0,2026-02-13
2026-02-26,CD-PR,P5,1310,316,0,2026-02-17
2026-02-26,CD-GO,P1,11681,2657,0,2026-02-14
2026-02-26,CD-GO,P2,6990,1625,0,2026-02-22
2026-02-26,CD-GO,P3,1724,411,0,2026-02-14
2026-02-26,CD-GO,P4,1188,316,0,2026-02-07
2026-02-26,CD-GO,P5,2190,241,0,2026-02-22
2026-02-26,CD-PE,P1,22306,3620,0,2026-02-12
2026-02-26,CD-PE,P2,14920,2215,0,2026-02-12
2026-02-26,CD-PE,P3,4621,560,0,2026-02-16
2026-02-26,CD-PE,P4,2493,431,0,2026-02-09
2026-02-26,CD-PE,P5,2869,328,0,2026-02-12
2026-02-27,CD-SP,P1,25604,7799,0,2026-02-22
2026-02-27,CD-SP,P2,10386,4767,0,2026-02-12
2026-02-27,CD-SP,P3,1667,1210,0,2026-02-19
2026-02-27,CD-SP,P4,1203,930,0,2026-02-12
2026-02-27,CD-SP,P5,2254,704,0,2026-02-22
2026-02-27,CD-PR,P1,11608,3508,0,2026-02-13
2026-02-27,CD-PR,P2,13798,2144,0,2026-02-20
2026-02-27,CD-PR,P3,1034,544,0,2026-02-13
2026-02-27,CD-PR,P4,1155,418,0,2026-02-13
2026-02-27,CD-PR,P5,1286,316,0,2026-02-17
2026-02-27,CD-GO,P1,10740,2668,0,2026-02-14
2026-02-27,CD-GO,P2,6486,1631,0,2026-02-22
2026-02-27,CD-GO,P3,1706,414,0,2026-02-14
2026-02-27,CD-GO,P4,1101,318,0,2026-02-07
2026-02-27,CD-GO,P5,2184,241,0,2026-02-22
2026-02-27,CD-PE,P1,20448,3635,0,2026-02-12
2026-02-27,CD-PE,P2,13818,2222,0,2026-02-12
2026-02-27,CD-PE,P3,4516,564,0,2026-02-16
2026-02-27,CD-PE,P4,2481,433,0,2026-02-09
2026-02-27,CD-PE,P5,2345,328,0,2026-02-12
2026-02-28,CD-SP,P1,25429,7821,0,2026-02-22
2026-02-28,CD-SP,P2,10386,4777,0,2026-02-12
2026-02-28,CD-SP,P3,1667,1215,0,2026-02-19
2026-02-28,CD-SP,P4,1203,933,0,2026-02-12
2026-02-28,CD-SP,P5,2254,704,0,2026-02-22
2026-02-28,CD-PR,P1,11608,3518,0,2026-02-13
2026-02-28,CD-PR,P2,13680,2149,0,2026-02-20
2026-02-28,CD-PR,P3,1010,546,0,2026-02-13
2026-02-28,CD-PR,P4,1155,420,0,2026-02-13
2026-02-28,CD-PR,P5,1286,316,0,2026-02-17
2026-02-28,CD-GO,P1,10565,2676,0,2026-02-14
2026-02-28,CD-GO,P2,6374,1634,0,2026-02-22
2026-02-28,CD-GO,P3,1706,416,0,2026-02-14
2026-02-28,CD-GO,P4,1101,319,0,2026-02-07
2026-02-28,CD-GO,P5,2178,241,0,2026-02-22
2026-02-28,CD-PE,P1,20448,3646,0,2026-02-12
2026-02-28,CD-PE,P2,13818,2227,0,2026-02-12
2026-02-28,CD-PE,P3,4516,566,0,2026-02-16
2026-02-28,CD-PE,P4,2481,435,0,2026-02-09
2026-02-28,CD-PE,P5,2345,328,0,2026-02-12
2026-03-01,CD-SP,P1,25429,7821,0,2026-02-22
2026-03-01,CD-SP,P2,10386,4777,0,2026-02-12
2026-03-01,CD-SP,P3,1667,1215,0,2026-02-19
2026-03-01,CD-SP,P4,1203,933,0,2026-02-12
2026-03-01,CD-SP,P5,2254,704,0,2026-02-22
2026-03-01,CD-PR,P1,11608,3518,0,2026-02-13
2026-03-01,CD-PR,P2,13680,2149,0,2026-02-20
2026-03-01,CD-PR,P3,1010,546,0,2026-02-13
2026-03-01,CD-PR,P4,1155,420,0,2026-02-13
2026-03-01,CD-PR,P5,1286,316,0,2026-02-17
2026-03-01,CD-GO,P1,10565,2676,0,2026-02-14
2026-03-01,CD-GO,P2,6374,1634,0,2026-02-22
2026-03-01,CD-GO,P3,1706,416,0,2026-02-14
2026-03-01,CD-GO,P4,1101,319,0,2026-02-07
2026-03-01,CD-GO,P5,2178,241,0,2026-02-22
2026-03-01,CD-PE,P1,20448,3646,0,2026-02-12
2026-03-01,CD-PE,P2,13818,2227,0,2026-02-12
2026-03-01,CD-PE,P3,4516,566,0,2026-02-16
2026-03-01,CD-PE,P4,2481,435,0,2026-02-09
2026-03-01,CD-PE,P5,2345,328,0,2026-02-12
2026-03-02,CD-SP,P1,18890,7821,37800,2026-02-22
2026-03-02,CD-SP,P2,7118,4777,36450,2026-02-12
2026-03-02,CD-SP,P3,341,1215,10800,2026-02-19
2026-03-02,CD-SP,P4,792,933,8100,2026-02-12
2026-03-02,CD-SP,P5,1581,704,5500,2026-02-22
2026-03-02,CD-PR,P1,9708,3518,32900,2026-02-13
2026-03-02,CD-PR,P2,11264,2149,14400,2026-02-20
2026-03-02,CD-PR,P3,212,546,6600,2026-02-13
2026-03-02,CD-PR,P4,675,420,4500,2026-02-13
2026-03-02,CD-PR,P5,619,316,3500,2026-02-17
2026-03-02,CD-GO,P1,9570,2676,23800,2026-02-14
2026-03-02,CD-GO,P2,5598,1634,14850,2026-02-22
2026-03-02,CD-GO,P3,1376,416,3900,2026-02-14
2026-03-02,CD-GO,P4,1083,319,3300,2026-02-07
2026-03-02,CD-GO,P5,1660,241,1500,2026-02-22
2026-03-02,CD-PE,P1,17848,3646,37800,2026-02-12
2026-03-02,CD-PE,P2,12360,2227,22500,2026-02-12
2026-03-02,CD-PE,P3,4105,566,5100,2026-02-16
2026-03-02,CD-PE,P4,2082,435,4800,2026-02-09
2026-03-02,CD-PE,P5,1690,328,3500,2026-02-12
2026-03-03,CD-SP,P1,15862,7821,37800,2026-02-22
2026-03-03,CD-SP,P2,3368,4777,36450,2026-02-12
2026-03-03,CD-SP,P3,17,1215,10800,2026-02-19
2026-03-03,CD-SP,P4,294,933,8100,2026-02-12
2026-03-03,CD-SP,P5,1039,704,5500,2026-02-22
2026-03-03,CD-PR,P1,6927,3518,32900,2026-02-13
2026-03-03,CD-PR,P2,9452,2149,14400,2026-02-20
2026-03-03,CD-PR,P3,83,546,6600,2026-02-13
2026-03-03,CD-PR,P4,351,420,4500,2026-02-13
2026-03-03,CD-PR,P5,470,316,3500,2026-02-17
2026-03-03,CD-GO,P1,7573,2676,23800,2026-02-14
2026-03-03,CD-GO,P2,4508,1634,14850,2026-02-22
2026-03-03,CD-GO,P3,1196,416,3900,2026-02-14
2026-03-03,CD-GO,P4,684,319,3300,2026-02-07
2026-03-03,CD-GO,P5,1654,241,1500,2026-02-22
2026-03-03,CD-PE,P1,15785,3646,37800,2026-02-12
2026-03-03,CD-PE,P2,11248,2227,22500,2026-02-12
2026-03-03,CD-PE,P3,2797,566,5100,2026-02-16
2026-03-03,CD-PE,P4,1683,435,4800,2026-02-09
2026-03-03,CD-PE,P5,1672,328,3500,2026-02-12
2026-03-04,CD-SP,P1,8049,7821,37800,2026-02-22
2026-03-04,CD-SP,P2,22,4777,36450,2026-02-12
2026-03-04,CD-SP,P3,11,1215,10800,2026-02-19
2026-03-04,CD-SP,P4,195,933,8100,2026-02-12
2026-03-04,CD-SP,P5,872,704,5500,2026-02-22
2026-03-04,CD-PR,P1,4140,3518,32900,2026-02-13
2026-03-04,CD-PR,P2,8066,2149,14400,2026-02-20
2026-03-04,CD-PR,P3,2,546,6600,2026-02-13
2026-03-04,CD-PR,P4,264,420,4500,2026-02-13
2026-03-04,CD-PR,P5,440,316,3500,2026-02-17
2026-03-04,CD-GO,P1,5667,2676,23800,2026-02-14
2026-03-04,CD-GO,P2,3868,1634,14850,2026-02-22
2026-03-04,CD-GO,P3,1172,416,3900,2026-02-14
2026-03-04,CD-GO,P4,297,319,3300,2026-02-07
2026-03-04,CD-GO,P5,1630,241,1500,2026-02-22
2026-03-04,CD-PE,P1,13891,3646,37800,2026-02-12
2026-03-04,CD-PE,P2,8518,2227,22500,2026-02-12
2026-03-04,CD-PE,P3,1297,566,5100,2026-02-16
2026-03-04,CD-PE,P4,1083,435,4800,2026-02-09
2026-03-04,CD-PE,P5,1642,328,3500,2026-02-12
2026-03-05,CD-SP,P1,40873,7821,0,2026-03-05
2026-03-05,CD-SP,P2,34488,4777,0,2026-03-05
2026-03-05,CD-SP,P3,8987,1215,0,2026-03-05
2026-03-05,CD-SP,P4,7884,982,0,2026-03-05
2026-03-05,CD-SP,P5,211,704,5500,2026-02-22
2026-03-05,CD-PR,P1,2270,3518,32900,2026-02-13
2026-03-05,CD-PR,P2,7148,2149,14400,2026-02-20
2026-03-05,CD-PR,P3,2,546,6600,2026-02-13
2026-03-05,CD-PR,P4,159,442,4500,2026-02-13
2026-03-05,CD-PR,P5,291,317,3500,2026-02-17
2026-03-05,CD-GO,P1,4696,2676,23800,2026-02-14
2026-03-05,CD-GO,P2,2826,1635,14850,2026-02-22
2026-03-05,CD-GO,P3,767,416,3900,2026-02-14
2026-03-05,CD-GO,P4,279,336,3300,2026-02-07
2026-03-05,CD-GO,P5,1487,241,1500,2026-02-22
2026-03-05,CD-PE,P1,49127,3648,0,2026-03-05
2026-03-05,CD-PE,P2,28714,2228,0,2026-03-05
2026-03-05,CD-PE,P3,1186,566,5100,2026-02-16
2026-03-05,CD-PE,P4,360,458,4800,2026-02-09
2026-03-05,CD-PE,P5,4999,328,0,2026-03-05
2026-03-06,CD-SP,P1,39136,7821,0,2026-03-05
2026-03-06,CD-SP,P2,31450,4777,0,2026-03-05
2026-03-06,CD-SP,P3,8165,1215,0,2026-03-05
2026-03-06,CD-SP,P4,7179,1026,0,2026-03-05
2026-03-06,CD-SP,P5,56,704,5500,2026-02-22
2026-03-06,CD-PR,P1,33595,3519,0,2026-03-06
2026-03-06,CD-PR,P2,19422,2149,0,2026-03-06
2026-03-06,CD-PR,P3,6590,546,0,2026-03-06
2026-03-06,CD-PR,P4,4659,462,0,2026-03-06
2026-03-06,CD-PR,P5,273,317,3500,2026-02-17
2026-03-06,CD-GO,P1,4322,2677,23800,2026-02-14
2026-03-06,CD-GO,P2,2406,1635,14850,2026-02-22
2026-03-06,CD-GO,P3,455,416,3900,2026-02-14
2026-03-06,CD-GO,P4,198,351,3300,2026-02-07
2026-03-06,CD-GO,P5,1487,241,1500,2026-02-22
2026-03-06,CD-PE,P1,47468,3649,0,2026-03-05
2026-03-06,CD-PE,P2,27156,2229,0,2026-03-05
2026-03-06,CD-PE,P3,400,567,5100,2026-02-16
2026-03-06,CD-PE,P4,273,479,4800,2026-02-09
2026-03-06,CD-PE,P5,4487,328,0,2026-03-05
2026-03-07,CD-SP,P1,38261,7547,0,2026-03-05
2026-03-07,CD-SP,P2,31450,4610,0,2026-03-05
2026-03-07,CD-SP,P3,8165,1172,0,2026-03-05
2026-03-07,CD-SP,P4,7179,994,0,2026-03-05
2026-03-07,CD-SP,P5,56,679,5500,2026-02-22
2026-03-07,CD-PR,P1,33505,3395,0,2026-03-06
2026-03-07,CD-PR,P2,19422,2074,0,2026-03-06
2026-03-07,CD-PR,P3,6590,527,0,2026-03-06
2026-03-07,CD-PR,P4,4647,447,0,2026-03-06
2026-03-07,CD-PR,P5,273,305,3500,2026-02-17
2026-03-07,CD-GO,P1,27380,2583,0,2026-03-07
2026-03-07,CD-GO,P2,17244,1578,0,2026-03-07
2026-03-07,CD-GO,P3,4349,401,0,2026-03-07
2026-03-07,CD-GO,P4,3498,340,0,2026-03-07
2026-03-07,CD-GO,P5,1487,232,1500,2026-02-22
2026-03-07,CD-PE,P1,47468,3521,0,2026-03-05
2026-03-07,CD-PE,P2,27044,2151,0,2026-03-05
2026-03-07,CD-PE,P3,400,547,5100,2026-02-16
2026-03-07,CD-PE,P4,273,464,4800,2026-02-09
2026-03-07,CD-PE,P5,4487,317,0,2026-03-05
2026-03-08,CD-SP,P1,38261,7547,0,2026-03-05
2026-03-08,CD-SP,P2,31450,4610,0,2026-03-05
2026-03-08,CD-SP,P3,8165,1172,0,2026-03-05
2026-03-08,CD-SP,P4,7179,994,0,2026-03-05
2026-03-08,CD-SP,P5,5556,679,0,2026-03-08
2026-03-08,CD-PR,P1,33505,3395,0,2026-03-06
2026-03-08,CD-PR,P2,19422,2074,0,2026-03-06
2026-03-08,CD-PR,P3,6590,527,0,2026-03-06
2026-03-08,CD-PR,P4,4647,447,0,2026-03-06
2026-03-08,CD-PR,P5,273,305,3500,2026-02-17
2026-03-08,CD-GO,P1,27380,2583,0,2026-03-07
2026-03-08,CD-GO,P2,17244,1578,0,2026-03-07
2026-03-08,CD-GO,P3,4349,401,0,2026-03-07
2026-03-08,CD-GO,P4,3498,340,0,2026-03-07
2026-03-08,CD-GO,P5,2987,232,0,2026-03-08
2026-03-08,CD-PE,P1,47468,3521,0,2026-03-05
2026-03-08,CD-PE,P2,27044,2151,0,2026-03-05
2026-03-08,CD-PE,P3,400,547,5100,2026-02-16
2026-03-08,CD-PE,P4,273,464,4800,2026-02-09
2026-03-08,CD-PE,P5,4487,317,0,2026-03-05
2026-03-09,CD-SP,P1,32422,7547,33600,2026-03-05
2026-03-09,CD-SP,P2,27192,4610,13500,2026-03-05
2026-03-09,CD-SP,P3,7025,1172,3900,2026-03-05
2026-03-09,CD-SP,P4,6774,994,2700,2026-03-05
2026-03-09,CD-SP,P5,4186,679,2000,2026-03-08
2026-03-09,CD-PR,P1,31448,3395,9800,2026-03-06
2026-03-09,CD-PR,P2,17728,2074,7650,2026-03-06
2026-03-09,CD-PR,P3,6236,527,600,2026-03-06
2026-03-09,CD-PR,P4,4254,447,1200,2026-03-06
2026-03-09,CD-PR,P5,130,305,4000,2026-02-17
2026-03-09,CD-GO,P1,25685,2583,5600,2026-03-07
2026-03-09,CD-GO,P2,16586,1578,3150,2026-03-07
2026-03-09,CD-GO,P3,3875,401,1200,2026-03-07
2026-03-09,CD-GO,P4,3480,340,900,2026-03-07
2026-03-09,CD-GO,P5,2832,232,500,2026-03-08
2026-03-09,CD-PE,P1,45399,3521,8400,2026-03-05
2026-03-09,CD-PE,P2,25078,2151,8100,2026-03-05
2026-03-09,CD-PE,P3,5377,547,3900,2026-03-09
2026-03-09,CD-PE,P4,5055,464,2700,2026-03-09
2026-03-09,CD-PE,P5,3844,317,1500,2026-03-05
2026-03-10,CD-SP,P1,27101,7547,33600,2026-03-05
2026-03-10,CD-SP,P2,24592,4610,13500,2026-03-05
2026-03-10,CD-SP,P3,6143,1172,3900,2026-03-05
2026-03-10,CD-SP,P4,5976,1049,2700,2026-03-05
2026-03-10,CD-SP,P5,4013,679,2000,2026-03-08
2026-03-10,CD-PR,P1,28625,3396,9800,2026-03-06
2026-03-10,CD-PR,P2,16348,2074,7650,2026-03-06
2026-03-10,CD-PR,P3,5762,527,600,2026-03-06
2026-03-10,CD-PR,P4,3855,472,1200,2026-03-06
2026-03-10,CD-PR,P5,2957,306,500,2026-03-10
2026-03-10,CD-GO,P1,23996,2584,5600,2026-03-07
2026-03-10,CD-GO,P2,14792,1578,3150,2026-03-07
2026-03-10,CD-GO,P3,3752,401,1200,2026-03-07
2026-03-10,CD-GO,P4,3099,359,900,2026-03-07
2026-03-10,CD-GO,P5,2826,232,500,2026-03-08
2026-03-10,CD-PE,P1,42823,3523,8400,2026-03-05
2026-03-10,CD-PE,P2,22626,2152,8100,2026-03-05
2026-03-10,CD-PE,P3,4954,547,3900,2026-03-09
2026-03-10,CD-PE,P4,4281,490,2700,2026-03-09
2026-03-10,CD-PE,P5,3332,317,1500,2026-03-05
2026-03-11,CD-SP,P1,22594,7547,33600,2026-03-05
2026-03-11,CD-SP,P2,21548,4610,13500,2026-03-05
2026-03-11,CD-SP,P3,4766,1172,3900,2026-03-05
2026-03-11,CD-SP,P4,5859,1101,2700,2026-03-05
2026-03-11,CD-SP,P5,3001,679,2000,2026-03-08
2026-03-11,CD-PR,P1,28161,3396,9800,2026-03-06
2026-03-11,CD-PR,P2,14530,2074,7650,2026-03-06
2026-03-11,CD-PR,P3,5333,527,600,2026-03-06
2026-03-11,CD-PR,P4,3849,496,1200,2026-03-06
2026-03-11,CD-PR,P5,2945,306,500,2026-03-10
2026-03-11,CD-GO,P1,21969,2584,5600,2026-03-07
2026-03-11,CD-GO,P2,13566,1579,3150,2026-03-07
2026-03-11,CD-GO,P3,3740,401,1200,2026-03-07
2026-03-11,CD-GO,P4,3000,377,900,2026-03-07
2026-03-11,CD-GO,P5,2814,232,500,2026-03-08
2026-03-11,CD-PE,P1,40965,3525,8400,2026-03-05
2026-03-11,CD-PE,P2,19718,2153,8100,2026-03-05
2026-03-11,CD-PE,P3,4318,547,3900,2026-03-09
2026-03-11,CD-PE,P4,4263,515,2700,2026-03-09
2026-03-11,CD-PE,P5,3177,317,1500,2026-03-05
2026-03-12,CD-SP,P1,49722,7547,0,2026-03-12
2026-03-12,CD-SP,P2,33040,4610,0,2026-03-12
2026-03-12,CD-SP,P3,7916,1172,0,2026-03-12
2026-03-12,CD-SP,P4,7767,1150,0,2026-03-12
2026-03-12,CD-SP,P5,2834,679,2000,2026-03-08
2026-03-12,CD-PR,P1,24836,3397,9800,2026-03-06
2026-03-12,CD-PR,P2,13766,2075,7650,2026-03-06
2026-03-12,CD-PR,P3,4841,528,600,2026-03-06
2026-03-12,CD-PR,P4,3756,518,1200,2026-03-06
2026-03-12,CD-PR,P5,2933,306,500,2026-03-10
2026-03-12,CD-GO,P1,21499,2585,5600,2026-03-07
2026-03-12,CD-GO,P2,13376,1579,3150,2026-03-07
2026-03-12,CD-GO,P3,2942,401,1200,2026-03-07
2026-03-12,CD-GO,P4,2682,394,900,2026-03-07
2026-03-12,CD-GO,P5,2165,233,500,2026-03-08
2026-03-12,CD-PE,P1,39795,3526,8400,2026-03-05
2026-03-12,CD-PE,P2,25840,2154,0,2026-03-12
2026-03-12,CD-PE,P3,4132,548,3900,2026-03-09
2026-03-12,CD-PE,P4,3852,538,2700,2026-03-09
2026-03-12,CD-PE,P5,4665,317,0,2026-03-12
2026-03-13,CD-SP,P1,47400,7547,0,2026-03-12
2026-03-13,CD-SP,P2,30198,4610,0,2026-03-12
2026-03-13,CD-SP,P3,7715,1172,0,2026-03-12
2026-03-13,CD-SP,P4,7050,1194,0,2026-03-12
2026-03-13,CD-SP,P5,2667,679,2000,2026-03-08
2026-03-13,CD-PR,P1,32103,3397,0,2026-03-13
2026-03-13,CD-PR,P2,19758,2075,0,2026-03-13
2026-03-13,CD-PR,P3,5123,528,0,2026-03-13
2026-03-13,CD-PR,P4,4344,538,0,2026-03-13
2026-03-13,CD-PR,P5,2921,306,500,2026-03-10
2026-03-13,CD-GO,P1,19888,2586,5600,2026-03-07
2026-03-13,CD-GO,P2,12654,1579,3150,2026-03-07
2026-03-13,CD-GO,P3,2924,402,1200,2026-03-07
2026-03-13,CD-GO,P4,2370,409,900,2026-03-07
2026-03-13,CD-GO,P5,2153,233,500,2026-03-08
2026-03-13,CD-PE,P1,37943,3528,8400,2026-03-05
2026-03-13,CD-PE,P2,24472,2155,0,2026-03-12
2026-03-13,CD-PE,P3,4057,548,3900,2026-03-09
2026-03-13,CD-PE,P4,3471,559,2700,2026-03-09
2026-03-13,CD-PE,P5,4635,317,0,2026-03-12
2026-03-14,CD-SP,P1,46000,7547,0,2026-03-12
2026-03-14,CD-SP,P2,30198,4610,0,2026-03-12
2026-03-14,CD-SP,P3,7715,1172,0,2026-03-12
2026-03-14,CD-SP,P4,7050,1227,0,2026-03-12
2026-03-14,CD-SP,P5,2667,679,2000,2026-03-08
2026-03-14,CD-PR,P1,32103,3397,0,2026-03-13
2026-03-14,CD-PR,P2,19758,2075,0,2026-03-13
2026-03-14,CD-PR,P3,5123,528,0,2026-03-13
2026-03-14,CD-PR,P4,4344,553,0,2026-03-13
2026-03-14,CD-PR,P5,2921,306,500,2026-03-10
2026-03-14,CD-GO,P1,25464,2586,0,2026-03-14
2026-03-14,CD-GO,P2,15804,1579,0,2026-03-14
2026-03-14,CD-GO,P3,4124,402,0,2026-03-14
2026-03-14,CD-GO,P4,3270,421,0,2026-03-14
2026-03-14,CD-GO,P5,2153,233,500,2026-03-08
2026-03-14,CD-PE,P1,37943,3529,8400,2026-03-05
2026-03-14,CD-PE,P2,24472,2155,0,2026-03-12
2026-03-14,CD-PE,P3,4033,548,3900,2026-03-09
2026-03-14,CD-PE,P4,3471,575,2700,2026-03-09
2026-03-14,CD-PE,P5,4635,317,0,2026-03-12
2026-03-15,CD-SP,P1,46000,7547,0,2026-03-12
2026-03-15,CD-SP,P2,30198,4610,0,2026-03-12
2026-03-15,CD-SP,P3,7715,1172,0,2026-03-12
2026-03-15,CD-SP,P4,7050,1227,0,2026-03-12
2026-03-15,CD-SP,P5,4667,679,0,2026-03-15
2026-03-15,CD-PR,P1,32103,3397,0,2026-03-13
2026-03-15,CD-PR,P2,19758,2075,0,2026-03-13
2026-03-15,CD-PR,P3,5123,528,0,2026-03-13
2026-03-15,CD-PR,P4,4344,553,0,2026-03-13
2026-03-15,CD-PR,P5,2921,306,500,2026-03-10
2026-03-15,CD-GO,P1,25464,2586,0,2026-03-14
2026-03-15,CD-GO,P2,15804,1579,0,2026-03-14
2026-03-15,CD-GO,P3,4124,402,0,2026-03-14
2026-03-15,CD-GO,P4,3270,421,0,2026-03-14
2026-03-15,CD-GO,P5,2653,233,0,2026-03-15
2026-03-15,CD-PE,P1,37943,3529,8400,2026-03-05
2026-03-15,CD-PE,P2,24472,2155,0,2026-03-12
2026-03-15,CD-PE,P3,4033,548,3900,2026-03-09
2026-03-15,CD-PE,P4,3471,575,2700,2026-03-09
2026-03-15,CD-PE,P5,4635,317,0,2026-03-12
2026-03-16,CD-SP,P1,39841,7547,25900,2026-03-12
2026-03-16,CD-SP,P2,26988,4610,14850,2026-03-12
2026-03-16,CD-SP,P3,6464,1172,4200,2026-03-12
2026-03-16,CD-SP,P4,6564,1227,5100,2026-03-12
2026-03-16,CD-SP,P5,3988,679,3000,2026-03-15
2026-03-16,CD-PR,P1,29298,3397,11200,2026-03-13
2026-03-16,CD-PR,P2,18514,2075,7200,2026-03-13
2026-03-16,CD-PR,P3,4913,528,0,2026-03-13
2026-03-16,CD-PR,P4,4269,553,0,2026-03-13
2026-03-16,CD-PR,P5,2266,306,1500,2026-03-10
2026-03-16,CD-GO,P1,23582,2586,7700,2026-03-14
2026-03-16,CD-GO,P2,14460,1579,4950,2026-03-14
2026-03-16,CD-GO,P3,4031,402,0,2026-03-14
2026-03-16,CD-GO,P4,3183,421,300,2026-03-14
2026-03-16,CD-GO,P5,2647,233,1000,2026-03-15
2026-03-16,CD-PE,P1,35838,3529,15400,2026-03-05
2026-03-16,CD-PE,P2,21594,2155,10800,2026-03-12
2026-03-16,CD-PE,P3,7252,548,0,2026-03-16
2026-03-16,CD-PE,P4,5772,575,0,2026-03-16
2026-03-16,CD-PE,P5,4492,317,1000,2026-03-12
2026-03-17,CD-SP,P1,35474,7547,25900,2026-03-12
2026-03-17,CD-SP,P2,23914,4610,14850,2026-03-12
2026-03-17,CD-SP,P3,5861,1172,4200,2026-03-12
2026-03-17,CD-SP,P4,5748,1282,5100,2026-03-12
2026-03-17,CD-SP,P5,3214,679,3000,2026-03-15
2026-03-17,CD-PR,P1,27452,3398,11200,2026-03-13
2026-03-17,CD-PR,P2,16690,2075,7200,2026-03-13
2026-03-17,CD-PR,P3,4208,528,0,2026-03-13
2026-03-17,CD-PR,P4,3846,577,0,2026-03-13
2026-03-17,CD-PR,P5,2248,306,1000,2026-03-17
2026-03-17,CD-GO,P1,22436,2587,7700,2026-03-14
2026-03-17,CD-GO,P2,13908,1580,4950,2026-03-14
2026-03-17,CD-GO,P3,4013,402,0,2026-03-14
2026-03-17,CD-GO,P4,3165,440,300,2026-03-14
2026-03-17,CD-GO,P5,2623,233,1000,2026-03-15
2026-03-17,CD-PE,P1,31850,3531,15400,2026-03-05
2026-03-17,CD-PE,P2,18994,2156,10800,2026-03-12
2026-03-17,CD-PE,P3,6763,548,0,2026-03-16
2026-03-17,CD-PE,P4,5754,601,0,2026-03-16
2026-03-17,CD-PE,P5,3956,318,1000,2026-03-12
2026-03-18,CD-SP,P1,28693,7547,25900,2026-03-12
2026-03-18,CD-SP,P2,20860,4610,14850,2026-03-12
2026-03-18,CD-SP,P3,4727,1172,4200,2026-03-12
2026-03-18,CD-SP,P4,4239,1334,5100,2026-03-12
2026-03-18,CD-SP,P5,2493,679,3000,2026-03-15
2026-03-18,CD-PR,P1,24671,3398,11200,2026-03-13
2026-03-18,CD-PR,P2,15400,2076,7200,2026-03-13
2026-03-18,CD-PR,P3,4184,528,0,2026-03-13
2026-03-18,CD-PR,P4,3534,601,0,2026-03-13
2026-03-18,CD-PR,P5,2105,306,1000,2026-03-17
2026-03-18,CD-GO,P1,22171,2587,7700,2026-03-14
2026-03-18,CD-GO,P2,13424,1580,4950,2026-03-14
2026-03-18,CD-GO,P3,3914,402,0,2026-03-14
2026-03-18,CD-GO,P4,3159,458,300,2026-03-14
2026-03-18,CD-GO,P5,2617,233,1000,2026-03-15
2026-03-18,CD-PE,P1,38380,3532,7000,2026-03-18
2026-03-18,CD-PE,P2,17134,2157,10800,2026-03-12
2026-03-18,CD-PE,P3,6283,549,0,2026-03-16
2026-03-18,CD-PE,P4,5361,625,0,2026-03-16
2026-03-18,CD-PE,P5,3313,318,1000,2026-03-12
2026-03-19,CD-SP,P1,50660,7547,0,2026-03-19
2026-03-19,CD-SP,P2,17666,4610,14850,2026-03-12
2026-03-19,CD-SP,P3,8417,1172,0,2026-03-19
2026-03-19,CD-SP,P4,4140,1383,5100,2026-03-12
2026-03-19,CD-SP,P5,2326,679,3000,2026-03-15
2026-03-19,CD-PR,P1,22077,3398,11200,2026-03-13
2026-03-19,CD-PR,P2,13664,2076,7200,2026-03-13
2026-03-19,CD-PR,P3,3779,528,0,2026-03-13
2026-03-19,CD-PR,P4,3435,623,0,2026-03-13
2026-03-19,CD-PR,P5,2099,306,1000,2026-03-17
2026-03-19,CD-GO,P1,18925,2588,7700,2026-03-14
2026-03-19,CD-GO,P2,11362,1581,4950,2026-03-14
2026-03-19,CD-GO,P3,3497,402,0,2026-03-14
2026-03-19,CD-GO,P4,2691,475,300,2026-03-14
2026-03-19,CD-GO,P5,2474,233,1000,2026-03-15
2026-03-19,CD-PE,P1,43305,3534,0,2026-03-19
2026-03-19,CD-PE,P2,26152,2158,0,2026-03-19
2026-03-19,CD-PE,P3,5785,549,0,2026-03-16
2026-03-19,CD-PE,P4,4956,648,0,2026-03-16
2026-03-19,CD-PE,P5,4301,318,0,2026-03-19
2026-03-20,CD-SP,P1,47191,7547,0,2026-03-19
2026-03-20,CD-SP,P2,14854,4610,14850,2026-03-12
2026-03-20,CD-SP,P3,7700,1172,0,2026-03-19
2026-03-20,CD-SP,P4,3729,1428,5100,2026-03-12
2026-03-20,CD-SP,P5,1790,679,3000,2026-03-15
2026-03-20,CD-PR,P1,20949,3399,11200,2026-03-13
2026-03-20,CD-PR,P2,13474,2076,7200,2026-03-13
2026-03-20,CD-PR,P3,3680,528,0,2026-03-13
2026-03-20,CD-PR,P4,3048,643,0,2026-03-13
2026-03-20,CD-PR,P5,2087,306,1000,2026-03-17
2026-03-20,CD-GO,P1,18672,2588,7700,2026-03-14
2026-03-20,CD-GO,P2,11120,1581,4950,2026-03-14
2026-03-20,CD-GO,P3,3479,402,0,2026-03-14
2026-03-20,CD-GO,P4,2685,490,300,2026-03-14
2026-03-20,CD-GO,P5,2474,233,1000,2026-03-15
2026-03-20,CD-PE,P1,40729,3535,0,2026-03-19
2026-03-20,CD-PE,P2,25216,2159,0,2026-03-19
2026-03-20,CD-PE,P3,5449,549,0,2026-03-16
2026-03-20,CD-PE,P4,4944,670,0,2026-03-16
2026-03-20,CD-PE,P5,4289,318,0,2026-03-19
2026-03-21,CD-SP,P1,47155,7547,0,2026-03-19
2026-03-21,CD-SP,P2,14794,4610,14850,2026-03-12
2026-03-21,CD-SP,P3,7700,1172,0,2026-03-19
2026-03-21,CD-SP,P4,3729,1460,5100,2026-03-12
2026-03-21,CD-SP,P5,1790,679,3000,2026-03-15
2026-03-21,CD-PR,P1,20949,3399,11200,2026-03-13
2026-03-21,CD-PR,P2,13474,2076,7200,2026-03-13
2026-03-21,CD-PR,P3,3680,528,0,2026-03-13
2026-03-21,CD-PR,P4,3048,658,0,2026-03-13
2026-03-21,CD-PR,P5,2087,306,1000,2026-03-17
2026-03-21,CD-GO,P1,18672,2589,7700,2026-03-14
2026-03-21,CD-GO,P2,11072,1581,4950,2026-03-14
2026-03-21,CD-GO,P3,3479,402,0,2026-03-14
2026-03-21,CD-GO,P4,2985,501,0,2026-03-21
2026-03-21,CD-GO,P5,2468,233,1000,2026-03-15
2026-03-21,CD-PE,P1,40729,3536,0,2026-03-19
2026-03-21,CD-PE,P2,24766,2160,0,2026-03-19
2026-03-21,CD-PE,P3,5449,549,0,2026-03-16
2026-03-21,CD-PE,P4,4944,685,0,2026-03-16
2026-03-21,CD-PE,P5,4289,318,0,2026-03-19
2026-03-22,CD-SP,P1,47155,7547,0,2026-03-19
2026-03-22,CD-SP,P2,26044,4610,3600,2026-03-22
2026-03-22,CD-SP,P3,7700,1172,0,2026-03-19
2026-03-22,CD-SP,P4,3729,1460,5100,2026-03-12
2026-03-22,CD-SP,P5,4790,679,0,2026-03-22
2026-03-22,CD-PR,P1,20949,3399,11200,2026-03-13
2026-03-22,CD-PR,P2,13474,2076,7200,2026-03-13
2026-03-22,CD-PR,P3,3680,528,0,2026-03-13
2026-03-22,CD-PR,P4,3048,658,0,2026-03-13
2026-03-22,CD-PR,P5,2087,306,1000,2026-03-17
2026-03-22,CD-GO,P1,26372,2589,0,2026-03-22
2026-03-22,CD-GO,P2,16022,1581,0,2026-03-22
2026-03-22,CD-GO,P3,3479,402,0,2026-03-14
2026-03-22,CD-GO,P4,2985,501,0,2026-03-21
2026-03-22,CD-GO,P5,3468,233,0,2026-03-22
2026-03-22,CD-PE,P1,40729,3536,0,2026-03-19
2026-03-22,CD-PE,P2,24766,2160,0,2026-03-19
2026-03-22,CD-PE,P3,5449,549,0,2026-03-16
2026-03-22,CD-PE,P4,4944,685,0,2026-03-16
2026-03-22,CD-PE,P5,4289,318,0,2026-03-19
2026-03-23,CD-SP,P1,42130,7547,0,2026-03-19
2026-03-23,CD-SP,P2,27132,4610,0,2026-03-23
2026-03-23,CD-SP,P3,6986,1172,0,2026-03-19
2026-03-23,CD-SP,P4,3006,1460,5100,2026-03-12
2026-03-23,CD-SP,P5,4165,679,500,2026-03-22
2026-03-23,CD-PR,P1,18506,3399,11200,2026-03-13
2026-03-23,CD-PR,P2,11656,2076,7200,2026-03-13
2026-03-23,CD-PR,P3,2957,528,0,2026-03-13
2026-03-23,CD-PR,P4,3024,658,0,2026-03-13
2026-03-23,CD-PR,P5,2075,306,1000,2026-03-17
2026-03-23,CD-GO,P1,24297,2589,0,2026-03-22
2026-03-23,CD-GO,P2,14328,1581,0,2026-03-22
2026-03-23,CD-GO,P3,3068,402,0,2026-03-14
2026-03-23,CD-GO,P4,2679,501,0,2026-03-21
2026-03-23,CD-GO,P5,3325,233,0,2026-03-22
2026-03-23,CD-PE,P1,39179,3536,0,2026-03-19
2026-03-23,CD-PE,P2,23032,2160,0,2026-03-19
2026-03-23,CD-PE,P3,5044,549,0,2026-03-16
2026-03-23,CD-PE,P4,4545,685,0,2026-03-16
2026-03-23,CD-PE,P5,4140,318,0,2026-03-19
2026-03-24,CD-SP,P1,34282,7547,0,2026-03-19
2026-03-24,CD-SP,P2,23820,4610,0,2026-03-23
2026-03-24,CD-SP,P3,5546,1172,0,2026-03-19
2026-03-24,CD-SP,P4,7221,1515,0,2026-03-24
2026-03-24,CD-SP,P5,3950,679,500,2026-03-22
2026-03-24,CD-PR,P1,25833,3399,0,2026-03-24
2026-03-24,CD-PR,P2,17506,2076,0,2026-03-24
2026-03-24,CD-PR,P3,2846,528,0,2026-03-13
2026-03-24,CD-PR,P4,2625,683,0,2026-03-13
2026-03-24,CD-PR,P5,2920,306,0,2026-03-24
2026-03-24,CD-GO,P1,23205,2590,0,2026-03-22
2026-03-24,CD-GO,P2,13624,1582,0,2026-03-22
2026-03-24,CD-GO,P3,2369,402,0,2026-03-14
2026-03-24,CD-GO,P4,2574,520,0,2026-03-21
2026-03-24,CD-GO,P5,3325,233,0,2026-03-22
2026-03-24,CD-PE,P1,36977,3538,0,2026-03-19
2026-03-24,CD-PE,P2,21136,2161,0,2026-03-19
2026-03-24,CD-PE,P3,4945,549,0,2026-03-16
2026-03-24,CD-PE,P4,4146,711,0,2026-03-16
2026-03-24,CD-PE,P5,3610,318,0,2026-03-19
2026-03-25,CD-SP,P1,29769,7109,0,2026-03-19
2026-03-25,CD-SP,P2,20328,4342,0,2026-03-23
2026-03-25,CD-SP,P3,5012,1104,0,2026-03-19
2026-03-25,CD-SP,P4,6417,1463,0,2026-03-24
2026-03-25,CD-SP,P5,2765,640,500,2026-03-22
2026-03-25,CD-PR,P1,23963,3202,0,2026-03-24
2026-03-25,CD-PR,P2,15848,1956,0,2026-03-24
2026-03-25,CD-PR,P3,2048,497,0,2026-03-13
2026-03-25,CD-PR,P4,2238,659,0,2026-03-13
2026-03-25,CD-PR,P5,2765,288,0,2026-03-24
2026-03-25,CD-GO,P1,20569,2440,0,2026-03-22
2026-03-25,CD-GO,P2,12344,1490,0,2026-03-22
2026-03-25,CD-GO,P3,2270,379,0,2026-03-14
2026-03-25,CD-GO,P4,2262,502,0,2026-03-21
2026-03-25,CD-GO,P5,2801,219,0,2026-03-22
2026-03-25,CD-PE,P1,34190,3334,0,2026-03-19
2026-03-25,CD-PE,P2,19424,2036,0,2026-03-19
2026-03-25,CD-PE,P3,4534,518,0,2026-03-16
2026-03-25,CD-PE,P4,3753,687,0,2026-03-16
2026-03-25,CD-PE,P5,3473,300,0,2026-03-19
2026-03-26,CD-SP,P1,24956,7109,0,2026-03-19
2026-03-26,CD-SP,P2,17912,4342,0,2026-03-23
2026-03-26,CD-SP,P3,4226,1104,0,2026-03-19
2026-03-26,CD-SP,P4,6018,1512,0,2026-03-24
2026-03-26,CD-SP,P5,2437,640,500,2026-03-22
2026-03-26,CD-PR,P1,22081,3203,0,2026-03-24
2026-03-26,CD-PR,P2,14462,1956,0,2026-03-24
2026-03-26,CD-PR,P3,1937,497,0,2026-03-13
2026-03-26,CD-PR,P4,2214,681,0,2026-03-13
2026-03-26,CD-PR,P5,1753,288,0,2026-03-24
2026-03-26,CD-GO,P1,20135,2440,0,2026-03-22
2026-03-26,CD-GO,P2,11568,1491,0,2026-03-22
2026-03-26,CD-GO,P3,2246,379,0,2026-03-14
2026-03-26,CD-GO,P4,2244,519,0,2026-03-21
2026-03-26,CD-GO,P5,2158,220,0,2026-03-22
2026-03-26,CD-PE,P1,32314,3335,0,2026-03-19
2026-03-26,CD-PE,P2,18766,2037,0,2026-03-19
2026-03-26,CD-PE,P3,4123,518,0,2026-03-16
2026-03-26,CD-PE,P4,3735,710,0,2026-03-16
2026-03-26,CD-PE,P5,3455,300,0,2026-03-19
2026-03-27,CD-SP,P1,22664,7109,0,2026-03-19
2026-03-27,CD-SP,P2,16176,4342,0,2026-03-23
2026-03-27,CD-SP,P3,4073,1104,0,2026-03-19
2026-03-27,CD-SP,P4,5625,1557,0,2026-03-24
2026-03-27,CD-SP,P5,1270,640,500,2026-03-22
2026-03-27,CD-PR,P1,20953,3203,0,2026-03-24
2026-03-27,CD-PR,P2,13378,1956,0,2026-03-24
2026-03-27,CD-PR,P3,1520,497,0,2026-03-13
2026-03-27,CD-PR,P4,1827,701,0,2026-03-13
2026-03-27,CD-PR,P5,1741,288,0,2026-03-24
2026-03-27,CD-GO,P1,18669,2441,0,2026-03-22
2026-03-27,CD-GO,P2,10952,1491,0,2026-03-22
2026-03-27,CD-GO,P3,2228,379,0,2026-03-14
2026-03-27,CD-GO,P4,2088,535,0,2026-03-21
2026-03-27,CD-GO,P5,2140,220,0,2026-03-22
2026-03-27,CD-PE,P1,30468,3337,0,2026-03-19
2026-03-27,CD-PE,P2,16386,2038,0,2026-03-19
2026-03-27,CD-PE,P3,3823,518,0,2026-03-16
2026-03-27,CD-PE,P4,3360,731,0,2026-03-16
2026-03-27,CD-PE,P5,3437,300,0,2026-03-19
2026-03-28,CD-SP,P1,21264,7109,0,2026-03-19
2026-03-28,CD-SP,P2,16064,4342,0,2026-03-23
2026-03-28,CD-SP,P3,4073,1104,0,2026-03-19
2026-03-28,CD-SP,P4,5625,1589,0,2026-03-24
2026-03-28,CD-SP,P5,1270,640,500,2026-03-22
2026-03-28,CD-PR,P1,20953,3203,0,2026-03-24
2026-03-28,CD-PR,P2,13378,1957,0,2026-03-24
2026-03-28,CD-PR,P3,1520,497,0,2026-03-13
2026-03-28,CD-PR,P4,1827,716,0,2026-03-13
2026-03-28,CD-PR,P5,1741,288,0,2026-03-24
2026-03-28,CD-GO,P1,18669,2441,0,2026-03-22
2026-03-28,CD-GO,P2,10952,1491,0,2026-03-22
2026-03-28,CD-GO,P3,2228,379,0,2026-03-14
2026-03-28,CD-GO,P4,2088,546,0,2026-03-21
2026-03-28,CD-GO,P5,2140,220,0,2026-03-22
2026-03-28,CD-PE,P1,30468,3338,0,2026-03-19
2026-03-28,CD-PE,P2,16386,2039,0,2026-03-19
2026-03-28,CD-PE,P3,3724,518,0,2026-03-16
2026-03-28,CD-PE,P4,3348,746,0,2026-03-16
2026-03-28,CD-PE,P5,3437,300,0,2026-03-19
2026-03-29,CD-SP,P1,21264,7109,0,2026-03-19
2026-03-29,CD-SP,P2,16064,4342,0,2026-03-23
2026-03-29,CD-SP,P3,4073,1104,0,2026-03-19
2026-03-29,CD-SP,P4,5625,1589,0,2026-03-24
2026-03-29,CD-SP,P5,1770,640,0,2026-03-29
2026-03-29,CD-PR,P1,20953,3203,0,2026-03-24
2026-03-29,CD-PR,P2,13378,1957,0,2026-03-24
2026-03-29,CD-PR,P3,1520,497,0,2026-03-13
2026-03-29,CD-PR,P4,1827,716,0,2026-03-13
2026-03-29,CD-PR,P5,1741,288,0,2026-03-24
2026-03-29,CD-GO,P1,18669,2441,0,2026-03-22
2026-03-29,CD-GO,P2,10952,1491,0,2026-03-22
2026-03-29,CD-GO,P3,2228,379,0,2026-03-14
2026-03-29,CD-GO,P4,2088,546,0,2026-03-21
2026-03-29,CD-GO,P5,2140,220,0,2026-03-22
2026-03-29,CD-PE,P1,30468,3338,0,2026-03-19
2026-03-29,CD-PE,P2,16386,2039,0,2026-03-19
2026-03-29,CD-PE,P3,3724,518,0,2026-03-16
2026-03-29,CD-PE,P4,3348,746,0,2026-03-16
2026-03-29,CD-PE,P5,3437,300,0,2026-03-19
2026-03-30,CD-SP,P1,15841,7109,0,2026-03-19
2026-03-30,CD-SP,P2,13004,4342,0,2026-03-23
2026-03-30,CD-SP,P3,3170,1104,0,2026-03-19
2026-03-30,CD-SP,P4,4575,1589,0,2026-03-24
2026-03-30,CD-SP,P5,1746,640,0,2026-03-29
2026-03-30,CD-PR,P1,18503,3203,0,2026-03-24
2026-03-30,CD-PR,P2,11518,1957,0,2026-03-24
2026-03-30,CD-PR,P3,1097,497,0,2026-03-13
2026-03-30,CD-PR,P4,1503,716,0,2026-03-13
2026-03-30,CD-PR,P5,1717,288,0,2026-03-24
2026-03-30,CD-GO,P1,17402,2441,0,2026-03-22
2026-03-30,CD-GO,P2,10200,1491,0,2026-03-22
2026-03-30,CD-GO,P3,2048,379,0,2026-03-14
2026-03-30,CD-GO,P4,2070,546,0,2026-03-21
2026-03-30,CD-GO,P5,2134,220,0,2026-03-22
2026-03-30,CD-PE,P1,27868,3338,0,2026-03-19
2026-03-30,CD-PE,P2,15036,2039,0,2026-03-19
2026-03-30,CD-PE,P3,3601,518,0,2026-03-16
2026-03-30,CD-PE,P4,2937,746,0,2026-03-16
2026-03-30,CD-PE,P5,2788,300,0,2026-03-19
2026-03-31,CD-SP,P1,8952,7109,0,2026-03-19
2026-03-31,CD-SP,P2,9454,4342,0,2026-03-23
2026-03-31,CD-SP,P3,1997,1104,0,2026-03-19
2026-03-31,CD-SP,P4,4317,1644,0,2026-03-24
2026-03-31,CD-SP,P5,1573,640,0,2026-03-29
2026-03-31,CD-PR,P1,15759,3204,0,2026-03-24
2026-03-31,CD-PR,P2,9120,1957,0,2026-03-24
2026-03-31,CD-PR,P3,692,498,0,2026-03-13
2026-03-31,CD-PR,P4,678,741,0,2026-03-13
2026-03-31,CD-PR,P5,889,288,0,2026-03-24
2026-03-31,CD-GO,P1,14754,2442,0,2026-03-22
2026-03-31,CD-GO,P2,9454,1492,0,2026-03-22
2026-03-31,CD-GO,P3,1343,379,0,2026-03-14
2026-03-31,CD-GO,P4,2058,565,0,2026-03-21
2026-03-31,CD-GO,P5,1616,220,0,2026-03-22
2026-03-31,CD-PE,P1,24882,3339,0,2026-03-19
2026-03-31,CD-PE,P2,14260,2040,0,2026-03-19
2026-03-31,CD-PE,P3,3184,519,0,2026-03-16
2026-03-31,CD-PE,P4,2838,773,0,2026-03-16
2026-03-31,CD-PE,P5,2764,300,0,2026-03-19
2026-04-01,CD-SP,P1,4675,7109,0,2026-03-19
2026-04-01,CD-SP,P2,6156,4342,0,2026-03-23
2026-04-01,CD-SP,P3,1085,1104,0,2026-03-19
2026-04-01,CD-SP,P4,3207,1697,0,2026-03-24
2026-04-01,CD-SP,P5,1418,640,0,2026-03-29
2026-04-01,CD-PR,P1,13002,3204,0,2026-03-24
2026-04-01,CD-PR,P2,8368,1957,0,2026-03-24
2026-04-01,CD-PR,P3,317,498,0,2026-03-13
2026-04-01,CD-PR,P4,219,765,0,2026-03-13
2026-04-01,CD-PR,P5,871,288,0,2026-03-24
2026-04-01,CD-GO,P1,14471,2443,0,2026-03-22
2026-04-01,CD-GO,P2,7896,1492,0,2026-03-22
2026-04-01,CD-GO,P3,1313,379,0,2026-03-14
2026-04-01,CD-GO,P4,1359,583,0,2026-03-21
2026-04-01,CD-GO,P5,1604,220,0,2026-03-22
2026-04-01,CD-PE,P1,23000,3341,0,2026-03-19
2026-04-01,CD-PE,P2,12690,2041,0,2026-03-19
2026-04-01,CD-PE,P3,2785,519,0,2026-03-16
2026-04-01,CD-PE,P4,2121,797,0,2026-03-16
2026-04-01,CD-PE,P5,2115,301,0,2026-03-19
2026-04-02,CD-SP,P1,1115,7109,0,2026-03-19
2026-04-02,CD-SP,P2,1282,4342,0,2026-03-23
2026-04-02,CD-SP,P3,170,1104,0,2026-03-19
2026-04-02,CD-SP,P4,1686,1697,0,2026-03-24
2026-04-02,CD-SP,P5,757,640,0,2026-03-29
2026-04-02,CD-PR,P1,10203,3204,0,2026-03-24
2026-04-02,CD-PR,P2,7118,1957,0,2026-03-24
2026-04-02,CD-PR,P3,17,498,0,2026-03-13
2026-04-02,CD-PR,P4,102,765,0,2026-03-13
2026-04-02,CD-PR,P5,734,288,0,2026-03-24
2026-04-02,CD-GO,P1,12631,2443,0,2026-03-22
2026-04-02,CD-GO,P2,7594,1492,0,2026-03-22
2026-04-02,CD-GO,P3,1295,379,0,2026-03-14
2026-04-02,CD-GO,P4,1041,583,0,2026-03-21
2026-04-02,CD-GO,P5,1592,220,0,2026-03-22
2026-04-02,CD-PE,P1,20418,3341,0,2026-03-19
2026-04-02,CD-PE,P2,11802,2041,0,2026-03-19
2026-04-02,CD-PE,P3,2146,519,0,2026-03-16
2026-04-02,CD-PE,P4,1317,797,0,2026-03-16
2026-04-02,CD-PE,P5,2103,301,0,2026-03-19
2026-04-03,CD-SP,P1,941,7109,0,2026-03-19
2026-04-03,CD-SP,P2,1282,4342,0,2026-03-23
2026-04-03,CD-SP,P3,170,1104,0,2026-03-19
2026-04-03,CD-SP,P4,1686,1697,0,2026-03-24
2026-04-03,CD-SP,P5,257,640,0,2026-03-29
2026-04-03,CD-PR,P1,10203,3204,0,2026-03-24
2026-04-03,CD-PR,P2,7118,1957,0,2026-03-24
2026-04-03,CD-PR,P3,5,498,0,2026-03-13
2026-04-03,CD-PR,P4,102,765,0,2026-03-13
2026-04-03,CD-PR,P5,734,288,0,2026-03-24
2026-04-03,CD-GO,P1,12631,2443,0,2026-03-22
2026-04-03,CD-GO,P2,7594,1492,0,2026-03-22
2026-04-03,CD-GO,P3,1295,379,0,2026-03-14
2026-04-03,CD-GO,P4,1041,583,0,2026-03-21
2026-04-03,CD-GO,P5,1592,220,0,2026-03-22
2026-04-03,CD-PE,P1,20418,3341,0,2026-03-19
2026-04-03,CD-PE,P2,11352,2041,0,2026-03-19
2026-04-03,CD-PE,P3,2146,519,0,2026-03-16
2026-04-03,CD-PE,P4,1317,797,0,2026-03-16
2026-04-03,CD-PE,P5,2103,301,0,2026-03-19
2026-04-04,CD-SP,P1,941,7109,0,2026-03-19
2026-04-04,CD-SP,P2,1282,4342,0,2026-03-23
2026-04-04,CD-SP,P3,170,1104,0,2026-03-19
2026-04-04,CD-SP,P4,1686,1697,0,2026-03-24
2026-04-04,CD-SP,P5,257,640,0,2026-03-29
2026-04-04,CD-PR,P1,10203,3204,0,2026-03-24
2026-04-04,CD-PR,P2,7118,1957,0,2026-03-24
2026-04-04,CD-PR,P3,5,498,0,2026-03-13
2026-04-04,CD-PR,P4,102,765,0,2026-03-13
2026-04-04,CD-PR,P5,734,288,0,2026-03-24
2026-04-04,CD-GO,P1,12631,2443,0,2026-03-22
2026-04-04,CD-GO,P2,7594,1492,0,2026-03-22
2026-04-04,CD-GO,P3,1295,379,0,2026-03-14
2026-04-04,CD-GO,P4,1041,583,0,2026-03-21
2026-04-04,CD-GO,P5,1592,220,0,2026-03-22
2026-04-04,CD-PE,P1,20418,3341,0,2026-03-19
2026-04-04,CD-PE,P2,11352,2041,0,2026-03-19
2026-04-04,CD-PE,P3,2146,519,0,2026-03-16
2026-04-04,CD-PE,P4,1317,797,0,2026-03-16
2026-04-04,CD-PE,P5,2103,301,0,2026-03-19
2026-04-05,CD-SP,P1,941,7109,0,2026-03-19
2026-04-05,CD-SP,P2,1282,4342,0,2026-03-23
2026-04-05,CD-SP,P3,170,1104,0,2026-03-19
2026-04-05,CD-SP,P4,1686,1697,0,2026-03-24
2026-04-05,CD-SP,P5,257,640,0,2026-03-29
2026-04-05,CD-PR,P1,10203,3204,0,2026-03-24
2026-04-05,CD-PR,P2,7118,1957,0,2026-03-24
2026-04-05,CD-PR,P3,5,498,0,2026-03-13
2026-04-05,CD-PR,P4,102,765,0,2026-03-13
2026-04-05,CD-PR,P5,734,288,0,2026-03-24
2026-04-05,CD-GO,P1,12631,2443,0,2026-03-22
2026-04-05,CD-GO,P2,7594,1492,0,2026-03-22
2026-04-05,CD-GO,P3,1295,379,0,2026-03-14
2026-04-05,CD-GO,P4,1041,583,0,2026-03-21
2026-04-05,CD-GO,P5,1592,220,0,2026-03-22
2026-04-05,CD-PE,P1,20418,3341,0,2026-03-19
2026-04-05,CD-PE,P2,11352,2041,0,2026-03-19
2026-04-05,CD-PE,P3,2146,519,0,2026-03-16
2026-04-05,CD-PE,P4,1317,797,0,2026-03-16
2026-04-05,CD-PE,P5,2103,301,0,2026-03-19
2026-04-06,CD-SP,P1,54,7109,67200,2026-03-19
2026-04-06,CD-SP,P2,16,4342,40950,2026-03-23
2026-04-06,CD-SP,P3,20,1104,11100,2026-03-19
2026-04-06,CD-SP,P4,495,1697,15300,2026-03-24
2026-04-06,CD-SP,P5,60,640,7000,2026-03-29
2026-04-06,CD-PR,P1,8116,3204,30800,2026-03-24
2026-04-06,CD-PR,P2,5448,1957,18450,2026-03-24
2026-04-06,CD-PR,P3,5,498,6900,2026-03-13
2026-04-06,CD-PR,P4,66,765,10200,2026-03-13
2026-04-06,CD-PR,P5,216,288,3500,2026-03-24
2026-04-06,CD-GO,P1,10557,2443,18200,2026-03-22
2026-04-06,CD-GO,P2,6256,1492,11700,2026-03-22
2026-04-06,CD-GO,P3,710,379,3900,2026-03-14
2026-04-06,CD-GO,P4,711,583,6600,2026-03-21
2026-04-06,CD-GO,P5,1449,220,1500,2026-03-22
2026-04-06,CD-PE,P1,10729,3341,32900,2026-03-19
2026-04-06,CD-PE,P2,8058,2041,22050,2026-03-19
2026-04-06,CD-PE,P3,721,519,6600,2026-03-16
2026-04-06,CD-PE,P4,531,797,12000,2026-03-16
2026-04-06,CD-PE,P5,1954,301,3500,2026-03-19
2026-04-07,CD-SP,P1,54,7109,67200,2026-03-19
2026-04-07,CD-SP,P2,4,4342,40950,2026-03-23
2026-04-07,CD-SP,P3,8,1104,11100,2026-03-19
2026-04-07,CD-SP,P4,93,1697,15300,2026-03-24
2026-04-07,CD-SP,P5,6,640,7000,2026-03-29
2026-04-07,CD-PR,P1,5510,3205,30800,2026-03-24
2026-04-07,CD-PR,P2,4232,1957,18450,2026-03-24
2026-04-07,CD-PR,P3,5,498,6900,2026-03-13
2026-04-07,CD-PR,P4,24,765,10200,2026-03-13
2026-04-07,CD-PR,P5,192,288,3500,2026-03-24
2026-04-07,CD-GO,P1,6033,2443,18200,2026-03-22
2026-04-07,CD-GO,P2,4332,1492,11700,2026-03-22
2026-04-07,CD-GO,P3,5,379,3900,2026-03-14
2026-04-07,CD-GO,P4,0,583,6600,2026-03-21
2026-04-07,CD-GO,P5,1306,220,1500,2026-03-22
2026-04-07,CD-PE,P1,6036,3343,32900,2026-03-19
2026-04-07,CD-PE,P2,3670,2042,22050,2026-03-19
2026-04-07,CD-PE,P3,10,519,6600,2026-03-16
2026-04-07,CD-PE,P4,15,798,12000,2026-03-16
2026-04-07,CD-PE,P5,1299,301,3500,2026-03-19
2026-04-08,CD-SP,P1,54,7109,67200,2026-03-19
2026-04-08,CD-SP,P2,4,4342,40950,2026-03-23
2026-04-08,CD-SP,P3,8,1104,11100,2026-03-19
2026-04-08,CD-SP,P4,0,1697,15300,2026-03-24
2026-04-08,CD-SP,P5,6,640,7000,2026-03-29
2026-04-08,CD-PR,P1,1311,3205,30800,2026-03-24
2026-04-08,CD-PR,P2,1546,1958,18450,2026-03-24
2026-04-08,CD-PR,P3,5,498,6900,2026-03-13
2026-04-08,CD-PR,P4,0,765,10200,2026-03-13
2026-04-08,CD-PR,P5,43,288,3500,2026-03-24
2026-04-08,CD-GO,P1,1370,2444,18200,2026-03-22
2026-04-08,CD-GO,P2,1542,1493,11700,2026-03-22
2026-04-08,CD-GO,P3,5,380,3900,2026-03-14
2026-04-08,CD-GO,P4,0,583,6600,2026-03-21
2026-04-08,CD-GO,P5,788,220,1500,2026-03-22
2026-04-08,CD-PE,P1,1119,3344,32900,2026-03-19
2026-04-08,CD-PE,P2,1478,2043,22050,2026-03-19
2026-04-08,CD-PE,P3,10,519,6600,2026-03-16
2026-04-08,CD-PE,P4,9,798,12000,2026-03-16
2026-04-08,CD-PE,P5,989,301,3500,2026-03-19
2026-04-09,CD-SP,P1,62857,7109,0,2026-04-09
2026-04-09,CD-SP,P2,37324,4342,0,2026-04-09
2026-04-09,CD-SP,P3,7220,1104,0,2026-04-09
2026-04-09,CD-SP,P4,7404,1697,0,2026-04-09
2026-04-09,CD-SP,P5,6,640,7000,2026-03-29
2026-04-09,CD-PR,P1,74,3205,30800,2026-03-24
2026-04-09,CD-PR,P2,872,1958,18450,2026-03-24
2026-04-09,CD-PR,P3,5,498,6900,2026-03-13
2026-04-09,CD-PR,P4,0,765,10200,2026-03-13
2026-04-09,CD-PR,P5,25,288,3500,2026-03-24
2026-04-09,CD-GO,P1,852,2445,18200,2026-03-22
2026-04-09,CD-GO,P2,666,1493,11700,2026-03-22
2026-04-09,CD-GO,P3,5,380,3900,2026-03-14
2026-04-09,CD-GO,P4,0,583,6600,2026-03-21
2026-04-09,CD-GO,P5,770,220,1500,2026-03-22
2026-04-09,CD-PE,P1,31455,3346,0,2026-04-09
2026-04-09,CD-PE,P2,22308,2044,0,2026-04-09
2026-04-09,CD-PE,P3,10,520,6600,2026-03-16
2026-04-09,CD-PE,P4,9,798,12000,2026-03-16
2026-04-09,CD-PE,P5,3447,301,0,2026-04-09
2026-04-10,CD-SP,P1,58200,7109,0,2026-04-09
2026-04-10,CD-SP,P2,35104,4342,0,2026-04-09
2026-04-10,CD-SP,P3,6173,1104,0,2026-04-09
2026-04-10,CD-SP,P4,6444,1697,0,2026-04-09
2026-04-10,CD-SP,P5,6,640,7000,2026-03-29
2026-04-10,CD-PR,P1,29752,3206,0,2026-04-10
2026-04-10,CD-PR,P2,136,1958,18450,2026-03-24
2026-04-10,CD-PR,P3,6734,498,0,2026-04-10
2026-04-10,CD-PR,P4,8940,765,0,2026-04-10
2026-04-10,CD-PR,P5,13,288,3500,2026-03-24
2026-04-10,CD-GO,P1,128,2445,18200,2026-03-22
2026-04-10,CD-GO,P2,14,1493,11700,2026-03-22
2026-04-10,CD-GO,P3,5,380,3900,2026-03-14
2026-04-10,CD-GO,P4,0,583,6600,2026-03-21
2026-04-10,CD-GO,P5,639,220,1500,2026-03-22
2026-04-10,CD-PE,P1,29603,3347,0,2026-04-09
2026-04-10,CD-PE,P2,21218,2044,0,2026-04-09
2026-04-10,CD-PE,P3,10,520,6600,2026-03-16
2026-04-10,CD-PE,P4,9,799,12000,2026-03-16
2026-04-10,CD-PE,P5,2667,301,0,2026-04-09
2026-04-11,CD-SP,P1,58200,7109,0,2026-04-09
2026-04-11,CD-SP,P2,34428,4342,0,2026-04-09
2026-04-11,CD-SP,P3,6098,1104,0,2026-04-09
2026-04-11,CD-SP,P4,6294,1697,0,2026-04-09
2026-04-11,CD-SP,P5,6,640,7000,2026-03-29
2026-04-11,CD-PR,P1,29752,3206,0,2026-04-10
2026-04-11,CD-PR,P2,24,1958,18450,2026-03-24
2026-04-11,CD-PR,P3,6734,498,0,2026-04-10
2026-04-11,CD-PR,P4,8922,765,0,2026-04-10
2026-04-11,CD-PR,P5,13,288,3500,2026-03-24
2026-04-11,CD-GO,P1,18286,2445,0,2026-04-11
2026-04-11,CD-GO,P2,11660,1494,0,2026-04-11
2026-04-11,CD-GO,P3,3905,380,0,2026-04-11
2026-04-11,CD-GO,P4,6600,584,0,2026-04-11
2026-04-11,CD-GO,P5,639,220,1500,2026-03-22
2026-04-11,CD-PE,P1,29603,3348,0,2026-04-09
2026-04-11,CD-PE,P2,21218,2045,0,2026-04-09
2026-04-11,CD-PE,P3,10,520,6600,2026-03-16
2026-04-11,CD-PE,P4,9,799,12000,2026-03-16
2026-04-11,CD-PE,P5,2667,301,0,2026-04-09
2026-04-12,CD-SP,P1,58200,7109,0,2026-04-09
2026-04-12,CD-SP,P2,34428,4342,0,2026-04-09
2026-04-12,CD-SP,P3,6098,1104,0,2026-04-09
2026-04-12,CD-SP,P4,6294,1697,0,2026-04-09
2026-04-12,CD-SP,P5,7006,640,0,2026-04-12
2026-04-12,CD-PR,P1,29752,3206,0,2026-04-10
2026-04-12,CD-PR,P2,24,1958,18450,2026-03-24
2026-04-12,CD-PR,P3,6734,498,0,2026-04-10
2026-04-12,CD-PR,P4,8922,765,0,2026-04-10
2026-04-12,CD-PR,P5,13,288,3500,2026-03-24
2026-04-12,CD-GO,P1,18286,2445,0,2026-04-11
2026-04-12,CD-GO,P2,11660,1494,0,2026-04-11
2026-04-12,CD-GO,P3,3905,380,0,2026-04-11
2026-04-12,CD-GO,P4,6600,584,0,2026-04-11
2026-04-12,CD-GO,P5,2139,220,0,2026-04-12
2026-04-12,CD-PE,P1,29603,3348,0,2026-04-09
2026-04-12,CD-PE,P2,21218,2045,0,2026-04-09
2026-04-12,CD-PE,P3,10,520,6600,2026-03-16
2026-04-12,CD-PE,P4,9,799,12000,2026-03-16
2026-04-12,CD-PE,P5,2667,301,0,2026-04-09
2026-04-13,CD-SP,P1,52246,7109,9800,2026-04-09
2026-04-13,CD-SP,P2,30604,4342,8100,2026-04-09
2026-04-13,CD-SP,P3,5648,1104,5100,2026-04-09
2026-04-13,CD-SP,P4,5391,1697,10800,2026-04-09
2026-04-13,CD-SP,P5,5790,640,0,2026-04-12
2026-04-13,CD-PR,P1,26247,3206,11200,2026-04-10
2026-04-13,CD-PR,P2,24,1958,25650,2026-03-24
2026-04-13,CD-PR,P3,6023,498,0,2026-04-10
2026-04-13,CD-PR,P4,8118,765,1200,2026-04-10
2026-04-13,CD-PR,P5,13,288,4000,2026-03-24
2026-04-13,CD-GO,P1,17140,2445,12600,2026-04-11
2026-04-13,CD-GO,P2,10890,1494,7650,2026-04-11
2026-04-13,CD-GO,P3,3494,380,900,2026-04-11
2026-04-13,CD-GO,P4,6264,584,1200,2026-04-11
2026-04-13,CD-GO,P5,2115,220,1000,2026-04-12
2026-04-13,CD-PE,P1,26798,3348,23800,2026-04-09
2026-04-13,CD-PE,P2,19264,2045,12150,2026-04-09
2026-04-13,CD-PE,P3,6199,520,2400,2026-04-13
2026-04-13,CD-PE,P4,11511,799,1200,2026-04-13
2026-04-13,CD-PE,P5,2042,301,3000,2026-04-09
2026-04-14,CD-SP,P1,47444,7109,9800,2026-04-09
2026-04-14,CD-SP,P2,21504,4342,8100,2026-04-09
2026-04-14,CD-SP,P3,4754,1104,5100,2026-04-09
2026-04-14,CD-SP,P4,4269,1697,10800,2026-04-09
2026-04-14,CD-SP,P5,5260,640,0,2026-04-12
2026-04-14,CD-PR,P1,24178,3206,11200,2026-04-10
2026-04-14,CD-PR,P2,24,1958,25650,2026-03-24
2026-04-14,CD-PR,P3,5549,498,0,2026-04-10
2026-04-14,CD-PR,P4,7689,765,1200,2026-04-10
2026-04-14,CD-PR,P5,3376,288,500,2026-04-14
2026-04-14,CD-GO,P1,15161,2446,12600,2026-04-11
2026-04-14,CD-GO,P2,9096,1494,7650,2026-04-11
2026-04-14,CD-GO,P3,3470,380,900,2026-04-11
2026-04-14,CD-GO,P4,5766,584,1200,2026-04-11
2026-04-14,CD-GO,P5,2097,220,1000,2026-04-12
2026-04-14,CD-PE,P1,25411,3350,23800,2026-04-09
2026-04-14,CD-PE,P2,18328,2046,12150,2026-04-09
2026-04-14,CD-PE,P3,5851,520,2400,2026-04-13
2026-04-14,CD-PE,P4,11406,799,1200,2026-04-13
2026-04-14,CD-PE,P5,1988,301,3000,2026-04-09
2026-04-15,CD-SP,P1,42492,7109,9800,2026-04-09
2026-04-15,CD-SP,P2,16306,4342,8100,2026-04-09
2026-04-15,CD-SP,P3,3890,1104,5100,2026-04-09
2026-04-15,CD-SP,P4,2481,1697,10800,2026-04-09
2026-04-15,CD-SP,P5,4444,640,0,2026-04-12
2026-04-15,CD-PR,P1,21596,3207,11200,2026-04-10
2026-04-15,CD-PR,P2,24,1959,25650,2026-03-24
2026-04-15,CD-PR,P3,5108,498,0,2026-04-10
2026-04-15,CD-PR,P4,6903,765,1200,2026-04-10
2026-04-15,CD-PR,P5,2858,288,500,2026-04-14
2026-04-15,CD-GO,P1,14100,2447,12600,2026-04-11
2026-04-15,CD-GO,P2,8900,1495,7650,2026-04-11
2026-04-15,CD-GO,P3,3284,380,900,2026-04-11
2026-04-15,CD-GO,P4,5367,584,1200,2026-04-11
2026-04-15,CD-GO,P5,2085,220,1000,2026-04-12
2026-04-15,CD-PE,P1,21236,3352,23800,2026-04-09
2026-04-15,CD-PE,P2,16196,2047,12150,2026-04-09
2026-04-15,CD-PE,P3,5371,521,2400,2026-04-13
2026-04-15,CD-PE,P4,10395,800,1200,2026-04-13
2026-04-15,CD-PE,P5,1845,302,3000,2026-04-09
2026-04-16,CD-SP,P1,45909,7109,0,2026-04-16
2026-04-16,CD-SP,P2,21362,4342,0,2026-04-16
2026-04-16,CD-SP,P3,8099,1104,0,2026-04-16
2026-04-16,CD-SP,P4,12147,1697,0,2026-04-16
2026-04-16,CD-SP,P5,3759,640,0,2026-04-12
2026-04-16,CD-PR,P1,19720,3207,11200,2026-04-10
2026-04-16,CD-PR,P2,16354,1959,7200,2026-04-16
2026-04-16,CD-PR,P3,4598,498,0,2026-04-10
2026-04-16,CD-PR,P4,6228,765,1200,2026-04-10
2026-04-16,CD-PR,P5,2858,289,500,2026-04-14
2026-04-16,CD-GO,P1,11355,2447,12600,2026-04-11
2026-04-16,CD-GO,P2,7686,1495,7650,2026-04-11
2026-04-16,CD-GO,P3,2585,380,900,2026-04-11
2026-04-16,CD-GO,P4,5268,584,1200,2026-04-11
2026-04-16,CD-GO,P5,1567,220,1000,2026-04-12
2026-04-16,CD-PE,P1,44059,3353,0,2026-04-16
2026-04-16,CD-PE,P2,27002,2048,0,2026-04-16
2026-04-16,CD-PE,P3,5260,521,2400,2026-04-13
2026-04-16,CD-PE,P4,9909,800,1200,2026-04-13
2026-04-16,CD-PE,P5,4833,302,0,2026-04-16
2026-04-17,CD-SP,P1,41421,7109,0,2026-04-16
2026-04-17,CD-SP,P2,19958,4342,0,2026-04-16
2026-04-17,CD-SP,P3,7577,1104,0,2026-04-16
2026-04-17,CD-SP,P4,10752,1697,0,2026-04-16
2026-04-17,CD-SP,P5,3235,640,0,2026-04-12
2026-04-17,CD-PR,P1,29056,3207,0,2026-04-17
2026-04-17,CD-PR,P2,22304,1959,0,2026-04-17
2026-04-17,CD-PR,P3,4574,498,0,2026-04-10
2026-04-17,CD-PR,P4,7299,765,0,2026-04-17
2026-04-17,CD-PR,P5,2691,289,500,2026-04-14
2026-04-17,CD-GO,P1,11114,2448,12600,2026-04-11
2026-04-17,CD-GO,P2,7532,1495,7650,2026-04-11
2026-04-17,CD-GO,P3,2561,380,900,2026-04-11
2026-04-17,CD-GO,P4,5262,584,1200,2026-04-11
2026-04-17,CD-GO,P5,930,220,1000,2026-04-12
2026-04-17,CD-PE,P1,42382,3355,0,2026-04-16
2026-04-17,CD-PE,P2,25990,2049,0,2026-04-16
2026-04-17,CD-PE,P3,4855,521,2400,2026-04-13
2026-04-17,CD-PE,P4,9510,801,1200,2026-04-13
2026-04-17,CD-PE,P5,4833,302,0,2026-04-16
2026-04-18,CD-SP,P1,41421,7109,0,2026-04-16
2026-04-18,CD-SP,P2,19508,4342,0,2026-04-16
2026-04-18,CD-SP,P3,7577,1104,0,2026-04-16
2026-04-18,CD-SP,P4,10452,1697,0,2026-04-16
2026-04-18,CD-SP,P5,3235,640,0,2026-04-12
2026-04-18,CD-PR,P1,29056,3208,0,2026-04-17
2026-04-18,CD-PR,P2,22304,1959,0,2026-04-17
2026-04-18,CD-PR,P3,4574,498,0,2026-04-10
2026-04-18,CD-PR,P4,7299,765,0,2026-04-17
2026-04-18,CD-PR,P5,2691,289,500,2026-04-14
2026-04-18,CD-GO,P1,23714,2448,0,2026-04-18
2026-04-18,CD-GO,P2,15182,1495,0,2026-04-18
2026-04-18,CD-GO,P3,3461,380,0,2026-04-18
2026-04-18,CD-GO,P4,6450,584,0,2026-04-18
2026-04-18,CD-GO,P5,930,220,1000,2026-04-12
2026-04-18,CD-PE,P1,42183,3356,0,2026-04-16
2026-04-18,CD-PE,P2,25906,2050,0,2026-04-16
2026-04-18,CD-PE,P3,4555,521,2400,2026-04-13
2026-04-18,CD-PE,P4,9510,801,1200,2026-04-13
2026-04-18,CD-PE,P5,4827,302,0,2026-04-16
2026-04-19,CD-SP,P1,41421,7109,0,2026-04-16
2026-04-19,CD-SP,P2,19508,4342,0,2026-04-16
2026-04-19,CD-SP,P3,7577,1104,0,2026-04-16
2026-04-19,CD-SP,P4,10452,1697,0,2026-04-16
2026-04-19,CD-SP,P5,3235,640,0,2026-04-12
2026-04-19,CD-PR,P1,29056,3208,0,2026-04-17
2026-04-19,CD-PR,P2,22304,1959,0,2026-04-17
2026-04-19,CD-PR,P3,4574,498,0,2026-04-10
2026-04-19,CD-PR,P4,7299,765,0,2026-04-17
2026-04-19,CD-PR,P5,2691,289,500,2026-04-14
2026-04-19,CD-GO,P1,23714,2448,0,2026-04-18
2026-04-19,CD-GO,P2,15182,1495,0,2026-04-18
2026-04-19,CD-GO,P3,3461,380,0,2026-04-18
2026-04-19,CD-GO,P4,6450,584,0,2026-04-18
2026-04-19,CD-GO,P5,1930,220,0,2026-04-19
2026-04-19,CD-PE,P1,42183,3356,0,2026-04-16
2026-04-19,CD-PE,P2,25906,2050,0,2026-04-16
2026-04-19,CD-PE,P3,4555,521,2400,2026-04-13
2026-04-19,CD-PE,P4,9510,801,1200,2026-04-13
2026-04-19,CD-PE,P5,4827,302,0,2026-04-16
2026-04-20,CD-SP,P1,35829,7109,26600,2026-04-16
2026-04-20,CD-SP,P2,16008,4342,22950,2026-04-16
2026-04-20,CD-SP,P3,6356,1104,0,2026-04-16
2026-04-20,CD-SP,P4,8544,1697,300,2026-04-16
2026-04-20,CD-SP,P5,1746,640,4000,2026-04-12
2026-04-20,CD-PR,P1,26474,3208,3500,2026-04-17
2026-04-20,CD-PR,P2,21148,1959,0,2026-04-17
2026-04-20,CD-PR,P3,3770,498,0,2026-04-10
2026-04-20,CD-PR,P4,6576,765,0,2026-04-17
2026-04-20,CD-PR,P5,2143,289,1000,2026-04-14
2026-04-20,CD-GO,P1,21832,2448,0,2026-04-18
2026-04-20,CD-GO,P2,13370,1495,0,2026-04-18
2026-04-20,CD-GO,P3,3350,380,0,2026-04-18
2026-04-20,CD-GO,P4,5976,584,0,2026-04-18
2026-04-20,CD-GO,P5,1781,220,1500,2026-04-19
2026-04-20,CD-PE,P1,38503,3356,0,2026-04-16
2026-04-20,CD-PE,P2,24076,2050,0,2026-04-16
2026-04-20,CD-PE,P3,6745,521,0,2026-04-20
2026-04-20,CD-PE,P4,9906,801,0,2026-04-20
2026-04-20,CD-PE,P5,3642,302,0,2026-04-16
2026-04-21,CD-SP,P1,35829,7109,26600,2026-04-16
2026-04-21,CD-SP,P2,15854,4342,22950,2026-04-16
2026-04-21,CD-SP,P3,6356,1104,0,2026-04-16
2026-04-21,CD-SP,P4,8544,1697,300,2026-04-16
2026-04-21,CD-SP,P5,1746,640,4000,2026-04-12
2026-04-21,CD-PR,P1,26474,3208,3500,2026-04-17
2026-04-21,CD-PR,P2,20924,1959,0,2026-04-17
2026-04-21,CD-PR,P3,3770,498,0,2026-04-10
2026-04-21,CD-PR,P4,6576,766,0,2026-04-17
2026-04-21,CD-PR,P5,2518,289,500,2026-04-21
2026-04-21,CD-GO,P1,21832,2449,0,2026-04-18
2026-04-21,CD-GO,P2,13370,1496,0,2026-04-18
2026-04-21,CD-GO,P3,3350,380,0,2026-04-18
2026-04-21,CD-GO,P4,5976,584,0,2026-04-18
2026-04-21,CD-GO,P5,1781,220,1500,2026-04-19
2026-04-21,CD-PE,P1,38503,3357,0,2026-04-16
2026-04-21,CD-PE,P2,24076,2051,0,2026-04-16
2026-04-21,CD-PE,P3,6745,521,0,2026-04-20
2026-04-21,CD-PE,P4,9906,801,0,2026-04-20
2026-04-21,CD-PE,P5,3642,302,0,2026-04-16
2026-04-22,CD-SP,P1,31154,7547,26600,2026-04-16
2026-04-22,CD-SP,P2,12680,4610,22950,2026-04-16
2026-04-22,CD-SP,P3,4718,1172,0,2026-04-16
2026-04-22,CD-SP,P4,6825,1801,300,2026-04-16
2026-04-22,CD-SP,P5,1579,679,4000,2026-04-12
2026-04-22,CD-PR,P1,26185,3406,3500,2026-04-17
2026-04-22,CD-PR,P2,20024,2080,0,2026-04-17
2026-04-22,CD-PR,P3,3341,529,0,2026-04-10
2026-04-22,CD-PR,P4,6078,813,0,2026-04-17
2026-04-22,CD-PR,P5,2357,306,500,2026-04-21
2026-04-22,CD-GO,P1,20040,2600,0,2026-04-18
2026-04-22,CD-GO,P2,11706,1588,0,2026-04-18
2026-04-22,CD-GO,P3,3251,404,0,2026-04-18
2026-04-22,CD-GO,P4,5265,621,0,2026-04-18
2026-04-22,CD-GO,P5,1775,234,1500,2026-04-19
2026-04-22,CD-PE,P1,35891,3565,0,2026-04-16
2026-04-22,CD-PE,P2,22726,2177,0,2026-04-16
2026-04-22,CD-PE,P3,6010,554,0,2026-04-20
2026-04-22,CD-PE,P4,9531,851,0,2026-04-20
2026-04-22,CD-PE,P5,3481,321,0,2026-04-16
2026-04-23,CD-SP,P1,26696,7547,26600,2026-04-16
2026-04-23,CD-SP,P2,17132,4610,14850,2026-04-23
2026-04-23,CD-SP,P3,4190,1172,0,2026-04-16
2026-04-23,CD-SP,P4,5928,1801,0,2026-04-23
2026-04-23,CD-SP,P5,1079,679,4000,2026-04-12
2026-04-23,CD-PR,P1,22541,3406,3500,2026-04-17
2026-04-23,CD-PR,P2,17886,2081,0,2026-04-17
2026-04-23,CD-PR,P3,2942,529,0,2026-04-10
2026-04-23,CD-PR,P4,5373,813,0,2026-04-17
2026-04-23,CD-PR,P5,1821,306,500,2026-04-21
2026-04-23,CD-GO,P1,18303,2601,0,2026-04-18
2026-04-23,CD-GO,P2,10794,1589,0,2026-04-18
2026-04-23,CD-GO,P3,2846,404,0,2026-04-18
2026-04-23,CD-GO,P4,4860,621,0,2026-04-18
2026-04-23,CD-GO,P5,1763,234,1500,2026-04-19
2026-04-23,CD-PE,P1,34021,3566,0,2026-04-16
2026-04-23,CD-PE,P2,21020,2178,0,2026-04-16
2026-04-23,CD-PE,P3,5605,554,0,2026-04-20
2026-04-23,CD-PE,P4,9096,851,0,2026-04-20
2026-04-23,CD-PE,P5,3463,321,0,2026-04-16
2026-04-24,CD-SP,P1,22986,7547,26600,2026-04-16
2026-04-24,CD-SP,P2,15284,4610,14850,2026-04-23
2026-04-24,CD-SP,P3,3755,1172,0,2026-04-16
2026-04-24,CD-SP,P4,5118,1801,0,2026-04-23
2026-04-24,CD-SP,P5,900,679,4000,2026-04-12
2026-04-24,CD-PR,P1,21564,3407,3500,2026-04-17
2026-04-24,CD-PR,P2,16672,2081,0,2026-04-17
2026-04-24,CD-PR,P3,2924,529,0,2026-04-10
2026-04-24,CD-PR,P4,5274,813,0,2026-04-17
2026-04-24,CD-PR,P5,1172,306,500,2026-04-21
2026-04-24,CD-GO,P1,17917,2601,0,2026-04-18
2026-04-24,CD-GO,P2,10308,1589,0,2026-04-18
2026-04-24,CD-GO,P3,2828,404,0,2026-04-18
2026-04-24,CD-GO,P4,4755,621,0,2026-04-18
2026-04-24,CD-GO,P5,1751,234,1500,2026-04-19
2026-04-24,CD-PE,P1,32187,3568,0,2026-04-16
2026-04-24,CD-PE,P2,20274,2179,0,2026-04-16
2026-04-24,CD-PE,P3,5512,554,0,2026-04-20
2026-04-24,CD-PE,P4,8691,851,0,2026-04-20
2026-04-24,CD-PE,P5,3308,321,0,2026-04-16
2026-04-25,CD-SP,P1,22986,7547,26600,2026-04-16
2026-04-25,CD-SP,P2,15266,4610,14850,2026-04-23
2026-04-25,CD-SP,P3,3755,1172,0,2026-04-16
2026-04-25,CD-SP,P4,5118,1801,0,2026-04-23
2026-04-25,CD-SP,P5,900,679,4000,2026-04-12
2026-04-25,CD-PR,P1,21564,3407,3500,2026-04-17
2026-04-25,CD-PR,P2,16672,2081,0,2026-04-17
2026-04-25,CD-PR,P3,2924,529,0,2026-04-10
2026-04-25,CD-PR,P4,5274,813,0,2026-04-17
2026-04-25,CD-PR,P5,1172,306,500,2026-04-21
2026-04-25,CD-GO,P1,17893,2602,0,2026-04-18
2026-04-25,CD-GO,P2,10284,1589,0,2026-04-18
2026-04-25,CD-GO,P3,2828,404,0,2026-04-18
2026-04-25,CD-GO,P4,4755,621,0,2026-04-18
2026-04-25,CD-GO,P5,1751,234,1500,2026-04-19
2026-04-25,CD-PE,P1,32187,3569,0,2026-04-16
2026-04-25,CD-PE,P2,20274,2180,0,2026-04-16
2026-04-25,CD-PE,P3,5512,554,0,2026-04-20
2026-04-25,CD-PE,P4,8691,852,0,2026-04-20
2026-04-25,CD-PE,P5,3308,321,0,2026-04-16
2026-04-26,CD-SP,P1,49586,7547,0,2026-04-26
2026-04-26,CD-SP,P2,30116,4610,0,2026-04-26
2026-04-26,CD-SP,P3,3755,1172,0,2026-04-16
2026-04-26,CD-SP,P4,5118,1801,0,2026-04-23
2026-04-26,CD-SP,P5,4900,679,0,2026-04-26
2026-04-26,CD-PR,P1,21564,3407,3500,2026-04-17
2026-04-26,CD-PR,P2,16672,2081,0,2026-04-17
2026-04-26,CD-PR,P3,2924,529,0,2026-04-10
2026-04-26,CD-PR,P4,5274,813,0,2026-04-17
2026-04-26,CD-PR,P5,1172,306,500,2026-04-21
2026-04-26,CD-GO,P1,17893,2602,0,2026-04-18
2026-04-26,CD-GO,P2,10284,1589,0,2026-04-18
2026-04-26,CD-GO,P3,2828,404,0,2026-04-18
2026-04-26,CD-GO,P4,4755,621,0,2026-04-18
2026-04-26,CD-GO,P5,3251,234,0,2026-04-26
2026-04-26,CD-PE,P1,32187,3569,0,2026-04-16
2026-04-26,CD-PE,P2,20274,2180,0,2026-04-16
2026-04-26,CD-PE,P3,5512,554,0,2026-04-20
2026-04-26,CD-PE,P4,8691,852,0,2026-04-20
2026-04-26,CD-PE,P5,3308,321,0,2026-04-16
2026-04-27,CD-SP,P1,43264,7547,0,2026-04-26
2026-04-27,CD-SP,P2,26948,4610,0,2026-04-26
2026-04-27,CD-SP,P3,2435,1172,0,2026-04-16
2026-04-27,CD-SP,P4,3222,1801,0,2026-04-23
2026-04-27,CD-SP,P5,3536,679,0,2026-04-26
2026-04-27,CD-PR,P1,17878,3407,3500,2026-04-17
2026-04-27,CD-PR,P2,14836,2081,0,2026-04-17
2026-04-27,CD-PR,P3,2426,529,0,2026-04-10
2026-04-27,CD-PR,P4,4470,813,0,2026-04-17
2026-04-27,CD-PR,P5,1160,306,500,2026-04-21
2026-04-27,CD-GO,P1,16741,2602,0,2026-04-18
2026-04-27,CD-GO,P2,8318,1589,0,2026-04-18
2026-04-27,CD-GO,P3,2417,404,0,2026-04-18
2026-04-27,CD-GO,P4,4350,621,0,2026-04-18
2026-04-27,CD-GO,P5,3102,234,0,2026-04-26
2026-04-27,CD-PE,P1,30305,3569,0,2026-04-16
2026-04-27,CD-PE,P2,17864,2180,0,2026-04-16
2026-04-27,CD-PE,P3,5101,554,0,2026-04-20
2026-04-27,CD-PE,P4,7974,852,0,2026-04-20
2026-04-27,CD-PE,P5,2647,321,0,2026-04-16
2026-04-28,CD-SP,P1,37762,7547,0,2026-04-26
2026-04-28,CD-SP,P2,23874,4610,0,2026-04-26
2026-04-28,CD-SP,P3,1232,1172,0,2026-04-16
2026-04-28,CD-SP,P4,2394,1801,0,2026-04-23
2026-04-28,CD-SP,P5,2845,679,0,2026-04-26
2026-04-28,CD-PR,P1,18953,3407,0,2026-04-28
2026-04-28,CD-PR,P2,13676,2081,0,2026-04-17
2026-04-28,CD-PR,P3,1703,529,0,2026-04-10
2026-04-28,CD-PR,P4,4065,813,0,2026-04-17
2026-04-28,CD-PR,P5,1636,307,0,2026-04-28
2026-04-28,CD-GO,P1,15746,2602,0,2026-04-18
2026-04-28,CD-GO,P2,7548,1590,0,2026-04-18
2026-04-28,CD-GO,P3,1931,404,0,2026-04-18
2026-04-28,CD-GO,P4,4320,621,0,2026-04-18
2026-04-28,CD-GO,P5,3090,234,0,2026-04-26
2026-04-28,CD-PE,P1,27705,3571,0,2026-04-16
2026-04-28,CD-PE,P2,16722,2181,0,2026-04-16
2026-04-28,CD-PE,P3,4726,555,0,2026-04-20
2026-04-28,CD-PE,P4,7476,852,0,2026-04-20
2026-04-28,CD-PE,P5,2129,321,0,2026-04-16
2026-04-29,CD-SP,P1,35308,7547,0,2026-04-26
2026-04-29,CD-SP,P2,21274,4610,0,2026-04-26
2026-04-29,CD-SP,P3,374,1172,0,2026-04-16
2026-04-29,CD-SP,P4,1557,1801,0,2026-04-23
2026-04-29,CD-SP,P5,1993,679,0,2026-04-26
2026-04-29,CD-PR,P1,16703,3408,0,2026-04-28
2026-04-29,CD-PR,P2,12396,2081,0,2026-04-17
2026-04-29,CD-PR,P3,1592,529,0,2026-04-10
2026-04-29,CD-PR,P4,3660,813,0,2026-04-17
2026-04-29,CD-PR,P5,1499,307,0,2026-04-28
2026-04-29,CD-GO,P1,13212,2603,0,2026-04-18
2026-04-29,CD-GO,P2,5724,1590,0,2026-04-18
2026-04-29,CD-GO,P3,1607,404,0,2026-04-18
2026-04-29,CD-GO,P4,3846,621,0,2026-04-18
2026-04-29,CD-GO,P5,3072,234,0,2026-04-26
2026-04-29,CD-PE,P1,25654,3572,0,2026-04-16
2026-04-29,CD-PE,P2,14802,2182,0,2026-04-16
2026-04-29,CD-PE,P3,4579,555,0,2026-04-20
2026-04-29,CD-PE,P4,6672,852,0,2026-04-20
2026-04-29,CD-PE,P5,1974,321,0,2026-04-16
2026-04-30,CD-SP,P1,29227,7547,0,2026-04-26
2026-04-30,CD-SP,P2,17320,4610,0,2026-04-26
2026-04-30,CD-SP,P3,68,1172,0,2026-04-16
2026-04-30,CD-SP,P4,21,1801,0,2026-04-23
2026-04-30,CD-SP,P5,1314,679,0,2026-04-26
2026-04-30,CD-PR,P1,14145,3408,0,2026-04-28
2026-04-30,CD-PR,P2,11046,2082,0,2026-04-17
2026-04-30,CD-PR,P3,1217,529,0,2026-04-10
2026-04-30,CD-PR,P4,2862,813,0,2026-04-17
2026-04-30,CD-PR,P5,1475,307,0,2026-04-28
2026-04-30,CD-GO,P1,12247,2604,0,2026-04-18
2026-04-30,CD-GO,P2,4374,1590,0,2026-04-18
2026-04-30,CD-GO,P3,1502,404,0,2026-04-18
2026-04-30,CD-GO,P4,3741,621,0,2026-04-18
2026-04-30,CD-GO,P5,3054,234,0,2026-04-26
2026-04-30,CD-PE,P1,24502,3574,0,2026-04-16
2026-04-30,CD-PE,P2,12972,2183,0,2026-04-16
2026-04-30,CD-PE,P3,3646,555,0,2026-04-20
2026-04-30,CD-PE,P4,6111,853,0,2026-04-20
2026-04-30,CD-PE,P5,1962,321,0,2026-04-16
2026-05-01,CD-SP,P1,28352,7547,0,2026-04-26
2026-05-01,CD-SP,P2,17170,4610,0,2026-04-26
2026-05-01,CD-SP,P3,68,1172,0,2026-04-16
2026-05-01,CD-SP,P4,21,1801,0,2026-04-23
2026-05-01,CD-SP,P5,1189,679,0,2026-04-26
2026-05-01,CD-PR,P1,14145,3408,0,2026-04-28
2026-05-01,CD-PR,P2,10596,2082,0,2026-04-17
2026-05-01,CD-PR,P3,1181,529,0,2026-04-10
2026-05-01,CD-PR,P4,2862,813,0,2026-04-17
2026-05-01,CD-PR,P5,1475,307,0,2026-04-28
2026-05-01,CD-GO,P1,12247,2604,0,2026-04-18
2026-05-01,CD-GO,P2,4374,1591,0,2026-04-18
2026-05-01,CD-GO,P3,1502,404,0,2026-04-18
2026-05-01,CD-GO,P4,3741,621,0,2026-04-18
2026-05-01,CD-GO,P5,3054,234,0,2026-04-26
2026-05-01,CD-PE,P1,24502,3575,0,2026-04-16
2026-05-01,CD-PE,P2,12972,2184,0,2026-04-16
2026-05-01,CD-PE,P3,3646,555,0,2026-04-20
2026-05-01,CD-PE,P4,6111,853,0,2026-04-20
2026-05-01,CD-PE,P5,1962,322,0,2026-04-16
2026-05-02,CD-SP,P1,28352,7821,0,2026-04-26
2026-05-02,CD-SP,P2,17170,4777,0,2026-04-26
2026-05-02,CD-SP,P3,68,1215,0,2026-04-16
2026-05-02,CD-SP,P4,21,1866,0,2026-04-23
2026-05-02,CD-SP,P5,1189,704,0,2026-04-26
2026-05-02,CD-PR,P1,14145,3532,0,2026-04-28
2026-05-02,CD-PR,P2,10596,2157,0,2026-04-17
2026-05-02,CD-PR,P3,1181,549,0,2026-04-10
2026-05-02,CD-PR,P4,2862,843,0,2026-04-17
2026-05-02,CD-PR,P5,1475,318,0,2026-04-28
2026-05-02,CD-GO,P1,12247,2699,0,2026-04-18
2026-05-02,CD-GO,P2,4374,1648,0,2026-04-18
2026-05-02,CD-GO,P3,1502,419,0,2026-04-18
2026-05-02,CD-GO,P4,3741,644,0,2026-04-18
2026-05-02,CD-GO,P5,3054,243,0,2026-04-26
2026-05-02,CD-PE,P1,24502,3705,0,2026-04-16
2026-05-02,CD-PE,P2,12972,2263,0,2026-04-16
2026-05-02,CD-PE,P3,3646,575,0,2026-04-20
2026-05-02,CD-PE,P4,6111,884,0,2026-04-20
2026-05-02,CD-PE,P5,1962,333,0,2026-04-16
2026-05-03,CD-SP,P1,28352,7821,0,2026-04-26
2026-05-03,CD-SP,P2,17170,4777,0,2026-04-26
2026-05-03,CD-SP,P3,68,1215,0,2026-04-16
2026-05-03,CD-SP,P4,21,1866,0,2026-04-23
2026-05-03,CD-SP,P5,1189,704,0,2026-04-26
2026-05-03,CD-PR,P1,14145,3532,0,2026-04-28
2026-05-03,CD-PR,P2,10596,2157,0,2026-04-17
2026-05-03,CD-PR,P3,1181,549,0,2026-04-10
2026-05-03,CD-PR,P4,2862,843,0,2026-04-17
2026-05-03,CD-PR,P5,1475,318,0,2026-04-28
2026-05-03,CD-GO,P1,12247,2699,0,2026-04-18
2026-05-03,CD-GO,P2,4374,1648,0,2026-04-18
2026-05-03,CD-GO,P3,1502,419,0,2026-04-18
2026-05-03,CD-GO,P4,3741,644,0,2026-04-18
2026-05-03,CD-GO,P5,3054,243,0,2026-04-26
2026-05-03,CD-PE,P1,24502,3705,0,2026-04-16
2026-05-03,CD-PE,P2,12972,2263,0,2026-04-16
2026-05-03,CD-PE,P3,3646,575,0,2026-04-20
2026-05-03,CD-PE,P4,6111,884,0,2026-04-20
2026-05-03,CD-PE,P5,1962,333,0,2026-04-16
2026-05-04,CD-SP,P1,22947,7821,46200,2026-04-26
2026-05-04,CD-SP,P2,12912,4777,29700,2026-04-26
2026-05-04,CD-SP,P3,32,1215,12300,2026-04-16
2026-05-04,CD-SP,P4,3,1866,18600,2026-04-23
2026-05-04,CD-SP,P5,492,704,6500,2026-04-26
2026-05-04,CD-PR,P1,12269,3532,30800,2026-04-28
2026-05-04,CD-PR,P2,9826,2157,17550,2026-04-17
2026-05-04,CD-PR,P3,752,549,6300,2026-04-10
2026-05-04,CD-PR,P4,2445,843,8400,2026-04-17
2026-05-04,CD-PR,P5,814,318,3000,2026-04-28
2026-05-04,CD-GO,P1,11264,2699,22400,2026-04-18
2026-05-04,CD-GO,P2,3704,1648,17100,2026-04-18
2026-05-04,CD-GO,P3,1466,419,4200,2026-04-18
2026-05-04,CD-GO,P4,2823,644,4800,2026-04-18
2026-05-04,CD-GO,P5,3042,243,500,2026-04-26
2026-05-04,CD-PE,P1,20985,3705,34300,2026-04-16
2026-05-04,CD-PE,P2,11598,2263,23850,2026-04-16
2026-05-04,CD-PE,P3,2251,575,6300,2026-04-20
2026-05-04,CD-PE,P4,4035,884,8700,2026-04-20
2026-05-04,CD-PE,P5,1813,333,4000,2026-04-16
2026-05-05,CD-SP,P1,17373,7821,46200,2026-04-26
2026-05-05,CD-SP,P2,10886,4777,29700,2026-04-26
2026-05-05,CD-SP,P3,32,1215,12300,2026-04-16
2026-05-05,CD-SP,P4,3,1866,18600,2026-04-23
2026-05-05,CD-SP,P5,301,704,6500,2026-04-26
2026-05-05,CD-PR,P1,9645,3532,30800,2026-04-28
2026-05-05,CD-PR,P2,8702,2158,17550,2026-04-17
2026-05-05,CD-PR,P3,254,549,6300,2026-04-10
2026-05-05,CD-PR,P4,1659,843,8400,2026-04-17
2026-05-05,CD-PR,P5,314,318,3000,2026-04-28
2026-05-05,CD-GO,P1,9750,2699,22400,2026-04-18
2026-05-05,CD-GO,P2,1892,1649,17100,2026-04-18
2026-05-05,CD-GO,P3,761,419,4200,2026-04-18
2026-05-05,CD-GO,P4,2565,644,4800,2026-04-18
2026-05-05,CD-GO,P5,2280,243,500,2026-04-26
2026-05-05,CD-PE,P1,18385,3707,34300,2026-04-16
2026-05-05,CD-PE,P2,10010,2264,23850,2026-04-16
2026-05-05,CD-PE,P3,976,576,6300,2026-04-20
2026-05-05,CD-PE,P4,2568,885,8700,2026-04-20
2026-05-05,CD-PE,P5,1295,333,4000,2026-04-16
2026-05-06,CD-SP,P1,11998,7821,46200,2026-04-26
2026-05-06,CD-SP,P2,6812,4777,29700,2026-04-26
2026-05-06,CD-SP,P3,2,1215,12300,2026-04-16
2026-05-06,CD-SP,P4,3,1866,18600,2026-04-23
2026-05-06,CD-SP,P5,45,704,6500,2026-04-26
2026-05-06,CD-PR,P1,6127,3533,30800,2026-04-28
2026-05-06,CD-PR,P2,7404,2158,17550,2026-04-17
2026-05-06,CD-PR,P3,11,549,6300,2026-04-10
2026-05-06,CD-PR,P4,954,843,8400,2026-04-17
2026-05-06,CD-PR,P5,135,318,3000,2026-04-28
2026-05-06,CD-GO,P1,7548,2700,22400,2026-04-18
2026-05-06,CD-GO,P2,548,1649,17100,2026-04-18
2026-05-06,CD-GO,P3,20,419,4200,2026-04-18
2026-05-06,CD-GO,P4,1137,644,4800,2026-04-18
2026-05-06,CD-GO,P5,1202,243,500,2026-04-26
2026-05-06,CD-PE,P1,16509,3708,34300,2026-04-16
2026-05-06,CD-PE,P2,8530,2265,23850,2026-04-16
2026-05-06,CD-PE,P3,1,576,6300,2026-04-20
2026-05-06,CD-PE,P4,1146,885,8700,2026-04-20
2026-05-06,CD-PE,P5,1128,334,4000,2026-04-16
2026-05-07,CD-SP,P1,6925,7821,46200,2026-04-26
2026-05-07,CD-SP,P2,33006,4777,0,2026-05-07
2026-05-07,CD-SP,P3,10544,1215,0,2026-05-07
2026-05-07,CD-SP,P4,17727,1866,0,2026-05-07
2026-05-07,CD-SP,P5,9,704,6500,2026-04-26
2026-05-07,CD-PR,P1,5006,3533,30800,2026-04-28
2026-05-07,CD-PR,P2,5568,2158,17550,2026-04-17
2026-05-07,CD-PR,P3,11,549,6300,2026-04-10
2026-05-07,CD-PR,P4,162,843,8400,2026-04-17
2026-05-07,CD-PR,P5,10,318,3000,2026-04-28
2026-05-07,CD-GO,P1,6221,2701,22400,2026-04-18
2026-05-07,CD-GO,P2,74,1650,17100,2026-04-18
2026-05-07,CD-GO,P3,2,419,4200,2026-04-18
2026-05-07,CD-GO,P4,657,644,4800,2026-04-18
2026-05-07,CD-GO,P5,1190,243,500,2026-04-26
2026-05-07,CD-PE,P1,48758,3710,0,2026-05-07
2026-05-07,CD-PE,P2,31160,2266,0,2026-05-07
2026-05-07,CD-PE,P3,1,576,6300,2026-04-20
2026-05-07,CD-PE,P4,741,885,8700,2026-04-20
2026-05-07,CD-PE,P5,3973,334,0,2026-05-07
2026-05-08,CD-SP,P1,2666,7446,46200,2026-04-26
2026-05-08,CD-SP,P2,30454,4548,0,2026-05-07
2026-05-08,CD-SP,P3,9050,1156,0,2026-05-07
2026-05-08,CD-SP,P4,16605,1777,0,2026-05-07
2026-05-08,CD-SP,P5,9,670,6500,2026-04-26
2026-05-08,CD-PR,P1,34666,3364,0,2026-05-08
2026-05-08,CD-PR,P2,22028,2054,0,2026-05-08
2026-05-08,CD-PR,P3,11,522,6300,2026-04-10
2026-05-08,CD-PR,P4,8214,803,0,2026-05-08
2026-05-08,CD-PR,P5,10,303,3000,2026-04-28
2026-05-08,CD-GO,P1,5280,2571,22400,2026-04-18
2026-05-08,CD-GO,P2,50,1570,17100,2026-04-18
2026-05-08,CD-GO,P3,2,399,4200,2026-04-18
2026-05-08,CD-GO,P4,639,614,4800,2026-04-18
2026-05-08,CD-GO,P5,1178,231,500,2026-04-26
2026-05-08,CD-PE,P1,46188,3532,0,2026-05-07
2026-05-08,CD-PE,P2,29372,2157,0,2026-05-07
2026-05-08,CD-PE,P3,1,549,6300,2026-04-20
2026-05-08,CD-PE,P4,267,843,8700,2026-04-20
2026-05-08,CD-PE,P5,2347,318,0,2026-05-07
2026-05-09,CD-SP,P1,2666,7446,46200,2026-04-26
2026-05-09,CD-SP,P2,30454,4548,0,2026-05-07
2026-05-09,CD-SP,P3,9032,1156,0,2026-05-07
2026-05-09,CD-SP,P4,16605,1777,0,2026-05-07
2026-05-09,CD-SP,P5,9,670,6500,2026-04-26
2026-05-09,CD-PR,P1,34666,3364,0,2026-05-08
2026-05-09,CD-PR,P2,22028,2055,0,2026-05-08
2026-05-09,CD-PR,P3,11,522,6300,2026-04-10
2026-05-09,CD-PR,P4,8139,803,0,2026-05-08
2026-05-09,CD-PR,P5,10,303,3000,2026-04-28
2026-05-09,CD-GO,P1,5280,2572,22400,2026-04-18
2026-05-09,CD-GO,P2,50,1571,17100,2026-04-18
2026-05-09,CD-GO,P3,2,399,4200,2026-04-18
2026-05-09,CD-GO,P4,5433,614,0,2026-05-09
2026-05-09,CD-GO,P5,1178,231,500,2026-04-26
2026-05-09,CD-PE,P1,46188,3533,0,2026-05-07
2026-05-09,CD-PE,P2,29372,2158,0,2026-05-07
2026-05-09,CD-PE,P3,1,549,6300,2026-04-20
2026-05-09,CD-PE,P4,267,843,8700,2026-04-20
2026-05-09,CD-PE,P5,2222,318,0,2026-05-07
2026-05-10,CD-SP,P1,48866,7446,0,2026-05-10
2026-05-10,CD-SP,P2,30454,4548,0,2026-05-07
2026-05-10,CD-SP,P3,9032,1156,0,2026-05-07
2026-05-10,CD-SP,P4,16605,1777,0,2026-05-07
2026-05-10,CD-SP,P5,6509,670,0,2026-05-10
2026-05-10,CD-PR,P1,34666,3364,0,2026-05-08
2026-05-10,CD-PR,P2,22028,2055,0,2026-05-08
2026-05-10,CD-PR,P3,11,522,6300,2026-04-10
2026-05-10,CD-PR,P4,8139,803,0,2026-05-08
2026-05-10,CD-PR,P5,10,303,3000,2026-04-28
2026-05-10,CD-GO,P1,5280,2572,22400,2026-04-18
2026-05-10,CD-GO,P2,50,1571,17100,2026-04-18
2026-05-10,CD-GO,P3,2,399,4200,2026-04-18
2026-05-10,CD-GO,P4,5433,614,0,2026-05-09
2026-05-10,CD-GO,P5,1678,231,0,2026-05-10
2026-05-10,CD-PE,P1,46188,3533,0,2026-05-07
2026-05-10,CD-PE,P2,29372,2158,0,2026-05-07
2026-05-10,CD-PE,P3,1,549,6300,2026-04-20
2026-05-10,CD-PE,P4,267,843,8700,2026-04-20
2026-05-10,CD-PE,P5,2222,318,0,2026-05-07
2026-05-11,CD-SP,P1,44408,7446,22400,2026-05-10
2026-05-11,CD-SP,P2,28274,4548,13950,2026-05-07
2026-05-11,CD-SP,P3,7232,1156,2700,2026-05-07
2026-05-11,CD-SP,P4,15621,1777,0,2026-05-07
2026-05-11,CD-SP,P5,6014,670,1000,2026-05-10
2026-05-11,CD-PR,P1,33466,3364,8400,2026-05-08
2026-05-11,CD-PR,P2,20696,2055,4950,2026-05-08
2026-05-11,CD-PR,P3,5876,522,900,2026-05-11
2026-05-11,CD-PR,P4,7728,803,2700,2026-05-08
2026-05-11,CD-PR,P5,10,303,4500,2026-04-28
2026-05-11,CD-GO,P1,26504,2572,4900,2026-05-11
2026-05-11,CD-GO,P2,15568,1571,3150,2026-05-11
2026-05-11,CD-GO,P3,2,399,5400,2026-04-18
2026-05-11,CD-GO,P4,5028,614,2700,2026-05-09
2026-05-11,CD-GO,P5,1178,231,1500,2026-05-10
2026-05-11,CD-PE,P1,44294,3533,9800,2026-05-07
2026-05-11,CD-PE,P2,27986,2158,5850,2026-05-07
2026-05-11,CD-PE,P3,5797,549,3000,2026-05-11
2026-05-11,CD-PE,P4,8175,843,5100,2026-05-11
2026-05-11,CD-PE,P5,2067,318,2500,2026-05-07
2026-05-12,CD-SP,P1,39757,7446,22400,2026-05-10
2026-05-12,CD-SP,P2,23478,4548,13950,2026-05-07
2026-05-12,CD-SP,P3,6461,1156,2700,2026-05-07
2026-05-12,CD-SP,P4,13308,1777,0,2026-05-07
2026-05-12,CD-SP,P5,4841,670,1000,2026-05-10
2026-05-12,CD-PR,P1,30661,3364,8400,2026-05-08
2026-05-12,CD-PR,P2,19570,2055,4950,2026-05-08
2026-05-12,CD-PR,P3,5426,522,900,2026-05-11
2026-05-12,CD-PR,P4,7272,803,2700,2026-05-08
2026-05-12,CD-PR,P5,2474,303,1500,2026-05-12
2026-05-12,CD-GO,P1,24640,2572,4900,2026-05-11
2026-05-12,CD-GO,P2,14686,1571,3150,2026-05-11
2026-05-12,CD-GO,P3,4172,399,1200,2026-05-12
2026-05-12,CD-GO,P4,4548,614,2700,2026-05-09
2026-05-12,CD-GO,P5,517,231,1500,2026-05-10
2026-05-12,CD-PE,P1,41501,3535,9800,2026-05-07
2026-05-12,CD-PE,P2,26492,2159,5850,2026-05-07
2026-05-12,CD-PE,P3,5380,549,3000,2026-05-11
2026-05-12,CD-PE,P4,7551,844,5100,2026-05-11
2026-05-12,CD-PE,P5,2031,318,2500,2026-05-07
2026-05-13,CD-SP,P1,34375,7446,22400,2026-05-10
2026-05-13,CD-SP,P2,20564,4548,13950,2026-05-07
2026-05-13,CD-SP,P3,5054,1156,2700,2026-05-07
2026-05-13,CD-SP,P4,12105,1777,0,2026-05-07
2026-05-13,CD-SP,P5,4716,670,1000,2026-05-10
2026-05-13,CD-PR,P1,27403,3365,8400,2026-05-08
2026-05-13,CD-PR,P2,16988,2055,4950,2026-05-08
2026-05-13,CD-PR,P3,5366,523,900,2026-05-11
2026-05-13,CD-PR,P4,6120,803,2700,2026-05-08
2026-05-13,CD-PR,P5,2331,303,1500,2026-05-12
2026-05-13,CD-GO,P1,22794,2573,4900,2026-05-11
2026-05-13,CD-GO,P2,13578,1572,3150,2026-05-11
2026-05-13,CD-GO,P3,3767,400,1200,2026-05-12
2026-05-13,CD-GO,P4,4224,614,2700,2026-05-09
2026-05-13,CD-GO,P5,511,231,1500,2026-05-10
2026-05-13,CD-PE,P1,39625,3536,9800,2026-05-07
2026-05-13,CD-PE,P2,23948,2160,5850,2026-05-07
2026-05-13,CD-PE,P3,4582,549,3000,2026-05-11
2026-05-13,CD-PE,P4,6861,844,5100,2026-05-11
2026-05-13,CD-PE,P5,1882,318,2500,2026-05-07
2026-05-14,CD-SP,P1,52131,7446,0,2026-05-14
2026-05-14,CD-SP,P2,32398,4548,0,2026-05-14
2026-05-14,CD-SP,P3,4538,1156,2700,2026-05-07
2026-05-14,CD-SP,P4,11325,1777,0,2026-05-07
2026-05-14,CD-SP,P5,3995,670,1000,2026-05-10
2026-05-14,CD-PR,P1,25533,3365,8400,2026-05-08
2026-05-14,CD-PR,P2,15620,2055,4950,2026-05-08
2026-05-14,CD-PR,P3,4691,523,900,2026-05-11
2026-05-14,CD-PR,P4,5715,803,2700,2026-05-08
2026-05-14,CD-PR,P5,2307,303,1500,2026-05-12
2026-05-14,CD-GO,P1,21847,2574,4900,2026-05-11
2026-05-14,CD-GO,P2,13270,1572,3150,2026-05-11
2026-05-14,CD-GO,P3,3737,400,1200,2026-05-12
2026-05-14,CD-GO,P4,3807,614,2700,2026-05-09
2026-05-14,CD-GO,P5,493,232,1500,2026-05-10
2026-05-14,CD-PE,P1,46662,3538,0,2026-05-14
2026-05-14,CD-PE,P2,28494,2161,0,2026-05-14
2026-05-14,CD-PE,P3,4459,549,3000,2026-05-11
2026-05-14,CD-PE,P4,6138,844,5100,2026-05-11
2026-05-14,CD-PE,P5,3227,318,0,2026-05-14
2026-05-15,CD-SP,P1,50032,7446,0,2026-05-14
2026-05-15,CD-SP,P2,29688,4548,0,2026-05-14
2026-05-15,CD-SP,P3,3710,1156,2700,2026-05-07
2026-05-15,CD-SP,P4,10173,1777,0,2026-05-07
2026-05-15,CD-SP,P5,3328,670,1000,2026-05-10
2026-05-15,CD-PR,P1,31369,3365,0,2026-05-15
2026-05-15,CD-PR,P2,19398,2056,0,2026-05-15
2026-05-15,CD-PR,P3,5492,523,0,2026-05-15
2026-05-15,CD-PR,P4,8040,803,0,2026-05-15
2026-05-15,CD-PR,P5,1652,303,1500,2026-05-12
2026-05-15,CD-GO,P1,20912,2574,4900,2026-05-11
2026-05-15,CD-GO,P2,11968,1572,3150,2026-05-11
2026-05-15,CD-GO,P3,3275,400,1200,2026-05-12
2026-05-15,CD-GO,P4,3714,614,2700,2026-05-09
2026-05-15,CD-GO,P5,481,232,1500,2026-05-10
2026-05-15,CD-PE,P1,44979,3539,0,2026-05-14
2026-05-15,CD-PE,P2,27860,2162,0,2026-05-14
2026-05-15,CD-PE,P3,3754,550,3000,2026-05-11
2026-05-15,CD-PE,P4,6039,845,5100,2026-05-11
2026-05-15,CD-PE,P5,3209,318,0,2026-05-14
2026-05-16,CD-SP,P1,50032,7446,0,2026-05-14
2026-05-16,CD-SP,P2,29622,4548,0,2026-05-14
2026-05-16,CD-SP,P3,3710,1156,2700,2026-05-07
2026-05-16,CD-SP,P4,10173,1777,0,2026-05-07
2026-05-16,CD-SP,P5,3328,670,1000,2026-05-10
2026-05-16,CD-PR,P1,31369,3366,0,2026-05-15
2026-05-16,CD-PR,P2,19368,2056,0,2026-05-15
2026-05-16,CD-PR,P3,5468,523,0,2026-05-15
2026-05-16,CD-PR,P4,8016,803,0,2026-05-15
2026-05-16,CD-PR,P5,1652,303,1500,2026-05-12
2026-05-16,CD-GO,P1,25812,2575,0,2026-05-16
2026-05-16,CD-GO,P2,15118,1572,0,2026-05-16
2026-05-16,CD-GO,P3,4475,400,0,2026-05-16
2026-05-16,CD-GO,P4,6414,614,0,2026-05-16
2026-05-16,CD-GO,P5,481,232,1500,2026-05-10
2026-05-16,CD-PE,P1,44979,3540,0,2026-05-14
2026-05-16,CD-PE,P2,27748,2162,0,2026-05-14
2026-05-16,CD-PE,P3,3754,550,3000,2026-05-11
2026-05-16,CD-PE,P4,6039,845,5100,2026-05-11
2026-05-16,CD-PE,P5,3209,318,0,2026-05-14
2026-05-17,CD-SP,P1,50032,7446,0,2026-05-14
2026-05-17,CD-SP,P2,29622,4548,0,2026-05-14
2026-05-17,CD-SP,P3,3710,1156,2700,2026-05-07
2026-05-17,CD-SP,P4,10173,1777,0,2026-05-07
2026-05-17,CD-SP,P5,4328,670,0,2026-05-17
2026-05-17,CD-PR,P1,31369,3366,0,2026-05-15
2026-05-17,CD-PR,P2,19368,2056,0,2026-05-15
2026-05-17,CD-PR,P3,5468,523,0,2026-05-15
2026-05-17,CD-PR,P4,8016,803,0,2026-05-15
2026-05-17,CD-PR,P5,1652,303,1500,2026-05-12
2026-05-17,CD-GO,P1,25812,2575,0,2026-05-16
2026-05-17,CD-GO,P2,15118,1572,0,2026-05-16
2026-05-17,CD-GO,P3,4475,400,0,2026-05-16
2026-05-17,CD-GO,P4,6414,614,0,2026-05-16
2026-05-17,CD-GO,P5,1981,232,0,2026-05-17
2026-05-17,CD-PE,P1,44979,3540,0,2026-05-14
2026-05-17,CD-PE,P2,27748,2162,0,2026-05-14
2026-05-17,CD-PE,P3,3754,550,3000,2026-05-11
2026-05-17,CD-PE,P4,6039,845,5100,2026-05-11
2026-05-17,CD-PE,P5,3209,318,0,2026-05-14
2026-05-18,CD-SP,P1,45513,7446,21000,2026-05-14
2026-05-18,CD-SP,P2,26276,4548,14850,2026-05-14
2026-05-18,CD-SP,P3,2372,1156,8100,2026-05-07
2026-05-18,CD-SP,P4,9060,1777,7500,2026-05-07
2026-05-18,CD-SP,P5,4203,670,3000,2026-05-17
2026-05-18,CD-PR,P1,29276,3366,11200,2026-05-15
2026-05-18,CD-PR,P2,17550,2056,5850,2026-05-15
2026-05-18,CD-PR,P3,5039,523,0,2026-05-15
2026-05-18,CD-PR,P4,7530,803,300,2026-05-15
2026-05-18,CD-PR,P5,1485,303,3000,2026-05-12
2026-05-18,CD-GO,P1,24195,2575,7000,2026-05-16
2026-05-18,CD-GO,P2,13868,1572,5400,2026-05-16
2026-05-18,CD-GO,P3,4064,400,0,2026-05-16
2026-05-18,CD-GO,P4,5628,614,0,2026-05-16
2026-05-18,CD-GO,P5,1981,232,1500,2026-05-17
2026-05-18,CD-PE,P1,41999,3540,9100,2026-05-14
2026-05-18,CD-PE,P2,26030,2162,7650,2026-05-14
2026-05-18,CD-PE,P3,6643,550,0,2026-05-18
2026-05-18,CD-PE,P4,10434,845,0,2026-05-18
2026-05-18,CD-PE,P5,3185,318,2500,2026-05-14
2026-05-19,CD-SP,P1,39065,7446,21000,2026-05-14
2026-05-19,CD-SP,P2,21664,4548,14850,2026-05-14
2026-05-19,CD-SP,P3,1550,1156,8100,2026-05-07
2026-05-19,CD-SP,P4,6441,1777,7500,2026-05-07
2026-05-19,CD-SP,P5,3482,670,3000,2026-05-17
2026-05-19,CD-PR,P1,26694,3366,11200,2026-05-15
2026-05-19,CD-PR,P2,16318,2056,5850,2026-05-15
2026-05-19,CD-PR,P3,4640,523,0,2026-05-15
2026-05-19,CD-PR,P4,6813,803,300,2026-05-15
2026-05-19,CD-PR,P5,2967,303,1500,2026-05-19
2026-05-19,CD-GO,P1,22965,2575,7000,2026-05-16
2026-05-19,CD-GO,P2,13086,1573,5400,2026-05-16
2026-05-19,CD-GO,P3,4052,400,0,2026-05-16
2026-05-19,CD-GO,P4,5541,615,0,2026-05-16
2026-05-19,CD-GO,P5,1695,232,1500,2026-05-17
2026-05-19,CD-PE,P1,40111,3542,9100,2026-05-14
2026-05-19,CD-PE,P2,24094,2163,7650,2026-05-14
2026-05-19,CD-PE,P3,6214,550,0,2026-05-18
2026-05-19,CD-PE,P4,9648,845,0,2026-05-18
2026-05-19,CD-PE,P5,3042,319,2500,2026-05-14
2026-05-20,CD-SP,P1,35591,7446,21000,2026-05-14
2026-05-20,CD-SP,P2,19140,4548,14850,2026-05-14
2026-05-20,CD-SP,P3,3422,1156,5400,2026-05-20
2026-05-20,CD-SP,P4,5238,1777,7500,2026-05-07
2026-05-20,CD-SP,P5,2809,670,3000,2026-05-17
2026-05-20,CD-PR,P1,24625,3366,11200,2026-05-15
2026-05-20,CD-PR,P2,14594,2056,5850,2026-05-15
2026-05-20,CD-PR,P3,4523,523,0,2026-05-15
2026-05-20,CD-PR,P4,6321,803,300,2026-05-15
2026-05-20,CD-PR,P5,2449,303,1500,2026-05-19
2026-05-20,CD-GO,P1,20992,2576,7000,2026-05-16
2026-05-20,CD-GO,P2,11790,1573,5400,2026-05-16
2026-05-20,CD-GO,P3,3629,400,0,2026-05-16
2026-05-20,CD-GO,P4,4893,615,0,2026-05-16
2026-05-20,CD-GO,P5,1671,232,1500,2026-05-17
2026-05-20,CD-PE,P1,37330,3544,9100,2026-05-14
2026-05-20,CD-PE,P2,22394,2164,7650,2026-05-14
2026-05-20,CD-PE,P3,5803,550,0,2026-05-18
2026-05-20,CD-PE,P4,9537,846,0,2026-05-18
2026-05-20,CD-PE,P5,3018,319,2500,2026-05-14
2026-05-21,CD-SP,P1,39152,7446,10500,2026-05-21
2026-05-21,CD-SP,P2,32414,4548,0,2026-05-21
2026-05-21,CD-SP,P3,8288,1156,0,2026-05-21
2026-05-21,CD-SP,P4,12222,1777,0,2026-05-21
2026-05-21,CD-SP,P5,2654,670,3000,2026-05-17
2026-05-21,CD-PR,P1,22037,3367,11200,2026-05-15
2026-05-21,CD-PR,P2,13256,2056,5850,2026-05-15
2026-05-21,CD-PR,P3,4106,523,0,2026-05-15
2026-05-21,CD-PR,P4,6003,803,300,2026-05-15
2026-05-21,CD-PR,P5,1627,303,1500,2026-05-19
2026-05-21,CD-GO,P1,20697,2576,7000,2026-05-16
2026-05-21,CD-GO,P2,10718,1574,5400,2026-05-16
2026-05-21,CD-GO,P3,3224,400,0,2026-05-16
2026-05-21,CD-GO,P4,4707,615,0,2026-05-16
2026-05-21,CD-GO,P5,1653,232,1500,2026-05-17
2026-05-21,CD-PE,P1,43836,3545,0,2026-05-21
2026-05-21,CD-PE,P2,28806,2165,0,2026-05-21
2026-05-21,CD-PE,P3,5386,551,0,2026-05-18
2026-05-21,CD-PE,P4,8832,846,0,2026-05-18
2026-05-21,CD-PE,P5,5381,319,0,2026-05-21
2026-05-22,CD-SP,P1,36891,7446,10500,2026-05-21
2026-05-22,CD-SP,P2,29204,4548,0,2026-05-21
2026-05-22,CD-SP,P3,7466,1156,0,2026-05-21
2026-05-22,CD-SP,P4,11136,1777,0,2026-05-21
2026-05-22,CD-SP,P5,2124,670,3000,2026-05-17
2026-05-22,CD-PR,P1,20179,3367,11200,2026-05-15
2026-05-22,CD-PR,P2,12616,2057,5850,2026-05-15
2026-05-22,CD-PR,P3,4007,523,0,2026-05-15
2026-05-22,CD-PR,P4,5910,804,0,2026-05-22
2026-05-22,CD-PR,P5,1621,303,1500,2026-05-19
2026-05-22,CD-GO,P1,18109,2577,7000,2026-05-16
2026-05-22,CD-GO,P2,10486,1574,5400,2026-05-16
2026-05-22,CD-GO,P3,3131,400,0,2026-05-16
2026-05-22,CD-GO,P4,4614,615,0,2026-05-16
2026-05-22,CD-GO,P5,1153,232,1500,2026-05-17
2026-05-22,CD-PE,P1,43040,3547,0,2026-05-21
2026-05-22,CD-PE,P2,28066,2166,0,2026-05-21
2026-05-22,CD-PE,P3,5293,551,0,2026-05-18
2026-05-22,CD-PE,P4,8727,846,0,2026-05-18
2026-05-22,CD-PE,P5,5369,319,0,2026-05-21
2026-05-23,CD-SP,P1,36716,7446,10500,2026-05-21
2026-05-23,CD-SP,P2,29092,4548,0,2026-05-21
2026-05-23,CD-SP,P3,7466,1156,0,2026-05-21
2026-05-23,CD-SP,P4,11136,1777,0,2026-05-21
2026-05-23,CD-SP,P5,2124,670,3000,2026-05-17
2026-05-23,CD-PR,P1,20179,3367,11200,2026-05-15
2026-05-23,CD-PR,P2,12054,2057,5850,2026-05-15
2026-05-23,CD-PR,P3,3707,523,0,2026-05-15
2026-05-23,CD-PR,P4,5910,804,0,2026-05-22
2026-05-23,CD-PR,P5,1621,303,1500,2026-05-19
2026-05-23,CD-GO,P1,18109,2577,7000,2026-05-16
2026-05-23,CD-GO,P2,10486,1574,5400,2026-05-16
2026-05-23,CD-GO,P3,3131,400,0,2026-05-16
2026-05-23,CD-GO,P4,4614,615,0,2026-05-16
2026-05-23,CD-GO,P5,1153,232,1500,2026-05-17
2026-05-23,CD-PE,P1,42690,3548,0,2026-05-21
2026-05-23,CD-PE,P2,28066,2167,0,2026-05-21
2026-05-23,CD-PE,P3,5293,551,0,2026-05-18
2026-05-23,CD-PE,P4,8727,847,0,2026-05-18
2026-05-23,CD-PE,P5,5369,319,0,2026-05-21
2026-05-24,CD-SP,P1,47216,7446,0,2026-05-24
2026-05-24,CD-SP,P2,29092,4548,0,2026-05-21
2026-05-24,CD-SP,P3,7466,1156,0,2026-05-21
2026-05-24,CD-SP,P4,11136,1777,0,2026-05-21
2026-05-24,CD-SP,P5,2124,670,3000,2026-05-17
2026-05-24,CD-PR,P1,20179,3367,11200,2026-05-15
2026-05-24,CD-PR,P2,12054,2057,5850,2026-05-15
2026-05-24,CD-PR,P3,3707,523,0,2026-05-15
2026-05-24,CD-PR,P4,5910,804,0,2026-05-22
2026-05-24,CD-PR,P5,1621,303,1500,2026-05-19
2026-05-24,CD-GO,P1,25109,2577,0,2026-05-24
2026-05-24,CD-GO,P2,15886,1574,0,2026-05-24
2026-05-24,CD-GO,P3,3131,400,0,2026-05-16
2026-05-24,CD-GO,P4,4614,615,0,2026-05-16
2026-05-24,CD-GO,P5,2653,232,0,2026-05-24
2026-05-24,CD-PE,P1,42690,3548,0,2026-05-21
2026-05-24,CD-PE,P2,28066,2167,0,2026-05-21
2026-05-24,CD-PE,P3,5293,551,0,2026-05-18
2026-05-24,CD-PE,P4,8727,847,0,2026-05-18
2026-05-24,CD-PE,P5,5369,319,0,2026-05-21
2026-05-25,CD-SP,P1,39784,7446,0,2026-05-24
2026-05-25,CD-SP,P2,25414,4548,0,2026-05-21
2026-05-25,CD-SP,P3,6551,1156,0,2026-05-21
2026-05-25,CD-SP,P4,10533,1777,0,2026-05-21
2026-05-25,CD-SP,P5,1433,670,3000,2026-05-17
2026-05-25,CD-PR,P1,18297,3367,11200,2026-05-15
2026-05-25,CD-PR,P2,10248,2057,5850,2026-05-15
2026-05-25,CD-PR,P3,3278,523,0,2026-05-15
2026-05-25,CD-PR,P4,5088,804,0,2026-05-22
2026-05-25,CD-PR,P5,1472,303,1500,2026-05-19
2026-05-25,CD-GO,P1,23981,2577,0,2026-05-24
2026-05-25,CD-GO,P2,15152,1574,0,2026-05-24
2026-05-25,CD-GO,P3,3095,400,0,2026-05-16
2026-05-25,CD-GO,P4,3834,615,0,2026-05-16
2026-05-25,CD-GO,P5,2647,232,0,2026-05-24
2026-05-25,CD-PE,P1,39239,3548,0,2026-05-21
2026-05-25,CD-PE,P2,26106,2167,0,2026-05-21
2026-05-25,CD-PE,P3,4570,551,0,2026-05-18
2026-05-25,CD-PE,P4,7536,847,0,2026-05-18
2026-05-25,CD-PE,P5,4845,319,0,2026-05-21
2026-05-26,CD-SP,P1,36032,7446,0,2026-05-24
2026-05-26,CD-SP,P2,21738,4548,0,2026-05-21
2026-05-26,CD-SP,P3,5735,1156,0,2026-05-21
2026-05-26,CD-SP,P4,9504,1777,0,2026-05-21
2026-05-26,CD-SP,P5,772,670,3000,2026-05-17
2026-05-26,CD-PR,P1,27187,3368,0,2026-05-26
2026-05-26,CD-PR,P2,14718,2057,0,2026-05-26
2026-05-26,CD-PR,P3,2786,523,0,2026-05-15
2026-05-26,CD-PR,P4,4296,804,0,2026-05-22
2026-05-26,CD-PR,P5,2960,303,0,2026-05-26
2026-05-26,CD-GO,P1,22045,2578,0,2026-05-24
2026-05-26,CD-GO,P2,13464,1575,0,2026-05-24
2026-05-26,CD-GO,P3,2684,400,0,2026-05-16
2026-05-26,CD-GO,P4,3498,615,0,2026-05-16
2026-05-26,CD-GO,P5,2504,232,0,2026-05-24
2026-05-26,CD-PE,P1,36742,3549,0,2026-05-21
2026-05-26,CD-PE,P2,24856,2168,0,2026-05-21
2026-05-26,CD-PE,P3,4459,551,0,2026-05-18
2026-05-26,CD-PE,P4,6807,847,0,2026-05-18
2026-05-26,CD-PE,P5,4220,319,0,2026-05-21
2026-05-27,CD-SP,P1,32093,7446,0,2026-05-24
2026-05-27,CD-SP,P2,18574,4548,0,2026-05-21
2026-05-27,CD-SP,P3,4901,1156,0,2026-05-21
2026-05-27,CD-SP,P4,8268,1777,0,2026-05-21
2026-05-27,CD-SP,P5,444,670,3000,2026-05-17
2026-05-27,CD-PR,P1,23000,3368,0,2026-05-26
2026-05-27,CD-PR,P2,13912,2057,0,2026-05-26
2026-05-27,CD-PR,P3,2456,523,0,2026-05-15
2026-05-27,CD-PR,P4,3873,804,0,2026-05-22
2026-05-27,CD-PR,P5,2948,303,0,2026-05-26
2026-05-27,CD-GO,P1,19294,2579,0,2026-05-24
2026-05-27,CD-GO,P2,13156,1575,0,2026-05-24
2026-05-27,CD-GO,P3,2279,400,0,2026-05-16
2026-05-27,CD-GO,P4,3093,615,0,2026-05-16
2026-05-27,CD-GO,P5,2486,232,0,2026-05-24
2026-05-27,CD-PE,P1,34751,3551,0,2026-05-21
2026-05-27,CD-PE,P2,22600,2169,0,2026-05-21
2026-05-27,CD-PE,P3,4042,552,0,2026-05-18
2026-05-27,CD-PE,P4,6321,847,0,2026-05-18
2026-05-27,CD-PE,P5,4202,319,0,2026-05-21
2026-05-28,CD-SP,P1,28082,7446,0,2026-05-24
2026-05-28,CD-SP,P2,15336,4548,0,2026-05-21
2026-05-28,CD-SP,P3,4685,1156,0,2026-05-21
2026-05-28,CD-SP,P4,6906,1777,0,2026-05-21
2026-05-28,CD-SP,P5,92,670,3000,2026-05-17
2026-05-28,CD-PR,P1,20490,3369,0,2026-05-26
2026-05-28,CD-PR,P2,11792,2058,0,2026-05-26
2026-05-28,CD-PR,P3,2045,523,0,2026-05-15
2026-05-28,CD-PR,P4,3399,804,0,2026-05-22
2026-05-28,CD-PR,P5,2436,303,0,2026-05-26
2026-05-28,CD-GO,P1,18142,2579,0,2026-05-24
2026-05-28,CD-GO,P2,12078,1575,0,2026-05-24
2026-05-28,CD-GO,P3,2180,401,0,2026-05-16
2026-05-28,CD-GO,P4,2901,616,0,2026-05-16
2026-05-28,CD-GO,P5,2468,232,0,2026-05-24
2026-05-28,CD-PE,P1,33340,3553,0,2026-05-21
2026-05-28,CD-PE,P2,22262,2170,0,2026-05-21
2026-05-28,CD-PE,P3,3631,552,0,2026-05-18
2026-05-28,CD-PE,P4,5910,848,0,2026-05-18
2026-05-28,CD-PE,P5,3684,320,0,2026-05-21
2026-05-29,CD-SP,P1,22031,7446,0,2026-05-24
2026-05-29,CD-SP,P2,12344,4548,0,2026-05-21
2026-05-29,CD-SP,P3,3662,1156,0,2026-05-21
2026-05-29,CD-SP,P4,6183,1777,0,2026-05-21
2026-05-29,CD-SP,P5,62,670,3000,2026-05-17
2026-05-29,CD-PR,P1,18542,3369,0,2026-05-26
2026-05-29,CD-PR,P2,10702,2058,0,2026-05-26
2026-05-29,CD-PR,P3,1940,523,0,2026-05-15
2026-05-29,CD-PR,P4,2988,804,0,2026-05-22
2026-05-29,CD-PR,P5,2430,303,0,2026-05-26
2026-05-29,CD-GO,P1,17219,2580,0,2026-05-24
2026-05-29,CD-GO,P2,11782,1576,0,2026-05-24
2026-05-29,CD-GO,P3,2081,401,0,2026-05-16
2026-05-29,CD-GO,P4,2502,616,0,2026-05-16
2026-05-29,CD-GO,P5,2456,232,0,2026-05-24
2026-05-29,CD-PE,P1,30100,3554,0,2026-05-21
2026-05-29,CD-PE,P2,20610,2171,0,2026-05-21
2026-05-29,CD-PE,P3,3256,552,0,2026-05-18
2026-05-29,CD-PE,P4,5517,848,0,2026-05-18
2026-05-29,CD-PE,P5,3160,320,0,2026-05-21
2026-05-30,CD-SP,P1,20631,7446,0,2026-05-24
2026-05-30,CD-SP,P2,12344,4548,0,2026-05-21
2026-05-30,CD-SP,P3,3662,1156,0,2026-05-21
2026-05-30,CD-SP,P4,5883,1777,0,2026-05-21
2026-05-30,CD-SP,P5,3062,670,0,2026-05-30
2026-05-30,CD-PR,P1,18542,3369,0,2026-05-26
2026-05-30,CD-PR,P2,10590,2058,0,2026-05-26
2026-05-30,CD-PR,P3,1940,523,0,2026-05-15
2026-05-30,CD-PR,P4,2988,804,0,2026-05-22
2026-05-30,CD-PR,P5,2430,303,0,2026-05-26
2026-05-30,CD-GO,P1,17201,2580,0,2026-05-24
2026-05-30,CD-GO,P2,11782,1576,0,2026-05-24
2026-05-30,CD-GO,P3,2081,401,0,2026-05-16
2026-05-30,CD-GO,P4,2502,616,0,2026-05-16
2026-05-30,CD-GO,P5,2456,232,0,2026-05-24
2026-05-30,CD-PE,P1,30100,3555,0,2026-05-21
2026-05-30,CD-PE,P2,20610,2171,0,2026-05-21
2026-05-30,CD-PE,P3,3232,552,0,2026-05-18
2026-05-30,CD-PE,P4,5517,848,0,2026-05-18
2026-05-30,CD-PE,P5,3160,320,0,2026-05-21
2026-05-31,CD-SP,P1,20631,7446,0,2026-05-24
2026-05-31,CD-SP,P2,12344,4548,0,2026-05-21
2026-05-31,CD-SP,P3,3662,1156,0,2026-05-21
2026-05-31,CD-SP,P4,5883,1777,0,2026-05-21
2026-05-31,CD-SP,P5,3062,670,0,2026-05-30
2026-05-31,CD-PR,P1,18542,3369,0,2026-05-26
2026-05-31,CD-PR,P2,10590,2058,0,2026-05-26
2026-05-31,CD-PR,P3,1940,523,0,2026-05-15
2026-05-31,CD-PR,P4,2988,804,0,2026-05-22
2026-05-31,CD-PR,P5,2430,303,0,2026-05-26
2026-05-31,CD-GO,P1,17201,2580,0,2026-05-24
2026-05-31,CD-GO,P2,11782,1576,0,2026-05-24
2026-05-31,CD-GO,P3,2081,401,0,2026-05-16
2026-05-31,CD-GO,P4,2502,616,0,2026-05-16
2026-05-31,CD-GO,P5,2456,232,0,2026-05-24
2026-05-31,CD-PE,P1,30100,3555,0,2026-05-21
2026-05-31,CD-PE,P2,20610,2171,0,2026-05-21
2026-05-31,CD-PE,P3,3232,552,0,2026-05-18
2026-05-31,CD-PE,P4,5517,848,0,2026-05-18
2026-05-31,CD-PE,P5,3160,320,0,2026-05-21
2026-06-01,CD-SP,P1,15721,7446,50400,2026-05-24
2026-06-01,CD-SP,P2,8738,4548,31950,2026-05-21
2026-06-01,CD-SP,P3,2741,1156,8100,2026-05-21
2026-06-01,CD-SP,P4,4575,1777,12000,2026-05-21
2026-06-01,CD-SP,P5,2312,670,4500,2026-05-30
2026-06-01,CD-PR,P1,17173,3369,24500,2026-05-26
2026-06-01,CD-PR,P2,9814,2058,16200,2026-05-26
2026-06-01,CD-PR,P3,1229,523,5100,2026-05-15
2026-06-01,CD-PR,P4,2178,804,7800,2026-05-22
2026-06-01,CD-PR,P5,1900,303,2000,2026-05-26
2026-06-01,CD-GO,P1,16001,2580,15400,2026-05-24
2026-06-01,CD-GO,P2,10668,1576,8550,2026-05-24
2026-06-01,CD-GO,P3,1745,401,3300,2026-05-16
2026-06-01,CD-GO,P4,1809,616,5700,2026-05-16
2026-06-01,CD-GO,P5,1807,232,1000,2026-05-24
2026-06-01,CD-PE,P1,27271,3555,26600,2026-05-21
2026-06-01,CD-PE,P2,18272,2171,14850,2026-05-21
2026-06-01,CD-PE,P3,3115,552,6300,2026-05-18
2026-06-01,CD-PE,P4,5100,848,8700,2026-05-18
2026-06-01,CD-PE,P5,3005,320,2500,2026-05-21
2026-06-02,CD-SP,P1,9453,7446,50400,2026-05-24
2026-06-02,CD-SP,P2,6700,4548,31950,2026-05-21
2026-06-02,CD-SP,P3,1808,1156,8100,2026-05-21
2026-06-02,CD-SP,P4,3267,1777,12000,2026-05-21
2026-06-02,CD-SP,P5,1579,670,4500,2026-05-30
2026-06-02,CD-PR,P1,14567,3369,24500,2026-05-26
2026-06-02,CD-PR,P2,8204,2058,16200,2026-05-26
2026-06-02,CD-PR,P3,1154,523,5100,2026-05-15
2026-06-02,CD-PR,P4,1467,804,7800,2026-05-22
2026-06-02,CD-PR,P5,1650,303,2000,2026-05-26
2026-06-02,CD-GO,P1,13431,2580,15400,2026-05-24
2026-06-02,CD-GO,P2,9460,1576,8550,2026-05-24
2026-06-02,CD-GO,P3,1640,401,3300,2026-05-16
2026-06-02,CD-GO,P4,1674,616,5700,2026-05-16
2026-06-02,CD-GO,P5,1658,232,1000,2026-05-24
2026-06-02,CD-PE,P1,25196,3555,26600,2026-05-21
2026-06-02,CD-PE,P2,16494,2171,14850,2026-05-21
2026-06-02,CD-PE,P3,2398,552,6300,2026-05-18
2026-06-02,CD-PE,P4,4701,848,8700,2026-05-18
2026-06-02,CD-PE,P5,2332,320,2500,2026-05-21
2026-06-03,CD-SP,P1,4790,7446,50400,2026-05-24
2026-06-03,CD-SP,P2,3858,4548,31950,2026-05-21
2026-06-03,CD-SP,P3,1508,1156,8100,2026-05-21
2026-06-03,CD-SP,P4,1053,1777,12000,2026-05-21
2026-06-03,CD-SP,P5,1049,670,4500,2026-05-30
2026-06-03,CD-PR,P1,10851,3369,24500,2026-05-26
2026-06-03,CD-PR,P2,6640,2058,16200,2026-05-26
2026-06-03,CD-PR,P3,326,523,5100,2026-05-15
2026-06-03,CD-PR,P4,975,804,7800,2026-05-22
2026-06-03,CD-PR,P5,1608,303,2000,2026-05-26
2026-06-03,CD-GO,P1,12973,2580,15400,2026-05-24
2026-06-03,CD-GO,P2,8188,1576,8550,2026-05-24
2026-06-03,CD-GO,P3,860,401,3300,2026-05-16
2026-06-03,CD-GO,P4,906,616,5700,2026-05-16
2026-06-03,CD-GO,P5,1646,232,1000,2026-05-24
2026-06-03,CD-PE,P1,20961,3555,26600,2026-05-21
2026-06-03,CD-PE,P2,15114,2171,14850,2026-05-21
2026-06-03,CD-PE,P3,2287,552,6300,2026-05-18
2026-06-03,CD-PE,P4,3909,848,8700,2026-05-18
2026-06-03,CD-PE,P5,2320,320,2500,2026-05-21
2026-06-04,CD-SP,P1,55190,7446,0,2026-06-04
2026-06-04,CD-SP,P2,35600,4548,0,2026-06-04
2026-06-04,CD-SP,P3,9386,1156,0,2026-06-04
2026-06-04,CD-SP,P4,13053,1777,0,2026-06-04
2026-06-04,CD-SP,P5,1049,670,4500,2026-05-30
2026-06-04,CD-PR,P1,10151,3370,24500,2026-05-26
2026-06-04,CD-PR,P2,6640,2058,16200,2026-05-26
2026-06-04,CD-PR,P3,326,523,5100,2026-05-15
2026-06-04,CD-PR,P4,975,804,7800,2026-05-22
2026-06-04,CD-PR,P5,1590,303,2000,2026-05-26
2026-06-04,CD-GO,P1,12973,2581,15400,2026-05-24
2026-06-04,CD-GO,P2,8128,1576,8550,2026-05-24
2026-06-04,CD-GO,P3,860,401,3300,2026-05-16
2026-06-04,CD-GO,P4,894,616,5700,2026-05-16
2026-06-04,CD-GO,P5,1646,232,1000,2026-05-24
2026-06-04,CD-PE,P1,47561,3557,0,2026-06-04
2026-06-04,CD-PE,P2,29964,2172,0,2026-06-04
2026-06-04,CD-PE,P3,2287,552,6300,2026-05-18
2026-06-04,CD-PE,P4,3909,849,8700,2026-05-18
2026-06-04,CD-PE,P5,2320,320,2500,2026-05-21
2026-06-05,CD-SP,P1,52373,7821,0,2026-06-04
2026-06-05,CD-SP,P2,33256,4777,0,2026-06-04
2026-06-05,CD-SP,P3,8576,1215,0,2026-06-04
2026-06-05,CD-SP,P4,12162,1866,0,2026-06-04
2026-06-05,CD-SP,P5,900,704,4500,2026-05-30
2026-06-05,CD-PR,P1,32986,3540,0,2026-06-05
2026-06-05,CD-PR,P2,21620,2162,0,2026-06-05
2026-06-05,CD-PR,P3,5396,550,0,2026-06-05
2026-06-05,CD-PR,P4,8376,845,0,2026-06-05
2026-06-05,CD-PR,P5,1584,318,2000,2026-05-26
2026-06-05,CD-GO,P1,11326,2712,15400,2026-05-24
2026-06-05,CD-GO,P2,7956,1656,8550,2026-05-24
2026-06-05,CD-GO,P3,554,421,3300,2026-05-16
2026-06-05,CD-GO,P4,876,647,5700,2026-05-16
2026-06-05,CD-GO,P5,1628,244,1000,2026-05-24
2026-06-05,CD-PE,P1,46385,3557,0,2026-06-04
2026-06-05,CD-PE,P2,29194,2172,0,2026-06-04
2026-06-05,CD-PE,P3,2194,552,6300,2026-05-18
2026-06-05,CD-PE,P4,3885,849,8700,2026-05-18
2026-06-05,CD-PE,P5,1683,320,2500,2026-05-21
2026-06-06,CD-SP,P1,52373,7821,0,2026-06-04
2026-06-06,CD-SP,P2,33172,4777,0,2026-06-04
2026-06-06,CD-SP,P3,8576,1215,0,2026-06-04
2026-06-06,CD-SP,P4,12162,1866,0,2026-06-04
2026-06-06,CD-SP,P5,900,704,4500,2026-05-30
2026-06-06,CD-PR,P1,32811,3540,0,2026-06-05
2026-06-06,CD-PR,P2,21620,2162,0,2026-06-05
2026-06-06,CD-PR,P3,5396,550,0,2026-06-05
2026-06-06,CD-PR,P4,8376,845,0,2026-06-05
2026-06-06,CD-PR,P5,1584,318,2000,2026-05-26
2026-06-06,CD-GO,P1,26726,2712,0,2026-06-06
2026-06-06,CD-GO,P2,16506,1657,0,2026-06-06
2026-06-06,CD-GO,P3,3842,421,0,2026-06-06
2026-06-06,CD-GO,P4,6576,647,0,2026-06-06
2026-06-06,CD-GO,P5,1628,244,1000,2026-05-24
2026-06-06,CD-PE,P1,45685,3558,0,2026-06-04
2026-06-06,CD-PE,P2,28294,2173,0,2026-06-04
2026-06-06,CD-PE,P3,1894,553,6300,2026-05-18
2026-06-06,CD-PE,P4,3885,849,8700,2026-05-18
2026-06-06,CD-PE,P5,1683,320,2500,2026-05-21
2026-06-07,CD-SP,P1,52373,7821,0,2026-06-04
2026-06-07,CD-SP,P2,33172,4777,0,2026-06-04
2026-06-07,CD-SP,P3,8576,1215,0,2026-06-04
2026-06-07,CD-SP,P4,12162,1866,0,2026-06-04
2026-06-07,CD-SP,P5,5400,704,0,2026-06-07
2026-06-07,CD-PR,P1,32811,3540,0,2026-06-05
2026-06-07,CD-PR,P2,21620,2162,0,2026-06-05
2026-06-07,CD-PR,P3,5396,550,0,2026-06-05
2026-06-07,CD-PR,P4,8376,845,0,2026-06-05
2026-06-07,CD-PR,P5,1584,318,2000,2026-05-26
2026-06-07,CD-GO,P1,26726,2712,0,2026-06-06
2026-06-07,CD-GO,P2,16506,1657,0,2026-06-06
2026-06-07,CD-GO,P3,3842,421,0,2026-06-06
2026-06-07,CD-GO,P4,6576,647,0,2026-06-06
2026-06-07,CD-GO,P5,1628,244,1000,2026-05-24
2026-06-07,CD-PE,P1,45685,3558,0,2026-06-04
2026-06-07,CD-PE,P2,28294,2173,0,2026-06-04
2026-06-07,CD-PE,P3,1894,553,6300,2026-05-18
2026-06-07,CD-PE,P4,3885,849,8700,2026-05-18
2026-06-07,CD-PE,P5,4183,320,0,2026-06-07
2026-06-08,CD-SP,P1,46998,7821,22400,2026-06-04
2026-06-08,CD-SP,P2,31762,4777,13500,2026-06-04
2026-06-08,CD-SP,P3,7649,1215,3900,2026-06-04
2026-06-08,CD-SP,P4,9726,1866,6600,2026-06-04
2026-06-08,CD-SP,P5,5233,704,2500,2026-06-07
2026-06-08,CD-PR,P1,29982,3540,11900,2026-06-05
2026-06-08,CD-PR,P2,19334,2162,6750,2026-06-05
2026-06-08,CD-PR,P3,4985,550,2100,2026-06-05
2026-06-08,CD-PR,P4,7977,845,3000,2026-06-05
2026-06-08,CD-PR,P5,1572,318,3000,2026-05-26
2026-06-08,CD-GO,P1,24868,2712,7700,2026-06-06
2026-06-08,CD-GO,P2,14688,1657,4950,2026-06-06
2026-06-08,CD-GO,P3,3806,421,1800,2026-06-06
2026-06-08,CD-GO,P4,6465,647,2100,2026-06-06
2026-06-08,CD-GO,P5,1610,244,2000,2026-05-24
2026-06-08,CD-PE,P1,41987,3558,11200,2026-06-04
2026-06-08,CD-PE,P2,26932,2173,7200,2026-06-04
2026-06-08,CD-PE,P3,7378,553,1200,2026-06-08
2026-06-08,CD-PE,P4,11793,849,1500,2026-06-08
2026-06-08,CD-PE,P5,4153,320,1500,2026-06-07
2026-06-09,CD-SP,P1,42975,7821,22400,2026-06-04
2026-06-09,CD-SP,P2,26610,4777,13500,2026-06-04
2026-06-09,CD-SP,P3,6821,1215,3900,2026-06-04
2026-06-09,CD-SP,P4,7821,1866,6600,2026-06-04
2026-06-09,CD-SP,P5,4709,704,2500,2026-06-07
2026-06-09,CD-PR,P1,27532,3540,11900,2026-06-05
2026-06-09,CD-PR,P2,17522,2162,6750,2026-06-05
2026-06-09,CD-PR,P3,4487,550,2100,2026-06-05
2026-06-09,CD-PR,P4,7254,845,3000,2026-06-05
2026-06-09,CD-PR,P5,2947,319,1000,2026-06-09
2026-06-09,CD-GO,P1,23704,2713,7700,2026-06-06
2026-06-09,CD-GO,P2,14154,1657,4950,2026-06-06
2026-06-09,CD-GO,P3,3620,421,1800,2026-06-06
2026-06-09,CD-GO,P4,5679,647,2100,2026-06-06
2026-06-09,CD-GO,P5,2598,244,1000,2026-06-09
2026-06-09,CD-PE,P1,39158,3560,11200,2026-06-04
2026-06-09,CD-PE,P2,25120,2174,7200,2026-06-04
2026-06-09,CD-PE,P3,7261,553,1200,2026-06-08
2026-06-09,CD-PE,P4,10995,849,1500,2026-06-08
2026-06-09,CD-PE,P5,4004,320,1500,2026-06-07
2026-06-10,CD-SP,P1,36037,7821,22400,2026-06-04
2026-06-10,CD-SP,P2,22122,4777,13500,2026-06-04
2026-06-10,CD-SP,P3,5987,1215,3900,2026-06-04
2026-06-10,CD-SP,P4,5301,1866,6600,2026-06-04
2026-06-10,CD-SP,P5,3887,704,2500,2026-06-07
2026-06-10,CD-PR,P1,25530,3541,11900,2026-06-05
2026-06-10,CD-PR,P2,16848,2163,6750,2026-06-05
2026-06-10,CD-PR,P3,4088,550,2100,2026-06-05
2026-06-10,CD-PR,P4,6450,845,3000,2026-06-05
2026-06-10,CD-PR,P5,2274,319,1000,2026-06-09
2026-06-10,CD-GO,P1,22570,2713,7700,2026-06-06
2026-06-10,CD-GO,P2,12934,1657,4950,2026-06-06
2026-06-10,CD-GO,P3,3584,421,1800,2026-06-06
2026-06-10,CD-GO,P4,5298,648,2100,2026-06-06
2026-06-10,CD-GO,P5,2467,244,1000,2026-06-09
2026-06-10,CD-PE,P1,36359,3561,11200,2026-06-04
2026-06-10,CD-PE,P2,23864,2175,7200,2026-06-04
2026-06-10,CD-PE,P3,6556,553,1200,2026-06-08
2026-06-10,CD-PE,P4,10584,850,1500,2026-06-08
2026-06-10,CD-PE,P5,3474,320,1500,2026-06-07
2026-06-11,CD-SP,P1,53744,7821,0,2026-06-11
2026-06-11,CD-SP,P2,32476,4777,0,2026-06-11
2026-06-11,CD-SP,P3,5225,1215,3900,2026-06-04
2026-06-11,CD-SP,P4,9807,1866,0,2026-06-11
2026-06-11,CD-SP,P5,3714,704,2500,2026-06-07
2026-06-11,CD-PR,P1,23684,3541,11900,2026-06-05
2026-06-11,CD-PR,P2,15668,2163,6750,2026-06-05
2026-06-11,CD-PR,P3,3941,550,2100,2026-06-05
2026-06-11,CD-PR,P4,6264,845,3000,2026-06-05
2026-06-11,CD-PR,P5,2250,319,1000,2026-06-09
2026-06-11,CD-GO,P1,20018,2714,7700,2026-06-06
2026-06-11,CD-GO,P2,11620,1658,4950,2026-06-06
2026-06-11,CD-GO,P3,3191,421,1800,2026-06-06
2026-06-11,CD-GO,P4,4881,648,2100,2026-06-06
2026-06-11,CD-GO,P5,1830,244,1000,2026-06-09
2026-06-11,CD-PE,P1,44234,3563,0,2026-06-11
2026-06-11,CD-PE,P2,29354,2176,0,2026-06-11
2026-06-11,CD-PE,P3,6451,553,1200,2026-06-08
2026-06-11,CD-PE,P4,10485,850,1500,2026-06-08
2026-06-11,CD-PE,P5,4825,321,0,2026-06-11
2026-06-12,CD-SP,P1,50758,7446,0,2026-06-11
2026-06-12,CD-SP,P2,30202,4548,0,2026-06-11
2026-06-12,CD-SP,P3,4343,1156,3900,2026-06-04
2026-06-12,CD-SP,P4,8979,1777,0,2026-06-11
2026-06-12,CD-SP,P5,3214,670,2500,2026-06-07
2026-06-12,CD-PR,P1,33738,3542,0,2026-06-12
2026-06-12,CD-PR,P2,21310,2163,0,2026-06-12
2026-06-12,CD-PR,P3,5342,550,0,2026-06-12
2026-06-12,CD-PR,P4,8553,845,0,2026-06-12
2026-06-12,CD-PR,P5,2101,319,1000,2026-06-09
2026-06-12,CD-GO,P1,19759,2715,7700,2026-06-06
2026-06-12,CD-GO,P2,11330,1658,4950,2026-06-06
2026-06-12,CD-GO,P3,2798,422,1800,2026-06-06
2026-06-12,CD-GO,P4,4776,648,2100,2026-06-06
2026-06-12,CD-GO,P5,1800,244,1000,2026-06-09
2026-06-12,CD-PE,P1,43632,3564,0,2026-06-11
2026-06-12,CD-PE,P2,27872,2177,0,2026-06-11
2026-06-12,CD-PE,P3,6421,554,1200,2026-06-08
2026-06-12,CD-PE,P4,9768,851,1500,2026-06-08
2026-06-12,CD-PE,P5,4807,321,0,2026-06-11
2026-06-13,CD-SP,P1,50758,7446,0,2026-06-11
2026-06-13,CD-SP,P2,30202,4548,0,2026-06-11
2026-06-13,CD-SP,P3,4343,1156,3900,2026-06-04
2026-06-13,CD-SP,P4,8979,1777,0,2026-06-11
2026-06-13,CD-SP,P5,3190,670,2500,2026-06-07
2026-06-13,CD-PR,P1,33738,3542,0,2026-06-12
2026-06-13,CD-PR,P2,21198,2163,0,2026-06-12
2026-06-13,CD-PR,P3,5342,550,0,2026-06-12
2026-06-13,CD-PR,P4,8553,845,0,2026-06-12
2026-06-13,CD-PR,P5,2101,319,1000,2026-06-09
2026-06-13,CD-GO,P1,27459,2715,0,2026-06-13
2026-06-13,CD-GO,P2,16280,1658,0,2026-06-13
2026-06-13,CD-GO,P3,4598,422,0,2026-06-13
2026-06-13,CD-GO,P4,6876,648,0,2026-06-13
2026-06-13,CD-GO,P5,1800,244,1000,2026-06-09
2026-06-13,CD-PE,P1,43632,3565,0,2026-06-11
2026-06-13,CD-PE,P2,27872,2178,0,2026-06-11
2026-06-13,CD-PE,P3,6421,554,1200,2026-06-08
2026-06-13,CD-PE,P4,9768,851,1500,2026-06-08
2026-06-13,CD-PE,P5,4807,321,0,2026-06-11
2026-06-14,CD-SP,P1,50758,7446,0,2026-06-11
2026-06-14,CD-SP,P2,30202,4548,0,2026-06-11
2026-06-14,CD-SP,P3,4343,1156,3900,2026-06-04
2026-06-14,CD-SP,P4,8979,1777,0,2026-06-11
2026-06-14,CD-SP,P5,5690,670,0,2026-06-14
2026-06-14,CD-PR,P1,33738,3542,0,2026-06-12
2026-06-14,CD-PR,P2,21198,2163,0,2026-06-12
2026-06-14,CD-PR,P3,5342,550,0,2026-06-12
2026-06-14,CD-PR,P4,8553,845,0,2026-06-12
2026-06-14,CD-PR,P5,2101,319,1000,2026-06-09
2026-06-14,CD-GO,P1,27459,2715,0,2026-06-13
2026-06-14,CD-GO,P2,16280,1658,0,2026-06-13
2026-06-14,CD-GO,P3,4598,422,0,2026-06-13
2026-06-14,CD-GO,P4,6876,648,0,2026-06-13
2026-06-14,CD-GO,P5,2800,244,0,2026-06-14
2026-06-14,CD-PE,P1,43632,3565,0,2026-06-11
2026-06-14,CD-PE,P2,27872,2178,0,2026-06-11
2026-06-14,CD-PE,P3,6421,554,1200,2026-06-08
2026-06-14,CD-PE,P4,9768,851,1500,2026-06-08
2026-06-14,CD-PE,P5,4807,321,0,2026-06-11
2026-06-15,CD-SP,P1,44219,7446,20300,2026-06-11
2026-06-15,CD-SP,P2,26472,4548,14400,2026-06-11
2026-06-15,CD-SP,P3,7310,1156,3600,2026-06-15
2026-06-15,CD-SP,P4,5853,1777,8700,2026-06-11
2026-06-15,CD-SP,P5,5047,670,1500,2026-06-14
2026-06-15,CD-PR,P1,30933,3542,11200,2026-06-12
2026-06-15,CD-PR,P2,19676,2163,7200,2026-06-12
2026-06-15,CD-PR,P3,5267,550,2100,2026-06-12
2026-06-15,CD-PR,P4,8442,845,0,2026-06-12
2026-06-15,CD-PR,P5,2095,319,2500,2026-06-09
2026-06-15,CD-GO,P1,25673,2715,7000,2026-06-13
2026-06-15,CD-GO,P2,14924,1658,5400,2026-06-13
2026-06-15,CD-GO,P3,4487,422,0,2026-06-13
2026-06-15,CD-GO,P4,6489,648,0,2026-06-13
2026-06-15,CD-GO,P5,2645,244,1000,2026-06-14
2026-06-15,CD-PE,P1,39204,3565,13300,2026-06-11
2026-06-15,CD-PE,P2,26048,2178,7650,2026-06-11
2026-06-15,CD-PE,P3,5629,554,1200,2026-06-08
2026-06-15,CD-PE,P4,10869,851,0,2026-06-15
2026-06-15,CD-PE,P5,4801,321,1000,2026-06-11
2026-06-16,CD-SP,P1,35104,7446,20300,2026-06-11
2026-06-16,CD-SP,P2,22248,4548,14400,2026-06-11
2026-06-16,CD-SP,P3,6869,1156,3600,2026-06-15
2026-06-16,CD-SP,P4,3918,1777,8700,2026-06-11
2026-06-16,CD-SP,P5,5005,670,1500,2026-06-14
2026-06-16,CD-PR,P1,28846,3542,11200,2026-06-12
2026-06-16,CD-PR,P2,18000,2164,7200,2026-06-12
2026-06-16,CD-PR,P3,4427,550,2100,2026-06-12
2026-06-16,CD-PR,P4,7350,845,0,2026-06-12
2026-06-16,CD-PR,P5,3071,319,1500,2026-06-16
2026-06-16,CD-GO,P1,24588,2716,7000,2026-06-13
2026-06-16,CD-GO,P2,13840,1659,5400,2026-06-13
2026-06-16,CD-GO,P3,4451,422,0,2026-06-13
2026-06-16,CD-GO,P4,5985,648,0,2026-06-13
2026-06-16,CD-GO,P5,2621,244,1000,2026-06-14
2026-06-16,CD-PE,P1,36592,3567,13300,2026-06-11
2026-06-16,CD-PE,P2,24810,2179,7650,2026-06-11
2026-06-16,CD-PE,P3,5206,554,1200,2026-06-08
2026-06-16,CD-PE,P4,9984,851,0,2026-06-15
2026-06-16,CD-PE,P5,4164,321,1000,2026-06-11
2026-06-17,CD-SP,P1,30646,7446,20300,2026-06-11
2026-06-17,CD-SP,P2,17724,4548,14400,2026-06-11
2026-06-17,CD-SP,P3,6029,1156,3600,2026-06-15
2026-06-17,CD-SP,P4,1656,1777,8700,2026-06-11
2026-06-17,CD-SP,P5,4195,670,1500,2026-06-14
2026-06-17,CD-PR,P1,26276,3543,11200,2026-06-12
2026-06-17,CD-PR,P2,16780,2164,7200,2026-06-12
2026-06-17,CD-PR,P3,4403,550,2100,2026-06-12
2026-06-17,CD-PR,P4,7257,845,0,2026-06-12
2026-06-17,CD-PR,P5,2428,319,1500,2026-06-16
2026-06-17,CD-GO,P1,22199,2716,7000,2026-06-13
2026-06-17,CD-GO,P2,13520,1659,5400,2026-06-13
2026-06-17,CD-GO,P3,3965,422,0,2026-06-13
2026-06-17,CD-GO,P4,5943,648,0,2026-06-13
2026-06-17,CD-GO,P5,2109,244,1000,2026-06-14
2026-06-17,CD-PE,P1,34667,3569,13300,2026-06-11
2026-06-17,CD-PE,P2,23010,2180,7650,2026-06-11
2026-06-17,CD-PE,P3,5089,554,1200,2026-06-08
2026-06-17,CD-PE,P4,9579,852,0,2026-06-15
2026-06-17,CD-PE,P5,4164,321,1000,2026-06-11
2026-06-18,CD-SP,P1,46114,7446,0,2026-06-18
2026-06-18,CD-SP,P2,28464,4548,0,2026-06-18
2026-06-18,CD-SP,P3,9044,1156,0,2026-06-18
2026-06-18,CD-SP,P4,9006,1777,0,2026-06-18
2026-06-18,CD-SP,P5,3671,670,1500,2026-06-14
2026-06-18,CD-PR,P1,24388,3543,11200,2026-06-12
2026-06-18,CD-PR,P2,14968,2164,7200,2026-06-12
2026-06-18,CD-PR,P3,4079,550,2100,2026-06-12
2026-06-18,CD-PR,P4,6546,845,0,2026-06-12
2026-06-18,CD-PR,P5,2398,319,1500,2026-06-16
2026-06-18,CD-GO,P1,20679,2717,7000,2026-06-13
2026-06-18,CD-GO,P2,12436,1659,5400,2026-06-13
2026-06-18,CD-GO,P3,3935,422,0,2026-06-13
2026-06-18,CD-GO,P4,4869,648,0,2026-06-13
2026-06-18,CD-GO,P5,2097,244,1000,2026-06-14
2026-06-18,CD-PE,P1,45917,3570,0,2026-06-18
2026-06-18,CD-PE,P2,29902,2181,0,2026-06-18
2026-06-18,CD-PE,P3,4585,554,1200,2026-06-08
2026-06-18,CD-PE,P4,9168,852,0,2026-06-15
2026-06-18,CD-PE,P5,3634,321,1000,2026-06-11
2026-06-19,CD-SP,P1,43285,7446,0,2026-06-18
2026-06-19,CD-SP,P2,26012,4548,0,2026-06-18
2026-06-19,CD-SP,P3,8246,1156,0,2026-06-18
2026-06-19,CD-SP,P4,6699,1777,0,2026-06-18
2026-06-19,CD-SP,P5,3522,670,1500,2026-06-14
2026-06-19,CD-PR,P1,27418,3543,6300,2026-06-19
2026-06-19,CD-PR,P2,14434,2164,6750,2026-06-19
2026-06-19,CD-PR,P3,6011,550,0,2026-06-19
2026-06-19,CD-PR,P4,6534,846,0,2026-06-12
2026-06-19,CD-PR,P5,2374,319,1500,2026-06-16
2026-06-19,CD-GO,P1,19913,2718,7000,2026-06-13
2026-06-19,CD-GO,P2,11808,1660,5400,2026-06-13
2026-06-19,CD-GO,P3,3542,422,0,2026-06-13
2026-06-19,CD-GO,P4,4740,648,0,2026-06-13
2026-06-19,CD-GO,P5,2085,244,1000,2026-06-14
2026-06-19,CD-PE,P1,43359,3572,0,2026-06-18
2026-06-19,CD-PE,P2,28806,2182,0,2026-06-18
2026-06-19,CD-PE,P3,4180,555,1200,2026-06-08
2026-06-19,CD-PE,P4,8457,852,0,2026-06-15
2026-06-19,CD-PE,P5,3491,321,1000,2026-06-11
2026-06-20,CD-SP,P1,42585,7446,0,2026-06-18
2026-06-20,CD-SP,P2,26012,4548,0,2026-06-18
2026-06-20,CD-SP,P3,8246,1156,0,2026-06-18
2026-06-20,CD-SP,P4,6324,1777,0,2026-06-18
2026-06-20,CD-SP,P5,3522,670,1500,2026-06-14
2026-06-20,CD-PR,P1,27418,3544,6300,2026-06-19
2026-06-20,CD-PR,P2,14322,2164,6750,2026-06-19
2026-06-20,CD-PR,P3,6011,550,0,2026-06-19
2026-06-20,CD-PR,P4,6534,846,0,2026-06-12
2026-06-20,CD-PR,P5,1749,319,1500,2026-06-16
2026-06-20,CD-GO,P1,19738,2718,7000,2026-06-13
2026-06-20,CD-GO,P2,11696,1660,5400,2026-06-13
2026-06-20,CD-GO,P3,3542,422,0,2026-06-13
2026-06-20,CD-GO,P4,4740,649,0,2026-06-13
2026-06-20,CD-GO,P5,2085,245,1000,2026-06-14
2026-06-20,CD-PE,P1,43359,3573,0,2026-06-18
2026-06-20,CD-PE,P2,28806,2182,0,2026-06-18
2026-06-20,CD-PE,P3,4180,555,1200,2026-06-08
2026-06-20,CD-PE,P4,8457,853,0,2026-06-15
2026-06-20,CD-PE,P5,3491,321,1000,2026-06-11
2026-06-21,CD-SP,P1,42585,7446,0,2026-06-18
2026-06-21,CD-SP,P2,26012,4548,0,2026-06-18
2026-06-21,CD-SP,P3,8246,1156,0,2026-06-18
2026-06-21,CD-SP,P4,6324,1777,0,2026-06-18
2026-06-21,CD-SP,P5,5022,670,0,2026-06-21
2026-06-21,CD-PR,P1,27418,3544,6300,2026-06-19
2026-06-21,CD-PR,P2,14322,2164,6750,2026-06-19
2026-06-21,CD-PR,P3,6011,550,0,2026-06-19
2026-06-21,CD-PR,P4,6534,846,0,2026-06-12
2026-06-21,CD-PR,P5,1749,319,1500,2026-06-16
2026-06-21,CD-GO,P1,26738,2718,0,2026-06-21
2026-06-21,CD-GO,P2,17096,1660,0,2026-06-21
2026-06-21,CD-GO,P3,3542,422,0,2026-06-13
2026-06-21,CD-GO,P4,4740,649,0,2026-06-13
2026-06-21,CD-GO,P5,2085,245,1000,2026-06-14
2026-06-21,CD-PE,P1,43359,3573,0,2026-06-18
2026-06-21,CD-PE,P2,28806,2182,0,2026-06-18
2026-06-21,CD-PE,P3,5380,555,0,2026-06-21
2026-06-21,CD-PE,P4,8457,853,0,2026-06-15
2026-06-21,CD-PE,P5,4491,321,0,2026-06-21
2026-06-22,CD-SP,P1,37325,7446,16100,2026-06-18
2026-06-22,CD-SP,P2,21642,4548,18450,2026-06-18
2026-06-22,CD-SP,P3,7394,1156,0,2026-06-18
2026-06-22,CD-SP,P4,4809,1777,0,2026-06-18
2026-06-22,CD-SP,P5,4825,670,0,2026-06-21
2026-06-22,CD-PR,P1,24637,3544,6300,2026-06-19
2026-06-22,CD-PR,P2,13670,2164,6750,2026-06-19
2026-06-22,CD-PR,P3,5594,550,0,2026-06-19
2026-06-22,CD-PR,P4,5748,846,0,2026-06-12
2026-06-22,CD-PR,P5,1731,319,1500,2026-06-16
2026-06-22,CD-GO,P1,25574,2718,0,2026-06-21
2026-06-22,CD-GO,P2,16024,1660,0,2026-06-21
2026-06-22,CD-GO,P3,2837,422,0,2026-06-13
2026-06-22,CD-GO,P4,3948,649,0,2026-06-13
2026-06-22,CD-GO,P5,1442,245,1000,2026-06-14
2026-06-22,CD-PE,P1,40584,3573,0,2026-06-18
2026-06-22,CD-PE,P2,26396,2182,0,2026-06-18
2026-06-22,CD-PE,P3,4963,555,0,2026-06-21
2026-06-22,CD-PE,P4,7947,853,0,2026-06-15
2026-06-22,CD-PE,P5,4455,321,0,2026-06-21
2026-06-23,CD-SP,P1,32318,7446,16100,2026-06-18
2026-06-23,CD-SP,P2,17490,4548,18450,2026-06-18
2026-06-23,CD-SP,P3,6503,1156,0,2026-06-18
2026-06-23,CD-SP,P4,3102,1777,0,2026-06-18
2026-06-23,CD-SP,P5,3503,670,0,2026-06-21
2026-06-23,CD-PR,P1,27420,3544,0,2026-06-23
2026-06-23,CD-PR,P2,18988,2165,0,2026-06-23
2026-06-23,CD-PR,P3,5201,550,0,2026-06-19
2026-06-23,CD-PR,P4,5637,846,0,2026-06-12
2026-06-23,CD-PR,P5,3231,319,0,2026-06-23
2026-06-23,CD-GO,P1,23203,2719,0,2026-06-21
2026-06-23,CD-GO,P2,15236,1661,0,2026-06-21
2026-06-23,CD-GO,P3,2720,422,0,2026-06-13
2026-06-23,CD-GO,P4,3456,649,0,2026-06-13
2026-06-23,CD-GO,P5,1430,245,1000,2026-06-14
2026-06-23,CD-PE,P1,37990,3574,0,2026-06-18
2026-06-23,CD-PE,P2,25170,2183,0,2026-06-18
2026-06-23,CD-PE,P3,4552,555,0,2026-06-21
2026-06-23,CD-PE,P4,6837,853,0,2026-06-15
2026-06-23,CD-PE,P5,4312,322,0,2026-06-21
2026-06-24,CD-SP,P1,26213,7446,16100,2026-06-18
2026-06-24,CD-SP,P2,15488,4548,18450,2026-06-18
2026-06-24,CD-SP,P3,5663,1156,0,2026-06-18
2026-06-24,CD-SP,P4,1998,1777,0,2026-06-18
2026-06-24,CD-SP,P5,3467,670,0,2026-06-21
2026-06-24,CD-PR,P1,24603,3544,0,2026-06-23
2026-06-24,CD-PR,P2,16678,2165,0,2026-06-23
2026-06-24,CD-PR,P3,5078,550,0,2026-06-19
2026-06-24,CD-PR,P4,4914,846,0,2026-06-12
2026-06-24,CD-PR,P5,3076,319,0,2026-06-23
2026-06-24,CD-GO,P1,22570,2719,0,2026-06-21
2026-06-24,CD-GO,P2,14460,1661,0,2026-06-21
2026-06-24,CD-GO,P3,2609,422,0,2026-06-13
2026-06-24,CD-GO,P4,3432,649,0,2026-06-13
2026-06-24,CD-GO,P5,1412,245,1000,2026-06-14
2026-06-24,CD-PE,P1,36796,3576,0,2026-06-18
2026-06-24,CD-PE,P2,23204,2184,0,2026-06-18
2026-06-24,CD-PE,P3,4141,555,0,2026-06-21
2026-06-24,CD-PE,P4,6345,853,0,2026-06-15
2026-06-24,CD-PE,P5,4294,322,0,2026-06-21
2026-06-25,CD-SP,P1,21712,7446,16100,2026-06-18
2026-06-25,CD-SP,P2,12480,4548,18450,2026-06-18
2026-06-25,CD-SP,P3,4424,1156,0,2026-06-18
2026-06-25,CD-SP,P4,1083,1777,0,2026-06-18
2026-06-25,CD-SP,P5,2794,670,0,2026-06-21
2026-06-25,CD-PR,P1,21978,3545,0,2026-06-23
2026-06-25,CD-PR,P2,15896,2165,0,2026-06-23
2026-06-25,CD-PR,P3,4754,551,0,2026-06-19
2026-06-25,CD-PR,P4,4128,846,0,2026-06-12
2026-06-25,CD-PR,P5,2570,319,0,2026-06-23
2026-06-25,CD-GO,P1,20887,2720,0,2026-06-21
2026-06-25,CD-GO,P2,13312,1661,0,2026-06-21
2026-06-25,CD-GO,P3,2279,422,0,2026-06-13
2026-06-25,CD-GO,P4,2658,649,0,2026-06-13
2026-06-25,CD-GO,P5,781,245,1000,2026-06-14
2026-06-25,CD-PE,P1,33411,3578,0,2026-06-18
2026-06-25,CD-PE,P2,21990,2185,0,2026-06-18
2026-06-25,CD-PE,P3,3412,556,0,2026-06-21
2026-06-25,CD-PE,P4,5652,854,0,2026-06-15
2026-06-25,CD-PE,P5,3294,322,0,2026-06-21
2026-06-26,CD-SP,P1,18552,7446,16100,2026-06-18
2026-06-26,CD-SP,P2,10614,4548,18450,2026-06-18
2026-06-26,CD-SP,P3,3908,1156,0,2026-06-18
2026-06-26,CD-SP,P4,672,1777,0,2026-06-18
2026-06-26,CD-SP,P5,2639,670,0,2026-06-21
2026-06-26,CD-PR,P1,20163,3545,0,2026-06-23
2026-06-26,CD-PR,P2,14700,2165,0,2026-06-23
2026-06-26,CD-PR,P3,4349,551,0,2026-06-19
2026-06-26,CD-PR,P4,3711,846,0,2026-06-12
2026-06-26,CD-PR,P5,2570,319,0,2026-06-23
2026-06-26,CD-GO,P1,19753,2720,0,2026-06-21
2026-06-26,CD-GO,P2,12748,1662,0,2026-06-21
2026-06-26,CD-GO,P3,2186,422,0,2026-06-13
2026-06-26,CD-GO,P4,2640,649,0,2026-06-13
2026-06-26,CD-GO,P5,763,245,1000,2026-06-14
2026-06-26,CD-PE,P1,32205,3579,0,2026-06-18
2026-06-26,CD-PE,P2,21350,2186,0,2026-06-18
2026-06-26,CD-PE,P3,3319,556,0,2026-06-21
2026-06-26,CD-PE,P4,4824,854,0,2026-06-15
2026-06-26,CD-PE,P5,3133,322,0,2026-06-21
2026-06-27,CD-SP,P1,18552,7446,16100,2026-06-18
2026-06-27,CD-SP,P2,10614,4548,18450,2026-06-18
2026-06-27,CD-SP,P3,3908,1156,0,2026-06-18
2026-06-27,CD-SP,P4,672,1777,0,2026-06-18
2026-06-27,CD-SP,P5,2639,670,0,2026-06-21
2026-06-27,CD-PR,P1,20163,3545,0,2026-06-23
2026-06-27,CD-PR,P2,14700,2165,0,2026-06-23
2026-06-27,CD-PR,P3,4349,551,0,2026-06-19
2026-06-27,CD-PR,P4,3711,846,0,2026-06-12
2026-06-27,CD-PR,P5,2540,319,0,2026-06-23
2026-06-27,CD-GO,P1,19753,2721,0,2026-06-21
2026-06-27,CD-GO,P2,12636,1662,0,2026-06-21
2026-06-27,CD-GO,P3,2186,423,0,2026-06-13
2026-06-27,CD-GO,P4,2640,649,0,2026-06-13
2026-06-27,CD-GO,P5,1763,245,0,2026-06-27
2026-06-27,CD-PE,P1,32205,3580,0,2026-06-18
2026-06-27,CD-PE,P2,21350,2187,0,2026-06-18
2026-06-27,CD-PE,P3,3319,556,0,2026-06-21
2026-06-27,CD-PE,P4,4824,854,0,2026-06-15
2026-06-27,CD-PE,P5,3133,322,0,2026-06-21
2026-06-28,CD-SP,P1,34652,7446,0,2026-06-28
2026-06-28,CD-SP,P2,29064,4548,0,2026-06-28
2026-06-28,CD-SP,P3,3908,1156,0,2026-06-18
2026-06-28,CD-SP,P4,672,1777,0,2026-06-18
2026-06-28,CD-SP,P5,2639,670,0,2026-06-21
2026-06-28,CD-PR,P1,20163,3545,0,2026-06-23
2026-06-28,CD-PR,P2,14700,2165,0,2026-06-23
2026-06-28,CD-PR,P3,4349,551,0,2026-06-19
2026-06-28,CD-PR,P4,3711,846,0,2026-06-12
2026-06-28,CD-PR,P5,2540,319,0,2026-06-23
2026-06-28,CD-GO,P1,19753,2721,0,2026-06-21
2026-06-28,CD-GO,P2,12636,1662,0,2026-06-21
2026-06-28,CD-GO,P3,2186,423,0,2026-06-13
2026-06-28,CD-GO,P4,2640,649,0,2026-06-13
2026-06-28,CD-GO,P5,1763,245,0,2026-06-27
2026-06-28,CD-PE,P1,32205,3580,0,2026-06-18
2026-06-28,CD-PE,P2,21350,2187,0,2026-06-18
2026-06-28,CD-PE,P3,3319,556,0,2026-06-21
2026-06-28,CD-PE,P4,4824,854,0,2026-06-15
2026-06-28,CD-PE,P5,3133,322,0,2026-06-21
2026-06-29,CD-SP,P1,27437,7446,0,2026-06-28
2026-06-29,CD-SP,P2,25890,4548,0,2026-06-28
2026-06-29,CD-SP,P3,2987,1156,0,2026-06-18
2026-06-29,CD-SP,P4,54,1777,0,2026-06-18
2026-06-29,CD-SP,P5,1448,670,0,2026-06-21
2026-06-29,CD-PR,P1,16459,3545,0,2026-06-23
2026-06-29,CD-PR,P2,12994,2165,0,2026-06-23
2026-06-29,CD-PR,P3,3938,551,0,2026-06-19
2026-06-29,CD-PR,P4,2961,846,0,2026-06-12
2026-06-29,CD-PR,P5,2397,319,0,2026-06-23
2026-06-29,CD-GO,P1,17346,2721,0,2026-06-21
2026-06-29,CD-GO,P2,11534,1662,0,2026-06-21
2026-06-29,CD-GO,P3,1775,423,0,2026-06-13
2026-06-29,CD-GO,P4,2229,649,0,2026-06-13
2026-06-29,CD-GO,P5,1620,245,0,2026-06-27
2026-06-29,CD-PE,P1,28682,3580,0,2026-06-18
2026-06-29,CD-PE,P2,19106,2187,0,2026-06-18
2026-06-29,CD-PE,P3,3202,556,0,2026-06-21
2026-06-29,CD-PE,P4,2967,854,0,2026-06-15
2026-06-29,CD-PE,P5,3133,322,0,2026-06-21
2026-06-30,CD-SP,P1,18883,7446,0,2026-06-28
2026-06-30,CD-SP,P2,21626,4548,0,2026-06-28
2026-06-30,CD-SP,P3,2135,1156,0,2026-06-18
2026-06-30,CD-SP,P4,6,1777,0,2026-06-18
2026-06-30,CD-SP,P5,1287,670,0,2026-06-21
2026-06-30,CD-PR,P1,14571,3546,0,2026-06-23
2026-06-30,CD-PR,P2,11698,2166,0,2026-06-23
2026-06-30,CD-PR,P3,3815,551,0,2026-06-19
2026-06-30,CD-PR,P4,2346,846,0,2026-06-12
2026-06-30,CD-PR,P5,2373,319,0,2026-06-23
2026-06-30,CD-GO,P1,16007,2722,0,2026-06-21
2026-06-30,CD-GO,P2,10114,1662,0,2026-06-21
2026-06-30,CD-GO,P3,1595,423,0,2026-06-13
2026-06-30,CD-GO,P4,1731,649,0,2026-06-13
2026-06-30,CD-GO,P5,1608,245,0,2026-06-27
2026-06-30,CD-PE,P1,27494,3582,0,2026-06-18
2026-06-30,CD-PE,P2,18750,2188,0,2026-06-18
2026-06-30,CD-PE,P3,2791,556,0,2026-06-21
2026-06-30,CD-PE,P4,2157,855,0,2026-06-15
2026-06-30,CD-PE,P5,2948,322,0,2026-06-21
2026-07-01,CD-SP,P1,12163,7446,0,2026-06-28
2026-07-01,CD-SP,P2,19222,4548,0,2026-06-28
2026-07-01,CD-SP,P3,1325,1156,0,2026-06-18
2026-07-01,CD-SP,P4,6,1777,0,2026-06-18
2026-07-01,CD-SP,P5,1114,670,0,2026-06-21
2026-07-01,CD-PR,P1,12502,3546,0,2026-06-23
2026-07-01,CD-PR,P2,10868,2166,0,2026-06-23
2026-07-01,CD-PR,P3,3098,551,0,2026-06-19
2026-07-01,CD-PR,P4,1230,846,0,2026-06-12
2026-07-01,CD-PR,P5,1724,319,0,2026-06-23
2026-07-01,CD-GO,P1,14855,2722,0,2026-06-21
2026-07-01,CD-GO,P2,9988,1663,0,2026-06-21
2026-07-01,CD-GO,P3,1571,423,0,2026-06-13
2026-07-01,CD-GO,P4,1215,650,0,2026-06-13
2026-07-01,CD-GO,P5,1590,245,0,2026-06-27
2026-07-01,CD-PE,P1,25196,3584,0,2026-06-18
2026-07-01,CD-PE,P2,16778,2189,0,2026-06-18
2026-07-01,CD-PE,P3,2380,557,0,2026-06-21
2026-07-01,CD-PE,P4,1053,855,0,2026-06-15
2026-07-01,CD-PE,P5,2948,322,0,2026-06-21
2026-07-02,CD-SP,P1,6179,7446,0,2026-06-28
2026-07-02,CD-SP,P2,16118,4548,0,2026-06-28
2026-07-02,CD-SP,P3,797,1156,0,2026-06-18
2026-07-02,CD-SP,P4,6,1777,0,2026-06-18
2026-07-02,CD-SP,P5,72,670,0,2026-06-21
2026-07-02,CD-PR,P1,10644,3546,0,2026-06-23
2026-07-02,CD-PR,P2,9684,2166,0,2026-06-23
2026-07-02,CD-PR,P3,2999,551,0,2026-06-19
2026-07-02,CD-PR,P4,444,846,0,2026-06-12
2026-07-02,CD-PR,P5,1712,319,0,2026-06-23
2026-07-02,CD-GO,P1,13184,2722,0,2026-06-21
2026-07-02,CD-GO,P2,9124,1663,0,2026-06-21
2026-07-02,CD-GO,P3,1178,423,0,2026-06-13
2026-07-02,CD-GO,P4,504,650,0,2026-06-13
2026-07-02,CD-GO,P5,1584,245,0,2026-06-27
2026-07-02,CD-PE,P1,23796,3584,0,2026-06-18
2026-07-02,CD-PE,P2,15878,2189,0,2026-06-18
2026-07-02,CD-PE,P3,2380,557,0,2026-06-21
2026-07-02,CD-PE,P4,513,855,0,2026-06-15
2026-07-02,CD-PE,P5,2805,322,0,2026-06-21
2026-07-03,CD-SP,P1,3380,7446,0,2026-06-28
2026-07-03,CD-SP,P2,13744,4548,0,2026-06-28
2026-07-03,CD-SP,P3,5,1156,0,2026-06-18
2026-07-03,CD-SP,P4,6,1777,0,2026-06-18
2026-07-03,CD-SP,P5,48,670,0,2026-06-21
2026-07-03,CD-PR,P1,8979,3546,0,2026-06-23
2026-07-03,CD-PR,P2,8664,2166,0,2026-06-23
2026-07-03,CD-PR,P3,2645,551,0,2026-06-19
2026-07-03,CD-PR,P4,15,846,0,2026-06-12
2026-07-03,CD-PR,P5,1200,319,0,2026-06-23
2026-07-03,CD-GO,P1,12056,2722,0,2026-06-21
2026-07-03,CD-GO,P2,8520,1663,0,2026-06-21
2026-07-03,CD-GO,P3,767,423,0,2026-06-13
2026-07-03,CD-GO,P4,30,650,0,2026-06-13
2026-07-03,CD-GO,P5,1566,245,0,2026-06-27
2026-07-03,CD-PE,P1,22113,3764,0,2026-06-18
2026-07-03,CD-PE,P2,14754,2299,0,2026-06-18
2026-07-03,CD-PE,P3,1975,585,0,2026-06-21
2026-07-03,CD-PE,P4,15,898,0,2026-06-15
2026-07-03,CD-PE,P5,2656,339,0,2026-06-21
2026-07-04,CD-SP,P1,3380,7446,0,2026-06-28
2026-07-04,CD-SP,P2,13684,4548,0,2026-06-28
2026-07-04,CD-SP,P3,5,1156,0,2026-06-18
2026-07-04,CD-SP,P4,6,1777,0,2026-06-18
2026-07-04,CD-SP,P5,48,670,0,2026-06-21
2026-07-04,CD-PR,P1,8979,3546,0,2026-06-23
2026-07-04,CD-PR,P2,8440,2166,0,2026-06-23
2026-07-04,CD-PR,P3,2570,551,0,2026-06-19
2026-07-04,CD-PR,P4,15,846,0,2026-06-12
2026-07-04,CD-PR,P5,1200,319,0,2026-06-23
2026-07-04,CD-GO,P1,12056,2722,0,2026-06-21
2026-07-04,CD-GO,P2,8520,1663,0,2026-06-21
2026-07-04,CD-GO,P3,767,423,0,2026-06-13
2026-07-04,CD-GO,P4,30,650,0,2026-06-13
2026-07-04,CD-GO,P5,1566,245,0,2026-06-27
2026-07-04,CD-PE,P1,22113,3764,0,2026-06-18
2026-07-04,CD-PE,P2,14676,2299,0,2026-06-18
2026-07-04,CD-PE,P3,1975,585,0,2026-06-21
2026-07-04,CD-PE,P4,15,898,0,2026-06-15
2026-07-04,CD-PE,P5,2656,339,0,2026-06-21
2026-07-05,CD-SP,P1,3380,7446,0,2026-06-28
2026-07-05,CD-SP,P2,13684,4548,0,2026-06-28
2026-07-05,CD-SP,P3,5,1156,0,2026-06-18
2026-07-05,CD-SP,P4,6,1777,0,2026-06-18
2026-07-05,CD-SP,P5,48,670,0,2026-06-21
2026-07-05,CD-PR,P1,8979,3546,0,2026-06-23
2026-07-05,CD-PR,P2,8440,2166,0,2026-06-23
2026-07-05,CD-PR,P3,2570,551,0,2026-06-19
2026-07-05,CD-PR,P4,15,846,0,2026-06-12
2026-07-05,CD-PR,P5,1200,319,0,2026-06-23
2026-07-05,CD-GO,P1,12056,2722,0,2026-06-21
2026-07-05,CD-GO,P2,8520,1663,0,2026-06-21
2026-07-05,CD-GO,P3,767,423,0,2026-06-13
2026-07-05,CD-GO,P4,30,650,0,2026-06-13
2026-07-05,CD-GO,P5,1566,245,0,2026-06-27
2026-07-05,CD-PE,P1,22113,3764,0,2026-06-18
2026-07-05,CD-PE,P2,14676,2299,0,2026-06-18
2026-07-05,CD-PE,P3,1975,585,0,2026-06-21
2026-07-05,CD-PE,P4,15,898,0,2026-06-15
2026-07-05,CD-PE,P5,2656,339,0,2026-06-21
2026-07-06,CD-SP,P1,55,7446,67900,2026-06-28
2026-07-06,CD-SP,P2,9864,4548,30600,2026-06-28
2026-07-06,CD-SP,P3,5,1156,11700,2026-06-18
2026-07-06,CD-SP,P4,6,1777,17700,2026-06-18
2026-07-06,CD-SP,P5,48,670,7500,2026-06-21
2026-07-06,CD-PR,P1,6910,3546,36400,2026-06-23
2026-07-06,CD-PR,P2,5550,2166,19800,2026-06-23
2026-07-06,CD-PR,P3,1292,551,5100,2026-06-19
2026-07-06,CD-PR,P4,15,846,11400,2026-06-12
2026-07-06,CD-PR,P5,1075,319,3500,2026-06-23
2026-07-06,CD-GO,P1,10367,2722,22400,2026-06-21
2026-07-06,CD-GO,P2,7756,1663,13050,2026-06-21
2026-07-06,CD-GO,P3,344,423,5100,2026-06-13
2026-07-06,CD-GO,P4,18,650,8700,2026-06-13
2026-07-06,CD-GO,P5,1548,245,2000,2026-06-27
2026-07-06,CD-PE,P1,17300,3764,32200,2026-06-18
2026-07-06,CD-PE,P2,12912,2299,22950,2026-06-18
2026-07-06,CD-PE,P3,946,585,8100,2026-06-21
2026-07-06,CD-PE,P4,15,898,15000,2026-06-15
2026-07-06,CD-PE,P5,1822,339,3500,2026-06-21
2026-07-07,CD-SP,P1,55,7446,67900,2026-06-28
2026-07-07,CD-SP,P2,5678,4548,30600,2026-06-28
2026-07-07,CD-SP,P3,5,1156,11700,2026-06-18
2026-07-07,CD-SP,P4,6,1777,17700,2026-06-18
2026-07-07,CD-SP,P5,48,670,7500,2026-06-21
2026-07-07,CD-PR,P1,3399,3547,36400,2026-06-23
2026-07-07,CD-PR,P2,3122,2166,19800,2026-06-23
2026-07-07,CD-PR,P3,551,551,5100,2026-06-19
2026-07-07,CD-PR,P4,15,846,11400,2026-06-12
2026-07-07,CD-PR,P5,914,319,3500,2026-06-23
2026-07-07,CD-GO,P1,9254,2723,22400,2026-06-21
2026-07-07,CD-GO,P2,6098,1663,13050,2026-06-21
2026-07-07,CD-GO,P3,14,423,5100,2026-06-13
2026-07-07,CD-GO,P4,6,650,8700,2026-06-13
2026-07-07,CD-GO,P5,863,245,2000,2026-06-27
2026-07-07,CD-PE,P1,9299,3766,32200,2026-06-18
2026-07-07,CD-PE,P2,11614,2300,22950,2026-06-18
2026-07-07,CD-PE,P3,547,585,8100,2026-06-21
2026-07-07,CD-PE,P4,15,899,15000,2026-06-15
2026-07-07,CD-PE,P5,661,339,3500,2026-06-21
2026-07-08,CD-SP,P1,13,7446,67900,2026-06-28
2026-07-08,CD-SP,P2,3380,4548,30600,2026-06-28
2026-07-08,CD-SP,P3,5,1156,11700,2026-06-18
2026-07-08,CD-SP,P4,6,1777,17700,2026-06-18
2026-07-08,CD-SP,P5,12,670,7500,2026-06-21
2026-07-08,CD-PR,P1,811,3547,36400,2026-06-23
2026-07-08,CD-PR,P2,1872,2166,19800,2026-06-23
2026-07-08,CD-PR,P3,14,551,5100,2026-06-19
2026-07-08,CD-PR,P4,15,846,11400,2026-06-12
2026-07-08,CD-PR,P5,396,319,3500,2026-06-23
2026-07-08,CD-GO,P1,3342,2724,22400,2026-06-21
2026-07-08,CD-GO,P2,5896,1664,13050,2026-06-21
2026-07-08,CD-GO,P3,2,423,5100,2026-06-13
2026-07-08,CD-GO,P4,0,650,8700,2026-06-13
2026-07-08,CD-GO,P5,59,245,2000,2026-06-27
2026-07-08,CD-PE,P1,3006,3768,32200,2026-06-18
2026-07-08,CD-PE,P2,10376,2301,22950,2026-06-18
2026-07-08,CD-PE,P3,22,585,8100,2026-06-21
2026-07-08,CD-PE,P4,3,899,15000,2026-06-15
2026-07-08,CD-PE,P5,637,339,3500,2026-06-21
2026-07-09,CD-SP,P1,66761,7446,0,2026-07-09
2026-07-09,CD-SP,P2,33772,4548,0,2026-07-09
2026-07-09,CD-SP,P3,9641,1156,0,2026-07-09
2026-07-09,CD-SP,P4,6684,1777,0,2026-07-09
2026-07-09,CD-SP,P5,12,670,7500,2026-06-21
2026-07-09,CD-PR,P1,33,3547,36400,2026-06-23
2026-07-09,CD-PR,P2,640,2167,19800,2026-06-23
2026-07-09,CD-PR,P3,14,551,5100,2026-06-19
2026-07-09,CD-PR,P4,15,847,11400,2026-06-12
2026-07-09,CD-PR,P5,241,319,3500,2026-06-23
2026-07-09,CD-GO,P1,2184,2724,22400,2026-06-21
2026-07-09,CD-GO,P2,4250,1664,13050,2026-06-21
2026-07-09,CD-GO,P3,2,423,5100,2026-06-13
2026-07-09,CD-GO,P4,0,650,8700,2026-06-13
2026-07-09,CD-GO,P5,35,245,2000,2026-06-27
2026-07-09,CD-PE,P1,33348,3769,0,2026-07-09
2026-07-09,CD-PE,P2,31970,2302,0,2026-07-09
2026-07-09,CD-PE,P3,22,585,8100,2026-06-21
2026-07-09,CD-PE,P4,3,899,15000,2026-06-15
2026-07-09,CD-PE,P5,3994,339,0,2026-07-09
2026-07-10,CD-SP,P1,63956,7821,0,2026-07-09
2026-07-10,CD-SP,P2,31966,4777,0,2026-07-09
2026-07-10,CD-SP,P3,8345,1215,0,2026-07-09
2026-07-10,CD-SP,P4,5625,1866,0,2026-07-09
2026-07-10,CD-SP,P5,12,704,7500,2026-06-21
2026-07-10,CD-PR,P1,35293,3548,0,2026-07-10
2026-07-10,CD-PR,P2,19238,2167,0,2026-07-10
2026-07-10,CD-PR,P3,4991,551,0,2026-07-10
2026-07-10,CD-PR,P4,10530,847,0,2026-07-10
2026-07-10,CD-PR,P5,229,319,3500,2026-06-23
2026-07-10,CD-GO,P1,1937,2725,22400,2026-06-21
2026-07-10,CD-GO,P2,4054,1664,13050,2026-06-21
2026-07-10,CD-GO,P3,2,423,5100,2026-06-13
2026-07-10,CD-GO,P4,0,650,8700,2026-06-13
2026-07-10,CD-GO,P5,23,245,2000,2026-06-27
2026-07-10,CD-PE,P1,31472,3771,0,2026-07-09
2026-07-10,CD-PE,P2,30756,2303,0,2026-07-09
2026-07-10,CD-PE,P3,4,586,8100,2026-06-21
2026-07-10,CD-PE,P4,3,900,15000,2026-06-15
2026-07-10,CD-PE,P5,3315,339,0,2026-07-09
2026-07-11,CD-SP,P1,63956,7821,0,2026-07-09
2026-07-11,CD-SP,P2,31966,4777,0,2026-07-09
2026-07-11,CD-SP,P3,8345,1215,0,2026-07-09
2026-07-11,CD-SP,P4,5475,1866,0,2026-07-09
2026-07-11,CD-SP,P5,12,704,7500,2026-06-21
2026-07-11,CD-PR,P1,35293,3548,0,2026-07-10
2026-07-11,CD-PR,P2,19238,2167,0,2026-07-10
2026-07-11,CD-PR,P3,4991,551,0,2026-07-10
2026-07-11,CD-PR,P4,10506,847,0,2026-07-10
2026-07-11,CD-PR,P5,229,319,3500,2026-06-23
2026-07-11,CD-GO,P1,23637,2725,0,2026-07-11
2026-07-11,CD-GO,P2,17104,1665,0,2026-07-11
2026-07-11,CD-GO,P3,5102,423,0,2026-07-11
2026-07-11,CD-GO,P4,8700,650,0,2026-07-11
2026-07-11,CD-GO,P5,23,245,2000,2026-06-27
2026-07-11,CD-PE,P1,31472,3772,0,2026-07-09
2026-07-11,CD-PE,P2,30756,2304,0,2026-07-09
2026-07-11,CD-PE,P3,4,586,8100,2026-06-21
2026-07-11,CD-PE,P4,3,900,15000,2026-06-15
2026-07-11,CD-PE,P5,3315,339,0,2026-07-09
2026-07-12,CD-SP,P1,63956,7821,0,2026-07-09
2026-07-12,CD-SP,P2,31966,4777,0,2026-07-09
2026-07-12,CD-SP,P3,8345,1215,0,2026-07-09
2026-07-12,CD-SP,P4,5475,1866,0,2026-07-09
2026-07-12,CD-SP,P5,7512,704,0,2026-07-12
2026-07-12,CD-PR,P1,35293,3548,0,2026-07-10
2026-07-12,CD-PR,P2,19238,2167,0,2026-07-10
2026-07-12,CD-PR,P3,4991,551,0,2026-07-10
2026-07-12,CD-PR,P4,10506,847,0,2026-07-10
2026-07-12,CD-PR,P5,229,319,3500,2026-06-23
2026-07-12,CD-GO,P1,23637,2725,0,2026-07-11
2026-07-12,CD-GO,P2,17104,1665,0,2026-07-11
2026-07-12,CD-GO,P3,5102,423,0,2026-07-11
2026-07-12,CD-GO,P4,8700,650,0,2026-07-11
2026-07-12,CD-GO,P5,2023,245,0,2026-07-12
2026-07-12,CD-PE,P1,31472,3772,0,2026-07-09
2026-07-12,CD-PE,P2,30756,2304,0,2026-07-09
2026-07-12,CD-PE,P3,4,586,8100,2026-06-21
2026-07-12,CD-PE,P4,3,900,15000,2026-06-15
2026-07-12,CD-PE,P5,3315,339,0,2026-07-09
2026-07-13,CD-SP,P1,60156,7821,10500,2026-07-09
2026-07-13,CD-SP,P2,30170,4777,14850,2026-07-09
2026-07-13,CD-SP,P3,7904,1215,4200,2026-07-09
2026-07-13,CD-SP,P4,3762,1866,13200,2026-07-09
2026-07-13,CD-SP,P5,5678,704,0,2026-07-12
2026-07-13,CD-PR,P1,31975,3548,9800,2026-07-10
2026-07-13,CD-PR,P2,17954,2167,9000,2026-07-10
2026-07-13,CD-PR,P3,4574,551,2400,2026-07-10
2026-07-13,CD-PR,P4,9807,847,0,2026-07-10
2026-07-13,CD-PR,P5,74,319,4500,2026-06-23
2026-07-13,CD-GO,P1,22636,2725,11200,2026-07-11
2026-07-13,CD-GO,P2,16222,1665,4500,2026-07-11
2026-07-13,CD-GO,P3,4709,423,0,2026-07-11
2026-07-13,CD-GO,P4,8601,650,0,2026-07-11
2026-07-13,CD-GO,P5,1868,245,1500,2026-07-12
2026-07-13,CD-PE,P1,28673,3772,28700,2026-07-09
2026-07-13,CD-PE,P2,29500,2304,6750,2026-07-09
2026-07-13,CD-PE,P3,7675,586,0,2026-07-13
2026-07-13,CD-PE,P4,14898,900,0,2026-07-13
2026-07-13,CD-PE,P5,2636,339,3000,2026-07-09
2026-07-14,CD-SP,P1,53049,7821,10500,2026-07-09
2026-07-14,CD-SP,P2,25926,4777,14850,2026-07-09
2026-07-14,CD-SP,P3,7319,1215,4200,2026-07-09
2026-07-14,CD-SP,P4,2541,1866,13200,2026-07-09
2026-07-14,CD-SP,P5,5017,704,0,2026-07-12
2026-07-14,CD-PR,P1,30829,3548,9800,2026-07-10
2026-07-14,CD-PR,P2,16644,2167,9000,2026-07-10
2026-07-14,CD-PR,P3,4157,551,2400,2026-07-10
2026-07-14,CD-PR,P4,9315,847,0,2026-07-10
2026-07-14,CD-PR,P5,3556,319,1000,2026-07-14
2026-07-14,CD-GO,P1,19716,2726,11200,2026-07-11
2026-07-14,CD-GO,P2,15096,1665,4500,2026-07-11
2026-07-14,CD-GO,P3,4280,423,0,2026-07-11
2026-07-14,CD-GO,P4,8127,650,0,2026-07-11
2026-07-14,CD-GO,P5,1850,245,1500,2026-07-12
2026-07-14,CD-PE,P1,26109,3774,28700,2026-07-09
2026-07-14,CD-PE,P2,27706,2305,6750,2026-07-09
2026-07-14,CD-PE,P3,6958,586,0,2026-07-13
2026-07-14,CD-PE,P4,14112,901,0,2026-07-13
2026-07-14,CD-PE,P5,2618,339,3000,2026-07-09
2026-07-15,CD-SP,P1,48387,7821,10500,2026-07-09
2026-07-15,CD-SP,P2,22662,4777,14850,2026-07-09
2026-07-15,CD-SP,P3,6086,1215,4200,2026-07-09
2026-07-15,CD-SP,P4,1338,1866,13200,2026-07-09
2026-07-15,CD-SP,P5,4832,704,0,2026-07-12
2026-07-15,CD-PR,P1,28066,3549,9800,2026-07-10
2026-07-15,CD-PR,P2,14944,2168,9000,2026-07-10
2026-07-15,CD-PR,P3,4040,551,2400,2026-07-10
2026-07-15,CD-PR,P4,8511,847,0,2026-07-10
2026-07-15,CD-PR,P5,3377,319,1000,2026-07-14
2026-07-15,CD-GO,P1,19427,2727,11200,2026-07-11
2026-07-15,CD-GO,P2,13196,1665,4500,2026-07-11
2026-07-15,CD-GO,P3,4175,423,0,2026-07-11
2026-07-15,CD-GO,P4,7092,651,0,2026-07-11
2026-07-15,CD-GO,P5,1832,245,1500,2026-07-12
2026-07-15,CD-PE,P1,24034,3775,28700,2026-07-09
2026-07-15,CD-PE,P2,26462,2306,6750,2026-07-09
2026-07-15,CD-PE,P3,6841,586,0,2026-07-13
2026-07-15,CD-PE,P4,13689,901,0,2026-07-13
2026-07-15,CD-PE,P5,2487,340,3000,2026-07-09
2026-07-16,CD-SP,P1,53916,7821,0,2026-07-16
2026-07-16,CD-SP,P2,35048,4777,0,2026-07-16
2026-07-16,CD-SP,P3,9458,1215,0,2026-07-16
2026-07-16,CD-SP,P4,13035,1866,0,2026-07-16
2026-07-16,CD-SP,P5,3659,704,0,2026-07-12
2026-07-16,CD-PR,P1,26178,3549,9800,2026-07-10
2026-07-16,CD-PR,P2,13476,2168,9000,2026-07-10
2026-07-16,CD-PR,P3,3242,551,2400,2026-07-10
2026-07-16,CD-PR,P4,8100,847,0,2026-07-10
2026-07-16,CD-PR,P5,3365,319,1000,2026-07-14
2026-07-16,CD-GO,P1,17575,2727,11200,2026-07-11
2026-07-16,CD-GO,P2,12550,1666,4500,2026-07-11
2026-07-16,CD-GO,P3,4151,424,0,2026-07-11
2026-07-16,CD-GO,P4,7062,651,0,2026-07-11
2026-07-16,CD-GO,P5,1808,245,1500,2026-07-12
2026-07-16,CD-PE,P1,50122,3777,0,2026-07-16
2026-07-16,CD-PE,P2,31992,2307,0,2026-07-16
2026-07-16,CD-PE,P3,6043,587,0,2026-07-13
2026-07-16,CD-PE,P4,13290,901,0,2026-07-13
2026-07-16,CD-PE,P5,4969,340,0,2026-07-16
2026-07-17,CD-SP,P1,49687,7821,0,2026-07-16
2026-07-17,CD-SP,P2,33094,4777,0,2026-07-16
2026-07-17,CD-SP,P3,9023,1215,0,2026-07-16
2026-07-17,CD-SP,P4,12231,1866,0,2026-07-16
2026-07-17,CD-SP,P5,3504,704,0,2026-07-12
2026-07-17,CD-PR,P1,33420,3549,700,2026-07-17
2026-07-17,CD-PR,P2,21386,2168,0,2026-07-17
2026-07-17,CD-PR,P3,5324,551,0,2026-07-17
2026-07-17,CD-PR,P4,8007,847,0,2026-07-10
2026-07-17,CD-PR,P5,2716,319,1000,2026-07-14
2026-07-17,CD-GO,P1,16109,2728,11200,2026-07-11
2026-07-17,CD-GO,P2,12046,1666,4500,2026-07-11
2026-07-17,CD-GO,P3,3377,424,0,2026-07-11
2026-07-17,CD-GO,P4,6888,651,0,2026-07-11
2026-07-17,CD-GO,P5,1671,245,1500,2026-07-12
2026-07-17,CD-PE,P1,48258,3778,0,2026-07-16
2026-07-17,CD-PE,P2,30802,2308,0,2026-07-16
2026-07-17,CD-PE,P3,5938,587,0,2026-07-13
2026-07-17,CD-PE,P4,12810,902,0,2026-07-13
2026-07-17,CD-PE,P5,4969,340,0,2026-07-16
2026-07-18,CD-SP,P1,49687,7821,0,2026-07-16
2026-07-18,CD-SP,P2,33094,4777,0,2026-07-16
2026-07-18,CD-SP,P3,9023,1215,0,2026-07-16
2026-07-18,CD-SP,P4,12231,1866,0,2026-07-16
2026-07-18,CD-SP,P5,3504,704,0,2026-07-12
2026-07-18,CD-PR,P1,33420,3550,700,2026-07-17
2026-07-18,CD-PR,P2,21386,2168,0,2026-07-17
2026-07-18,CD-PR,P3,5324,551,0,2026-07-17
2026-07-18,CD-PR,P4,7707,847,0,2026-07-10
2026-07-18,CD-PR,P5,2716,319,1000,2026-07-14
2026-07-18,CD-GO,P1,27134,2728,0,2026-07-18
2026-07-18,CD-GO,P2,12384,1666,4050,2026-07-18
2026-07-18,CD-GO,P3,3377,424,0,2026-07-11
2026-07-18,CD-GO,P4,6888,651,0,2026-07-11
2026-07-18,CD-GO,P5,1671,245,1500,2026-07-12
2026-07-18,CD-PE,P1,48258,3779,0,2026-07-16
2026-07-18,CD-PE,P2,30802,2308,0,2026-07-16
2026-07-18,CD-PE,P3,5938,587,0,2026-07-13
2026-07-18,CD-PE,P4,12804,902,0,2026-07-13
2026-07-18,CD-PE,P5,4957,340,0,2026-07-16
2026-07-19,CD-SP,P1,49687,7821,0,2026-07-16
2026-07-19,CD-SP,P2,33094,4777,0,2026-07-16
2026-07-19,CD-SP,P3,9023,1215,0,2026-07-16
2026-07-19,CD-SP,P4,12231,1866,0,2026-07-16
2026-07-19,CD-SP,P5,3504,704,0,2026-07-12
2026-07-19,CD-PR,P1,33420,3550,700,2026-07-17
2026-07-19,CD-PR,P2,21386,2168,0,2026-07-17
2026-07-19,CD-PR,P3,5324,551,0,2026-07-17
2026-07-19,CD-PR,P4,7707,847,0,2026-07-10
2026-07-19,CD-PR,P5,2716,319,1000,2026-07-14
2026-07-19,CD-GO,P1,27134,2728,0,2026-07-18
2026-07-19,CD-GO,P2,12384,1666,4050,2026-07-18
2026-07-19,CD-GO,P3,3377,424,0,2026-07-11
2026-07-19,CD-GO,P4,6888,651,0,2026-07-11
2026-07-19,CD-GO,P5,3171,245,0,2026-07-19
2026-07-19,CD-PE,P1,48258,3779,0,2026-07-16
2026-07-19,CD-PE,P2,30802,2308,0,2026-07-16
2026-07-19,CD-PE,P3,5938,587,0,2026-07-13
2026-07-19,CD-PE,P4,12804,902,0,2026-07-13
2026-07-19,CD-PE,P5,4957,340,0,2026-07-16
2026-07-20,CD-SP,P1,43316,7821,25200,2026-07-16
2026-07-20,CD-SP,P2,31974,4777,9000,2026-07-16
2026-07-20,CD-SP,P3,8090,1215,0,2026-07-16
2026-07-20,CD-SP,P4,10113,1866,0,2026-07-16
2026-07-20,CD-SP,P5,3468,704,4500,2026-07-12
2026-07-20,CD-PR,P1,31616,3550,700,2026-07-17
2026-07-20,CD-PR,P2,19568,2168,0,2026-07-17
2026-07-20,CD-PR,P3,5213,551,0,2026-07-17
2026-07-20,CD-PR,P4,6984,847,0,2026-07-10
2026-07-20,CD-PR,P5,2037,319,1000,2026-07-14
2026-07-20,CD-GO,P1,25252,2728,0,2026-07-18
2026-07-20,CD-GO,P2,12182,1666,4050,2026-07-18
2026-07-20,CD-GO,P3,3341,424,0,2026-07-11
2026-07-20,CD-GO,P4,6483,651,0,2026-07-11
2026-07-20,CD-GO,P5,3147,245,0,2026-07-19
2026-07-20,CD-PE,P1,46702,3779,0,2026-07-16
2026-07-20,CD-PE,P2,28818,2308,0,2026-07-16
2026-07-20,CD-PE,P3,5527,587,0,2026-07-13
2026-07-20,CD-PE,P4,12087,902,0,2026-07-13
2026-07-20,CD-PE,P5,4945,340,0,2026-07-16
2026-07-21,CD-SP,P1,37791,7821,25200,2026-07-16
2026-07-21,CD-SP,P2,28250,4777,9000,2026-07-16
2026-07-21,CD-SP,P3,6782,1215,0,2026-07-16
2026-07-21,CD-SP,P4,8598,1866,0,2026-07-16
2026-07-21,CD-SP,P5,2795,704,4500,2026-07-12
2026-07-21,CD-PR,P1,30362,3550,0,2026-07-21
2026-07-21,CD-PR,P2,17732,2168,0,2026-07-17
2026-07-21,CD-PR,P3,4802,551,0,2026-07-17
2026-07-21,CD-PR,P4,6561,847,0,2026-07-10
2026-07-21,CD-PR,P5,2876,319,0,2026-07-21
2026-07-21,CD-GO,P1,23895,2729,0,2026-07-18
2026-07-21,CD-GO,P2,9808,1667,4050,2026-07-18
2026-07-21,CD-GO,P3,2948,424,0,2026-07-11
2026-07-21,CD-GO,P4,6078,651,0,2026-07-11
2026-07-21,CD-GO,P5,2504,245,0,2026-07-19
2026-07-21,CD-PE,P1,42672,3781,0,2026-07-16
2026-07-21,CD-PE,P2,27124,2309,0,2026-07-16
2026-07-21,CD-PE,P3,5098,587,0,2026-07-13
2026-07-21,CD-PE,P4,11295,902,0,2026-07-13
2026-07-21,CD-PE,P5,4272,340,0,2026-07-16
2026-07-22,CD-SP,P1,33019,7821,25200,2026-07-16
2026-07-22,CD-SP,P2,24766,4777,9000,2026-07-16
2026-07-22,CD-SP,P3,5972,1215,0,2026-07-16
2026-07-22,CD-SP,P4,7284,1866,0,2026-07-16
2026-07-22,CD-SP,P5,2128,704,4500,2026-07-12
2026-07-22,CD-PR,P1,25952,3550,0,2026-07-21
2026-07-22,CD-PR,P2,16364,2169,0,2026-07-17
2026-07-22,CD-PR,P3,4397,551,0,2026-07-17
2026-07-22,CD-PR,P4,6075,847,0,2026-07-10
2026-07-22,CD-PR,P5,2352,319,0,2026-07-21
2026-07-22,CD-GO,P1,22918,2729,0,2026-07-18
2026-07-22,CD-GO,P2,8470,1667,4050,2026-07-18
2026-07-22,CD-GO,P3,2618,424,0,2026-07-11
2026-07-22,CD-GO,P4,5361,651,0,2026-07-11
2026-07-22,CD-GO,P5,2492,246,0,2026-07-19
2026-07-22,CD-PE,P1,40922,3783,0,2026-07-16
2026-07-22,CD-PE,P2,25762,2311,0,2026-07-16
2026-07-22,CD-PE,P3,4723,587,0,2026-07-13
2026-07-22,CD-PE,P4,10479,903,0,2026-07-13
2026-07-22,CD-PE,P5,4129,340,0,2026-07-16
2026-07-23,CD-SP,P1,28549,7821,25200,2026-07-16
2026-07-23,CD-SP,P2,20758,4777,9000,2026-07-16
2026-07-23,CD-SP,P3,5126,1215,0,2026-07-16
2026-07-23,CD-SP,P4,5589,1866,0,2026-07-16
2026-07-23,CD-SP,P5,1955,704,4500,2026-07-12
2026-07-23,CD-PR,P1,24052,3551,0,2026-07-21
2026-07-23,CD-PR,P2,15144,2169,0,2026-07-17
2026-07-23,CD-PR,P3,4286,551,0,2026-07-17
2026-07-23,CD-PR,P4,5283,847,0,2026-07-10
2026-07-23,CD-PR,P5,2191,319,0,2026-07-21
2026-07-23,CD-GO,P1,21102,2730,0,2026-07-18
2026-07-23,CD-GO,P2,12336,1668,0,2026-07-23
2026-07-23,CD-GO,P3,2432,424,0,2026-07-11
2026-07-23,CD-GO,P4,5187,651,0,2026-07-11
2026-07-23,CD-GO,P5,2480,246,0,2026-07-19
2026-07-23,CD-PE,P1,38944,3784,0,2026-07-16
2026-07-23,CD-PE,P2,23938,2311,0,2026-07-16
2026-07-23,CD-PE,P3,4582,588,0,2026-07-13
2026-07-23,CD-PE,P4,10050,903,0,2026-07-13
2026-07-23,CD-PE,P5,4111,340,0,2026-07-16
2026-07-24,CD-SP,P1,25672,7821,25200,2026-07-16
2026-07-24,CD-SP,P2,18454,4777,9000,2026-07-16
2026-07-24,CD-SP,P3,4505,1215,0,2026-07-16
2026-07-24,CD-SP,P4,4539,1866,0,2026-07-16
2026-07-24,CD-SP,P5,1800,704,4500,2026-07-12
2026-07-24,CD-PR,P1,22272,3551,0,2026-07-21
2026-07-24,CD-PR,P2,13936,2169,0,2026-07-17
2026-07-24,CD-PR,P3,3893,552,0,2026-07-17
2026-07-24,CD-PR,P4,4878,847,0,2026-07-10
2026-07-24,CD-PR,P5,1536,319,0,2026-07-21
2026-07-24,CD-GO,P1,20119,2731,0,2026-07-18
2026-07-24,CD-GO,P2,11838,1668,0,2026-07-23
2026-07-24,CD-GO,P3,2420,424,0,2026-07-11
2026-07-24,CD-GO,P4,4863,652,0,2026-07-11
2026-07-24,CD-GO,P5,1843,246,0,2026-07-19
2026-07-24,CD-PE,P1,37092,3786,0,2026-07-16
2026-07-24,CD-PE,P2,22718,2312,0,2026-07-16
2026-07-24,CD-PE,P3,3877,588,0,2026-07-13
2026-07-24,CD-PE,P4,9264,903,0,2026-07-13
2026-07-24,CD-PE,P5,4105,341,0,2026-07-16
2026-07-25,CD-SP,P1,25672,7821,25200,2026-07-16
2026-07-25,CD-SP,P2,18454,4777,9000,2026-07-16
2026-07-25,CD-SP,P3,4205,1215,0,2026-07-16
2026-07-25,CD-SP,P4,4479,1866,0,2026-07-16
2026-07-25,CD-SP,P5,1800,704,4500,2026-07-12
2026-07-25,CD-PR,P1,22194,3551,0,2026-07-21
2026-07-25,CD-PR,P2,13936,2169,0,2026-07-17
2026-07-25,CD-PR,P3,3893,552,0,2026-07-17
2026-07-25,CD-PR,P4,4878,848,0,2026-07-10
2026-07-25,CD-PR,P5,1536,319,0,2026-07-21
2026-07-25,CD-GO,P1,20119,2731,0,2026-07-18
2026-07-25,CD-GO,P2,11838,1668,0,2026-07-23
2026-07-25,CD-GO,P3,2420,424,0,2026-07-11
2026-07-25,CD-GO,P4,4863,652,0,2026-07-11
2026-07-25,CD-GO,P5,1843,246,0,2026-07-19
2026-07-25,CD-PE,P1,37092,3787,0,2026-07-16
2026-07-25,CD-PE,P2,22718,2313,0,2026-07-16
2026-07-25,CD-PE,P3,3877,588,0,2026-07-13
2026-07-25,CD-PE,P4,9264,904,0,2026-07-13
2026-07-25,CD-PE,P5,4105,341,0,2026-07-16
2026-07-26,CD-SP,P1,25672,7821,25200,2026-07-16
2026-07-26,CD-SP,P2,27454,4777,0,2026-07-26
2026-07-26,CD-SP,P3,4205,1215,0,2026-07-16
2026-07-26,CD-SP,P4,4479,1866,0,2026-07-16
2026-07-26,CD-SP,P5,6300,704,0,2026-07-26
2026-07-26,CD-PR,P1,22194,3551,0,2026-07-21
2026-07-26,CD-PR,P2,13936,2169,0,2026-07-17
2026-07-26,CD-PR,P3,3893,552,0,2026-07-17
2026-07-26,CD-PR,P4,4878,848,0,2026-07-10
2026-07-26,CD-PR,P5,1536,319,0,2026-07-21
2026-07-26,CD-GO,P1,20119,2731,0,2026-07-18
2026-07-26,CD-GO,P2,11838,1668,0,2026-07-23
2026-07-26,CD-GO,P3,2420,424,0,2026-07-11
2026-07-26,CD-GO,P4,4863,652,0,2026-07-11
2026-07-26,CD-GO,P5,1843,246,0,2026-07-19
2026-07-26,CD-PE,P1,37092,3787,0,2026-07-16
2026-07-26,CD-PE,P2,22718,2313,0,2026-07-16
2026-07-26,CD-PE,P3,3877,588,0,2026-07-13
2026-07-26,CD-PE,P4,9264,904,0,2026-07-13
2026-07-26,CD-PE,P5,4105,341,0,2026-07-16
2026-07-27,CD-SP,P1,20189,7821,25200,2026-07-16
2026-07-27,CD-SP,P2,25582,4777,0,2026-07-26
2026-07-27,CD-SP,P3,3671,1215,0,2026-07-16
2026-07-27,CD-SP,P4,3264,1866,0,2026-07-16
2026-07-27,CD-SP,P5,5109,704,0,2026-07-26
2026-07-27,CD-PR,P1,19678,3551,0,2026-07-21
2026-07-27,CD-PR,P2,12124,2169,0,2026-07-17
2026-07-27,CD-PR,P3,3539,552,0,2026-07-17
2026-07-27,CD-PR,P4,4425,848,0,2026-07-10
2026-07-27,CD-PR,P5,1524,319,0,2026-07-21
2026-07-27,CD-GO,P1,18424,2731,0,2026-07-18
2026-07-27,CD-GO,P2,11192,1668,0,2026-07-23
2026-07-27,CD-GO,P3,2315,424,0,2026-07-11
2026-07-27,CD-GO,P4,4458,652,0,2026-07-11
2026-07-27,CD-GO,P5,1819,246,0,2026-07-19
2026-07-27,CD-PE,P1,34492,3787,0,2026-07-16
2026-07-27,CD-PE,P2,20894,2313,0,2026-07-16
2026-07-27,CD-PE,P3,3760,588,0,2026-07-13
2026-07-27,CD-PE,P4,8478,904,0,2026-07-13
2026-07-27,CD-PE,P5,3456,341,0,2026-07-16
2026-07-28,CD-SP,P1,13330,7821,25200,2026-07-16
2026-07-28,CD-SP,P2,22738,4777,0,2026-07-26
2026-07-28,CD-SP,P3,2543,1215,0,2026-07-16
2026-07-28,CD-SP,P4,1251,1866,0,2026-07-16
2026-07-28,CD-SP,P5,4930,704,0,2026-07-26
2026-07-28,CD-PR,P1,17519,3552,0,2026-07-21
2026-07-28,CD-PR,P2,10294,2169,0,2026-07-17
2026-07-28,CD-PR,P3,2942,552,0,2026-07-17
2026-07-28,CD-PR,P4,3264,848,0,2026-07-10
2026-07-28,CD-PR,P5,1518,320,0,2026-07-21
2026-07-28,CD-GO,P1,17097,2732,0,2026-07-18
2026-07-28,CD-GO,P2,9748,1669,0,2026-07-23
2026-07-28,CD-GO,P3,1979,424,0,2026-07-11
2026-07-28,CD-GO,P4,4296,652,0,2026-07-11
2026-07-28,CD-GO,P5,1640,246,0,2026-07-19
2026-07-28,CD-PE,P1,32411,3789,0,2026-07-16
2026-07-28,CD-PE,P2,19964,2314,0,2026-07-16
2026-07-28,CD-PE,P3,3250,588,0,2026-07-13
2026-07-28,CD-PE,P4,8373,904,0,2026-07-13
2026-07-28,CD-PE,P5,3444,341,0,2026-07-16
2026-07-29,CD-SP,P1,31526,7821,0,2026-07-29
2026-07-29,CD-SP,P2,19524,4777,0,2026-07-26
2026-07-29,CD-SP,P3,1592,1215,0,2026-07-16
2026-07-29,CD-SP,P4,18,1866,0,2026-07-16
2026-07-29,CD-SP,P5,4251,704,0,2026-07-26
2026-07-29,CD-PR,P1,14762,3552,0,2026-07-21
2026-07-29,CD-PR,P2,9164,2170,0,2026-07-17
2026-07-29,CD-PR,P3,2300,552,0,2026-07-17
2026-07-29,CD-PR,P4,2853,848,0,2026-07-10
2026-07-29,CD-PR,P5,857,320,0,2026-07-21
2026-07-29,CD-GO,P1,14545,2732,0,2026-07-18
2026-07-29,CD-GO,P2,8640,1669,0,2026-07-23
2026-07-29,CD-GO,P3,1493,424,0,2026-07-11
2026-07-29,CD-GO,P4,3636,652,0,2026-07-11
2026-07-29,CD-GO,P5,1134,246,0,2026-07-19
2026-07-29,CD-PE,P1,29961,3790,0,2026-07-16
2026-07-29,CD-PE,P2,18412,2315,0,2026-07-16
2026-07-29,CD-PE,P3,2539,589,0,2026-07-13
2026-07-29,CD-PE,P4,7062,905,0,2026-07-13
2026-07-29,CD-PE,P5,2819,341,0,2026-07-16
2026-07-30,CD-SP,P1,28655,7821,0,2026-07-29
2026-07-30,CD-SP,P2,17670,4777,0,2026-07-26
2026-07-30,CD-SP,P3,1076,1215,0,2026-07-16
2026-07-30,CD-SP,P4,0,1866,0,2026-07-16
2026-07-30,CD-SP,P5,3596,704,0,2026-07-26
2026-07-30,CD-PR,P1,12892,3553,0,2026-07-21
2026-07-30,CD-PR,P2,7818,2170,0,2026-07-17
2026-07-30,CD-PR,P3,1775,552,0,2026-07-17
2026-07-30,CD-PR,P4,2448,848,0,2026-07-10
2026-07-30,CD-PR,P5,839,320,0,2026-07-21
2026-07-30,CD-GO,P1,13598,2733,0,2026-07-18
2026-07-30,CD-GO,P2,7870,1669,0,2026-07-23
2026-07-30,CD-GO,P3,1382,424,0,2026-07-11
2026-07-30,CD-GO,P4,3174,652,0,2026-07-11
2026-07-30,CD-GO,P5,616,246,0,2026-07-19
2026-07-30,CD-PE,P1,27953,3792,0,2026-07-16
2026-07-30,CD-PE,P2,16648,2316,0,2026-07-16
2026-07-30,CD-PE,P3,2509,589,0,2026-07-13
2026-07-30,CD-PE,P4,5106,905,0,2026-07-13
2026-07-30,CD-PE,P5,2795,341,0,2026-07-16
2026-07-31,CD-SP,P1,24431,7821,0,2026-07-29
2026-07-31,CD-SP,P2,15202,4777,0,2026-07-26
2026-07-31,CD-SP,P3,326,1215,0,2026-07-16
2026-07-31,CD-SP,P4,0,1866,0,2026-07-16
2026-07-31,CD-SP,P5,3441,704,0,2026-07-26
2026-07-31,CD-PR,P1,12096,3553,0,2026-07-21
2026-07-31,CD-PR,P2,7066,2170,0,2026-07-17
2026-07-31,CD-PR,P3,1697,552,0,2026-07-17
2026-07-31,CD-PR,P4,1962,848,0,2026-07-10
2026-07-31,CD-PR,P5,821,320,0,2026-07-21
2026-07-31,CD-GO,P1,12434,2734,0,2026-07-18
2026-07-31,CD-GO,P2,7136,1670,0,2026-07-23
2026-07-31,CD-GO,P3,1358,425,0,2026-07-11
2026-07-31,CD-GO,P4,3150,652,0,2026-07-11
2026-07-31,CD-GO,P5,479,246,0,2026-07-19
2026-07-31,CD-PE,P1,26113,3793,0,2026-07-16
2026-07-31,CD-PE,P2,15386,2317,0,2026-07-16
2026-07-31,CD-PE,P3,1717,589,0,2026-07-13
2026-07-31,CD-PE,P4,3585,905,0,2026-07-13
2026-07-31,CD-PE,P5,2616,341,0,2026-07-16
2026-08-01,CD-SP,P1,24263,7821,0,2026-07-29
2026-08-01,CD-SP,P2,15118,4777,0,2026-07-26
2026-08-01,CD-SP,P3,284,1215,0,2026-07-16
2026-08-01,CD-SP,P4,0,1866,0,2026-07-16
2026-08-01,CD-SP,P5,3441,704,0,2026-07-26
2026-08-01,CD-PR,P1,11221,3553,0,2026-07-21
2026-08-01,CD-PR,P2,6616,2170,0,2026-07-17
2026-08-01,CD-PR,P3,1697,552,0,2026-07-17
2026-08-01,CD-PR,P4,1962,848,0,2026-07-10
2026-08-01,CD-PR,P5,821,320,0,2026-07-21
2026-08-01,CD-GO,P1,12434,2734,0,2026-07-18
2026-08-01,CD-GO,P2,7136,1670,0,2026-07-23
2026-08-01,CD-GO,P3,1358,425,0,2026-07-11
2026-08-01,CD-GO,P4,3150,652,0,2026-07-11
2026-08-01,CD-GO,P5,479,246,0,2026-07-19
2026-08-01,CD-PE,P1,26113,3794,0,2026-07-16
2026-08-01,CD-PE,P2,15386,2318,0,2026-07-16
2026-08-01,CD-PE,P3,1717,589,0,2026-07-13
2026-08-01,CD-PE,P4,3585,905,0,2026-07-13
2026-08-01,CD-PE,P5,2616,341,0,2026-07-16
2026-08-02,CD-SP,P1,24263,7821,0,2026-07-29
2026-08-02,CD-SP,P2,15118,4777,0,2026-07-26
2026-08-02,CD-SP,P3,284,1215,0,2026-07-16
2026-08-02,CD-SP,P4,0,1866,0,2026-07-16
2026-08-02,CD-SP,P5,3441,704,0,2026-07-26
2026-08-02,CD-PR,P1,11221,3553,0,2026-07-21
2026-08-02,CD-PR,P2,6616,2170,0,2026-07-17
2026-08-02,CD-PR,P3,1697,552,0,2026-07-17
2026-08-02,CD-PR,P4,1962,848,0,2026-07-10
2026-08-02,CD-PR,P5,821,320,0,2026-07-21
2026-08-02,CD-GO,P1,12434,2734,0,2026-07-18
2026-08-02,CD-GO,P2,7136,1670,0,2026-07-23
2026-08-02,CD-GO,P3,1358,425,0,2026-07-11
2026-08-02,CD-GO,P4,3150,652,0,2026-07-11
2026-08-02,CD-GO,P5,479,246,0,2026-07-19
2026-08-02,CD-PE,P1,26113,3794,0,2026-07-16
2026-08-02,CD-PE,P2,15386,2318,0,2026-07-16
2026-08-02,CD-PE,P3,1717,589,0,2026-07-13
2026-08-02,CD-PE,P4,3585,905,0,2026-07-13
2026-08-02,CD-PE,P5,2616,341,0,2026-07-16
2026-08-03,CD-SP,P1,18677,7821,50400,2026-07-29
2026-08-03,CD-SP,P2,12346,4777,31500,2026-07-26
2026-08-03,CD-SP,P3,17,1215,12300,2026-07-16
2026-08-03,CD-SP,P4,0,1866,18600,2026-07-16
2026-08-03,CD-SP,P5,2756,704,4500,2026-07-26
2026-08-03,CD-PR,P1,9363,3553,34300,2026-07-21
2026-08-03,CD-PR,P2,4804,2170,21600,2026-07-17
2026-08-03,CD-PR,P3,887,552,5700,2026-07-17
2026-08-03,CD-PR,P4,1152,848,9300,2026-07-10
2026-08-03,CD-PR,P5,785,320,4000,2026-07-21
2026-08-03,CD-GO,P1,10371,2734,22400,2026-07-18
2026-08-03,CD-GO,P2,6414,1670,14400,2026-07-23
2026-08-03,CD-GO,P3,578,425,4500,2026-07-11
2026-08-03,CD-GO,P4,2865,652,5400,2026-07-11
2026-08-03,CD-GO,P5,443,246,3000,2026-07-19
2026-08-03,CD-PE,P1,23676,3794,34300,2026-07-16
2026-08-03,CD-PE,P2,13562,2318,15750,2026-07-16
2026-08-03,CD-PE,P3,928,589,8400,2026-07-13
2026-08-03,CD-PE,P4,2874,905,11400,2026-07-13
2026-08-03,CD-PE,P5,2592,341,3500,2026-07-16
2026-08-04,CD-SP,P1,12615,7821,50400,2026-07-29
2026-08-04,CD-SP,P2,9006,4777,31500,2026-07-26
2026-08-04,CD-SP,P3,17,1215,12300,2026-07-16
2026-08-04,CD-SP,P4,0,1866,18600,2026-07-16
2026-08-04,CD-SP,P5,2083,704,4500,2026-07-26
2026-08-04,CD-PR,P1,6582,3553,34300,2026-07-21
2026-08-04,CD-PR,P2,3566,2170,21600,2026-07-17
2026-08-04,CD-PR,P3,182,552,5700,2026-07-17
2026-08-04,CD-PR,P4,360,848,9300,2026-07-10
2026-08-04,CD-PR,P5,5,320,4000,2026-07-21
2026-08-04,CD-GO,P1,8483,2734,22400,2026-07-18
2026-08-04,CD-GO,P2,4696,1670,14400,2026-07-23
2026-08-04,CD-GO,P3,233,425,4500,2026-07-11
2026-08-04,CD-GO,P4,1722,652,5400,2026-07-11
2026-08-04,CD-GO,P5,306,246,3000,2026-07-19
2026-08-04,CD-PE,P1,21233,3794,34300,2026-07-16
2026-08-04,CD-PE,P2,12354,2318,15750,2026-07-16
2026-08-04,CD-PE,P3,253,589,8400,2026-07-13
2026-08-04,CD-PE,P4,1482,905,11400,2026-07-13
2026-08-04,CD-PE,P5,2443,341,3500,2026-07-16
2026-08-05,CD-SP,P1,6534,7821,50400,2026-07-29
2026-08-05,CD-SP,P2,6412,4777,31500,2026-07-26
2026-08-05,CD-SP,P3,17,1215,12300,2026-07-16
2026-08-05,CD-SP,P4,0,1908,18600,2026-07-16
2026-08-05,CD-SP,P5,1368,704,4500,2026-07-26
2026-08-05,CD-PR,P1,4766,3554,34300,2026-07-21
2026-08-05,CD-PR,P2,2790,2171,21600,2026-07-17
2026-08-05,CD-PR,P3,41,552,5700,2026-07-17
2026-08-05,CD-PR,P4,24,867,9300,2026-07-10
2026-08-05,CD-PR,P5,5,320,4000,2026-07-21
2026-08-05,CD-GO,P1,6800,2735,22400,2026-07-18
2026-08-05,CD-GO,P2,3920,1670,14400,2026-07-23
2026-08-05,CD-GO,P3,11,425,4500,2026-07-11
2026-08-05,CD-GO,P4,48,667,5400,2026-07-11
2026-08-05,CD-GO,P5,300,246,3000,2026-07-19
2026-08-05,CD-PE,P1,17933,3796,34300,2026-07-16
2026-08-05,CD-PE,P2,11246,2319,15750,2026-07-16
2026-08-05,CD-PE,P3,58,590,8400,2026-07-13
2026-08-05,CD-PE,P4,6,926,11400,2026-07-13
2026-08-05,CD-PE,P5,1419,342,3500,2026-07-16
2026-08-06,CD-SP,P1,51745,7821,0,2026-08-06
2026-08-06,CD-SP,P2,34264,4777,0,2026-08-06
2026-08-06,CD-SP,P3,9122,1215,0,2026-08-06
2026-08-06,CD-SP,P4,16755,1947,0,2026-08-06
2026-08-06,CD-SP,P5,1195,704,4500,2026-07-26
2026-08-06,CD-PR,P1,3180,3554,34300,2026-07-21
2026-08-06,CD-PR,P2,990,2171,21600,2026-07-17
2026-08-06,CD-PR,P3,41,552,5700,2026-07-17
2026-08-06,CD-PR,P4,18,885,9300,2026-07-10
2026-08-06,CD-PR,P5,5,320,4000,2026-07-21
2026-08-06,CD-GO,P1,5473,2735,22400,2026-07-18
2026-08-06,CD-GO,P2,3168,1671,14400,2026-07-23
2026-08-06,CD-GO,P3,11,425,4500,2026-07-11
2026-08-06,CD-GO,P4,12,681,5400,2026-07-11
2026-08-06,CD-GO,P5,145,246,3000,2026-07-19
2026-08-06,CD-PE,P1,49434,3798,0,2026-08-06
2026-08-06,CD-PE,P2,25534,2320,0,2026-08-06
2026-08-06,CD-PE,P3,28,590,8400,2026-07-13
2026-08-06,CD-PE,P4,0,946,11400,2026-07-13
2026-08-06,CD-PE,P5,3758,342,0,2026-08-06
2026-08-07,CD-SP,P1,48766,7821,0,2026-08-06
2026-08-07,CD-SP,P2,33370,4777,0,2026-08-06
2026-08-07,CD-SP,P3,8501,1215,0,2026-08-06
2026-08-07,CD-SP,P4,15477,1983,0,2026-08-06
2026-08-07,CD-SP,P5,534,704,4500,2026-07-26
2026-08-07,CD-PR,P1,35990,3554,0,2026-08-07
2026-08-07,CD-PR,P2,12,2171,21600,2026-07-17
2026-08-07,CD-PR,P3,5336,552,0,2026-08-07
2026-08-07,CD-PR,P4,8913,901,0,2026-08-07
2026-08-07,CD-PR,P5,5,320,4000,2026-07-21
2026-08-07,CD-GO,P1,5220,2736,22400,2026-07-18
2026-08-07,CD-GO,P2,2540,1671,14400,2026-07-23
2026-08-07,CD-GO,P3,5,425,4500,2026-07-11
2026-08-07,CD-GO,P4,6,694,5400,2026-07-11
2026-08-07,CD-GO,P5,139,246,3000,2026-07-19
2026-08-07,CD-PE,P1,47588,3799,0,2026-08-06
2026-08-07,CD-PE,P2,24906,2320,0,2026-08-06
2026-08-07,CD-PE,P3,4,590,8400,2026-07-13
2026-08-07,CD-PE,P4,0,964,11400,2026-07-13
2026-08-07,CD-PE,P5,3591,342,0,2026-08-06
2026-08-08,CD-SP,P1,48766,7821,0,2026-08-06
2026-08-08,CD-SP,P2,32920,4777,0,2026-08-06
2026-08-08,CD-SP,P3,8426,1215,0,2026-08-06
2026-08-08,CD-SP,P4,15477,2009,0,2026-08-06
2026-08-08,CD-SP,P5,34,704,4500,2026-07-26
2026-08-08,CD-PR,P1,35990,3555,0,2026-08-07
2026-08-08,CD-PR,P2,12,2171,21600,2026-07-17
2026-08-08,CD-PR,P3,5336,552,0,2026-08-07
2026-08-08,CD-PR,P4,8838,913,0,2026-08-07
2026-08-08,CD-PR,P5,5,320,4000,2026-07-21
2026-08-08,CD-GO,P1,26920,2736,0,2026-08-08
2026-08-08,CD-GO,P2,2540,1671,14400,2026-07-23
2026-08-08,CD-GO,P3,4505,425,0,2026-08-08
2026-08-08,CD-GO,P4,5406,703,0,2026-08-08
2026-08-08,CD-GO,P5,139,246,3000,2026-07-19
2026-08-08,CD-PE,P1,47588,3800,0,2026-08-06
2026-08-08,CD-PE,P2,24906,2321,0,2026-08-06
2026-08-08,CD-PE,P3,4,590,8400,2026-07-13
2026-08-08,CD-PE,P4,0,977,11400,2026-07-13
2026-08-08,CD-PE,P5,3591,342,0,2026-08-06
2026-08-09,CD-SP,P1,48766,7821,0,2026-08-06
2026-08-09,CD-SP,P2,32920,4777,0,2026-08-06
2026-08-09,CD-SP,P3,8426,1215,0,2026-08-06
2026-08-09,CD-SP,P4,15477,2009,0,2026-08-06
2026-08-09,CD-SP,P5,4534,704,0,2026-08-09
2026-08-09,CD-PR,P1,35990,3555,0,2026-08-07
2026-08-09,CD-PR,P2,12,2171,21600,2026-07-17
2026-08-09,CD-PR,P3,5336,552,0,2026-08-07
2026-08-09,CD-PR,P4,8838,913,0,2026-08-07
2026-08-09,CD-PR,P5,5,320,4000,2026-07-21
2026-08-09,CD-GO,P1,26920,2736,0,2026-08-08
2026-08-09,CD-GO,P2,2540,1671,14400,2026-07-23
2026-08-09,CD-GO,P3,4505,425,0,2026-08-08
2026-08-09,CD-GO,P4,5406,703,0,2026-08-08
2026-08-09,CD-GO,P5,3139,246,0,2026-08-09
2026-08-09,CD-PE,P1,47588,3800,0,2026-08-06
2026-08-09,CD-PE,P2,24906,2321,0,2026-08-06
2026-08-09,CD-PE,P3,4,590,8400,2026-07-13
2026-08-09,CD-PE,P4,0,977,11400,2026-07-13
2026-08-09,CD-PE,P5,3591,342,0,2026-08-06
2026-08-10,CD-SP,P1,43180,7821,25900,2026-08-06
2026-08-10,CD-SP,P2,26710,4777,13950,2026-08-06
2026-08-10,CD-SP,P3,7511,1215,3900,2026-08-06
2026-08-10,CD-SP,P4,14277,2009,4500,2026-08-06
2026-08-10,CD-SP,P5,4480,704,3000,2026-08-09
2026-08-10,CD-PR,P1,32467,3555,9100,2026-08-07
2026-08-10,CD-PR,P2,6,2171,28350,2026-07-17
2026-08-10,CD-PR,P3,4961,552,2100,2026-08-07
2026-08-10,CD-PR,P4,7722,913,3300,2026-08-07
2026-08-10,CD-PR,P5,5,320,4500,2026-07-21
2026-08-10,CD-GO,P1,25062,2736,7700,2026-08-08
2026-08-10,CD-GO,P2,16194,1671,4050,2026-08-10
2026-08-10,CD-GO,P3,4094,425,1200,2026-08-08
2026-08-10,CD-GO,P4,4995,703,3900,2026-08-08
2026-08-10,CD-GO,P5,3121,246,500,2026-08-09
2026-08-10,CD-PE,P1,45694,3800,12600,2026-08-06
2026-08-10,CD-PE,P2,22472,2321,13050,2026-08-06
2026-08-10,CD-PE,P3,7687,590,1800,2026-08-10
2026-08-10,CD-PE,P4,10290,977,4800,2026-08-10
2026-08-10,CD-PE,P5,3454,342,2500,2026-08-06
2026-08-11,CD-SP,P1,38282,7359,25900,2026-08-06
2026-08-11,CD-SP,P2,24050,4495,13950,2026-08-06
2026-08-11,CD-SP,P3,6665,1143,3900,2026-08-06
2026-08-11,CD-SP,P4,13272,1899,4500,2026-08-06
2026-08-11,CD-SP,P5,4325,662,3000,2026-08-09
2026-08-11,CD-PR,P1,29668,3345,9100,2026-08-07
2026-08-11,CD-PR,P2,20280,2043,6750,2026-08-11
2026-08-11,CD-PR,P3,4520,519,2100,2026-08-07
2026-08-11,CD-PR,P4,7014,863,3300,2026-08-07
2026-08-11,CD-PR,P5,3993,301,500,2026-08-11
2026-08-11,CD-GO,P1,23445,2575,7700,2026-08-08
2026-08-11,CD-GO,P2,14956,1573,4050,2026-08-10
2026-08-11,CD-GO,P3,3989,400,1200,2026-08-08
2026-08-11,CD-GO,P4,4977,665,3900,2026-08-08
2026-08-11,CD-GO,P5,3103,232,500,2026-08-09
2026-08-11,CD-PE,P1,42931,3576,12600,2026-08-06
2026-08-11,CD-PE,P2,21240,2184,13050,2026-08-06
2026-08-11,CD-PE,P3,7483,555,1800,2026-08-10
2026-08-11,CD-PE,P4,10260,923,4800,2026-08-10
2026-08-11,CD-PE,P5,3442,322,2500,2026-08-06
2026-08-12,CD-SP,P1,31392,7359,25900,2026-08-06
2026-08-12,CD-SP,P2,20460,4495,13950,2026-08-06
2026-08-12,CD-SP,P3,5855,1143,3900,2026-08-06
2026-08-12,CD-SP,P4,11451,1941,4500,2026-08-06
2026-08-12,CD-SP,P5,4164,662,3000,2026-08-09
2026-08-12,CD-PR,P1,27798,3345,9100,2026-08-07
2026-08-12,CD-PR,P2,18396,2043,6750,2026-08-11
2026-08-12,CD-PR,P3,4403,520,2100,2026-08-07
2026-08-12,CD-PR,P4,5616,882,3300,2026-08-07
2026-08-12,CD-PR,P5,3844,301,500,2026-08-11
2026-08-12,CD-GO,P1,21334,2576,7700,2026-08-08
2026-08-12,CD-GO,P2,14204,1573,4050,2026-08-10
2026-08-12,CD-GO,P3,3983,400,1200,2026-08-08
2026-08-12,CD-GO,P4,4410,679,3900,2026-08-08
2026-08-12,CD-GO,P5,2954,232,500,2026-08-09
2026-08-12,CD-PE,P1,41773,3578,12600,2026-08-06
2026-08-12,CD-PE,P2,20174,2185,13050,2026-08-06
2026-08-12,CD-PE,P3,7129,556,1800,2026-08-10
2026-08-12,CD-PE,P4,9774,944,4800,2026-08-10
2026-08-12,CD-PE,P5,3424,322,2500,2026-08-06
2026-08-13,CD-SP,P1,51809,7359,0,2026-08-13
2026-08-13,CD-SP,P2,32082,4495,0,2026-08-13
2026-08-13,CD-SP,P3,8840,1143,0,2026-08-13
2026-08-13,CD-SP,P4,14748,1979,0,2026-08-13
2026-08-13,CD-SP,P5,2979,662,3000,2026-08-09
2026-08-13,CD-PR,P1,25940,3346,9100,2026-08-07
2026-08-13,CD-PR,P2,16708,2044,6750,2026-08-11
2026-08-13,CD-PR,P3,3728,520,2100,2026-08-07
2026-08-13,CD-PR,P4,4800,900,3300,2026-08-07
2026-08-13,CD-PR,P5,3826,301,500,2026-08-11
2026-08-13,CD-GO,P1,21063,2576,7700,2026-08-08
2026-08-13,CD-GO,P2,13446,1574,4050,2026-08-10
2026-08-13,CD-GO,P3,3191,400,1200,2026-08-08
2026-08-13,CD-GO,P4,4092,693,3900,2026-08-08
2026-08-13,CD-GO,P5,2442,232,500,2026-08-09
2026-08-13,CD-PE,P1,51779,3580,0,2026-08-13
2026-08-13,CD-PE,P2,30754,2186,0,2026-08-13
2026-08-13,CD-PE,P3,6349,556,1800,2026-08-10
2026-08-13,CD-PE,P4,8976,963,4800,2026-08-10
2026-08-13,CD-PE,P5,5275,322,0,2026-08-13
2026-08-14,CD-SP,P1,48769,7359,0,2026-08-13
2026-08-14,CD-SP,P2,30016,4495,0,2026-08-13
2026-08-14,CD-SP,P3,8423,1143,0,2026-08-13
2026-08-14,CD-SP,P4,14151,2015,0,2026-08-13
2026-08-14,CD-SP,P5,2848,662,3000,2026-08-09
2026-08-14,CD-PR,P1,32482,3346,0,2026-08-14
2026-08-14,CD-PR,P2,22440,2044,0,2026-08-14
2026-08-14,CD-PR,P3,5699,520,0,2026-08-14
2026-08-14,CD-PR,P4,7308,916,0,2026-08-14
2026-08-14,CD-PR,P5,3820,301,500,2026-08-11
2026-08-14,CD-GO,P1,19223,2577,7700,2026-08-08
2026-08-14,CD-GO,P2,12498,1574,4050,2026-08-10
2026-08-14,CD-GO,P3,3167,400,1200,2026-08-08
2026-08-14,CD-GO,P4,3981,706,3900,2026-08-08
2026-08-14,CD-GO,P5,2430,232,500,2026-08-09
2026-08-14,CD-PE,P1,50633,3581,0,2026-08-13
2026-08-14,CD-PE,P2,29440,2187,0,2026-08-13
2026-08-14,CD-PE,P3,6256,556,1800,2026-08-10
2026-08-14,CD-PE,P4,8577,981,4800,2026-08-10
2026-08-14,CD-PE,P5,4763,322,0,2026-08-13
2026-08-15,CD-SP,P1,48069,7359,0,2026-08-13
2026-08-15,CD-SP,P2,30016,4495,0,2026-08-13
2026-08-15,CD-SP,P3,8423,1143,0,2026-08-13
2026-08-15,CD-SP,P4,13851,2041,0,2026-08-13
2026-08-15,CD-SP,P5,2812,662,3000,2026-08-09
2026-08-15,CD-PR,P1,32482,3346,0,2026-08-14
2026-08-15,CD-PR,P2,22232,2044,0,2026-08-14
2026-08-15,CD-PR,P3,5699,520,0,2026-08-14
2026-08-15,CD-PR,P4,7308,928,0,2026-08-14
2026-08-15,CD-PR,P5,3820,301,500,2026-08-11
2026-08-15,CD-GO,P1,26923,2577,0,2026-08-15
2026-08-15,CD-GO,P2,16548,1574,0,2026-08-15
2026-08-15,CD-GO,P3,4367,400,0,2026-08-15
2026-08-15,CD-GO,P4,7881,715,0,2026-08-15
2026-08-15,CD-GO,P5,2430,232,500,2026-08-09
2026-08-15,CD-PE,P1,50633,3582,0,2026-08-13
2026-08-15,CD-PE,P2,29440,2188,0,2026-08-13
2026-08-15,CD-PE,P3,6256,556,1800,2026-08-10
2026-08-15,CD-PE,P4,8577,994,4800,2026-08-10
2026-08-15,CD-PE,P5,4763,322,0,2026-08-13
2026-08-16,CD-SP,P1,48069,7359,0,2026-08-13
2026-08-16,CD-SP,P2,30016,4495,0,2026-08-13
2026-08-16,CD-SP,P3,8423,1143,0,2026-08-13
2026-08-16,CD-SP,P4,13851,2041,0,2026-08-13
2026-08-16,CD-SP,P5,5812,662,0,2026-08-16
2026-08-16,CD-PR,P1,32482,3346,0,2026-08-14
2026-08-16,CD-PR,P2,22232,2044,0,2026-08-14
2026-08-16,CD-PR,P3,5699,520,0,2026-08-14
2026-08-16,CD-PR,P4,7308,928,0,2026-08-14
2026-08-16,CD-PR,P5,3820,301,500,2026-08-11
2026-08-16,CD-GO,P1,26923,2577,0,2026-08-15
2026-08-16,CD-GO,P2,16548,1574,0,2026-08-15
2026-08-16,CD-GO,P3,4367,400,0,2026-08-15
2026-08-16,CD-GO,P4,7881,715,0,2026-08-15
2026-08-16,CD-GO,P5,2930,232,0,2026-08-16
2026-08-16,CD-PE,P1,50633,3582,0,2026-08-13
2026-08-16,CD-PE,P2,29440,2188,0,2026-08-13
2026-08-16,CD-PE,P3,6256,556,1800,2026-08-10
2026-08-16,CD-PE,P4,8577,994,4800,2026-08-10
2026-08-16,CD-PE,P5,4763,322,0,2026-08-13
2026-08-17,CD-SP,P1,39883,7359,22400,2026-08-13
2026-08-17,CD-SP,P2,27796,4495,13950,2026-08-13
2026-08-17,CD-SP,P3,7733,1143,0,2026-08-13
2026-08-17,CD-SP,P4,13029,2041,3900,2026-08-13
2026-08-17,CD-SP,P5,5651,662,1500,2026-08-16
2026-08-17,CD-PR,P1,31300,3346,9800,2026-08-14
2026-08-17,CD-PR,P2,20846,2044,450,2026-08-14
2026-08-17,CD-PR,P3,5600,520,0,2026-08-14
2026-08-17,CD-PR,P4,6855,928,0,2026-08-14
2026-08-17,CD-PR,P5,3171,301,500,2026-08-11
2026-08-17,CD-GO,P1,25916,2577,3500,2026-08-15
2026-08-17,CD-GO,P2,15192,1574,4050,2026-08-15
2026-08-17,CD-GO,P3,4337,400,0,2026-08-15
2026-08-17,CD-GO,P4,7101,715,0,2026-08-15
2026-08-17,CD-GO,P5,2924,232,0,2026-08-16
2026-08-17,CD-PE,P1,47405,3582,0,2026-08-13
2026-08-17,CD-PE,P2,28398,2188,0,2026-08-13
2026-08-17,CD-PE,P3,5839,556,1800,2026-08-10
2026-08-17,CD-PE,P4,12972,994,0,2026-08-17
2026-08-17,CD-PE,P5,4751,322,0,2026-08-13
2026-08-18,CD-SP,P1,35220,7359,22400,2026-08-13
2026-08-18,CD-SP,P2,23134,4495,13950,2026-08-13
2026-08-18,CD-SP,P3,6716,1143,0,2026-08-13
2026-08-18,CD-SP,P4,11508,2085,3900,2026-08-13
2026-08-18,CD-SP,P5,5109,662,1500,2026-08-16
2026-08-18,CD-PR,P1,27795,3347,9800,2026-08-14
2026-08-18,CD-PR,P2,18448,2044,450,2026-08-14
2026-08-18,CD-PR,P3,5264,520,0,2026-08-14
2026-08-18,CD-PR,P4,5295,949,0,2026-08-14
2026-08-18,CD-PR,P5,3147,301,0,2026-08-18
2026-08-18,CD-GO,P1,23352,2578,3500,2026-08-15
2026-08-18,CD-GO,P2,13860,1575,4050,2026-08-15
2026-08-18,CD-GO,P3,4226,400,0,2026-08-15
2026-08-18,CD-GO,P4,6783,731,0,2026-08-15
2026-08-18,CD-GO,P5,2775,232,0,2026-08-16
2026-08-18,CD-PE,P1,44492,3584,0,2026-08-13
2026-08-18,CD-PE,P2,26378,2189,0,2026-08-13
2026-08-18,CD-PE,P3,5410,557,1800,2026-08-10
2026-08-18,CD-PE,P4,12174,1016,0,2026-08-17
2026-08-18,CD-PE,P5,4596,322,0,2026-08-13
2026-08-19,CD-SP,P1,31981,7359,22400,2026-08-13
2026-08-19,CD-SP,P2,19090,4495,13950,2026-08-13
2026-08-19,CD-SP,P3,6041,1143,0,2026-08-13
2026-08-19,CD-SP,P4,10191,2127,3900,2026-08-13
2026-08-19,CD-SP,P5,4454,662,1500,2026-08-16
2026-08-19,CD-PR,P1,26685,3347,9800,2026-08-14
2026-08-19,CD-PR,P2,17324,2044,450,2026-08-14
2026-08-19,CD-PR,P3,4853,520,0,2026-08-14
2026-08-19,CD-PR,P4,4572,968,0,2026-08-14
2026-08-19,CD-PR,P5,3022,301,0,2026-08-18
2026-08-19,CD-GO,P1,22731,2579,3500,2026-08-15
2026-08-19,CD-GO,P2,13658,1575,4050,2026-08-15
2026-08-19,CD-GO,P3,3446,400,0,2026-08-15
2026-08-19,CD-GO,P4,6678,746,0,2026-08-15
2026-08-19,CD-GO,P5,2632,232,0,2026-08-16
2026-08-19,CD-PE,P1,41729,3586,0,2026-08-13
2026-08-19,CD-PE,P2,25028,2190,0,2026-08-13
2026-08-19,CD-PE,P3,6835,557,0,2026-08-19
2026-08-19,CD-PE,P4,11757,1037,0,2026-08-17
2026-08-19,CD-PE,P5,4578,323,0,2026-08-13
2026-08-20,CD-SP,P1,26895,7359,22400,2026-08-13
2026-08-20,CD-SP,P2,15984,4495,13950,2026-08-13
2026-08-20,CD-SP,P3,4907,1143,0,2026-08-13
2026-08-20,CD-SP,P4,12105,2166,0,2026-08-20
2026-08-20,CD-SP,P5,4299,662,1500,2026-08-16
2026-08-20,CD-PR,P1,23856,3347,9800,2026-08-14
2026-08-20,CD-PR,P2,16138,2045,450,2026-08-14
2026-08-20,CD-PR,P3,4448,520,0,2026-08-14
2026-08-20,CD-PR,P4,4074,985,0,2026-08-14
2026-08-20,CD-PR,P5,2968,301,0,2026-08-18
2026-08-20,CD-GO,P1,20366,2579,3500,2026-08-15
2026-08-20,CD-GO,P2,12510,1575,4050,2026-08-15
2026-08-20,CD-GO,P3,3041,401,0,2026-08-15
2026-08-20,CD-GO,P4,6279,759,0,2026-08-15
2026-08-20,CD-GO,P5,2614,232,0,2026-08-16
2026-08-20,CD-PE,P1,39714,3587,0,2026-08-13
2026-08-20,CD-PE,P2,23844,2191,0,2026-08-13
2026-08-20,CD-PE,P3,6388,557,0,2026-08-19
2026-08-20,CD-PE,P4,10959,1056,0,2026-08-17
2026-08-20,CD-PE,P5,4566,323,0,2026-08-13
2026-08-21,CD-SP,P1,22383,7359,22400,2026-08-13
2026-08-21,CD-SP,P2,12942,4495,13950,2026-08-13
2026-08-21,CD-SP,P3,4490,1143,0,2026-08-13
2026-08-21,CD-SP,P4,11295,2202,0,2026-08-20
2026-08-21,CD-SP,P5,3715,662,1500,2026-08-16
2026-08-21,CD-PR,P1,21503,3348,9800,2026-08-14
2026-08-21,CD-PR,P2,14924,2045,450,2026-08-14
2026-08-21,CD-PR,P3,4343,520,0,2026-08-14
2026-08-21,CD-PR,P4,3663,1002,0,2026-08-14
2026-08-21,CD-PR,P5,2819,301,0,2026-08-18
2026-08-21,CD-GO,P1,19244,2580,3500,2026-08-15
2026-08-21,CD-GO,P2,11840,1576,4050,2026-08-15
2026-08-21,CD-GO,P3,3017,401,0,2026-08-15
2026-08-21,CD-GO,P4,6273,772,0,2026-08-15
2026-08-21,CD-GO,P5,2602,232,0,2026-08-16
2026-08-21,CD-PE,P1,38085,3589,0,2026-08-13
2026-08-21,CD-PE,P2,23162,2192,0,2026-08-13
2026-08-21,CD-PE,P3,6289,557,0,2026-08-19
2026-08-21,CD-PE,P4,10941,1074,0,2026-08-17
2026-08-21,CD-PE,P5,3929,323,0,2026-08-13
2026-08-22,CD-SP,P1,22383,7359,22400,2026-08-13
2026-08-22,CD-SP,P2,12942,4495,13950,2026-08-13
2026-08-22,CD-SP,P3,4490,1143,0,2026-08-13
2026-08-22,CD-SP,P4,11295,2228,0,2026-08-20
2026-08-22,CD-SP,P5,3590,662,1500,2026-08-16
2026-08-22,CD-PR,P1,21503,3348,9800,2026-08-14
2026-08-22,CD-PR,P2,14924,2045,450,2026-08-14
2026-08-22,CD-PR,P3,4343,520,0,2026-08-14
2026-08-22,CD-PR,P4,3663,1014,0,2026-08-14
2026-08-22,CD-PR,P5,2819,301,0,2026-08-18
2026-08-22,CD-GO,P1,19244,2580,3500,2026-08-15
2026-08-22,CD-GO,P2,11840,1576,4050,2026-08-15
2026-08-22,CD-GO,P3,3017,401,0,2026-08-15
2026-08-22,CD-GO,P4,6198,781,0,2026-08-15
2026-08-22,CD-GO,P5,2602,232,0,2026-08-16
2026-08-22,CD-PE,P1,37989,3590,0,2026-08-13
2026-08-22,CD-PE,P2,23162,2193,0,2026-08-13
2026-08-22,CD-PE,P3,6289,557,0,2026-08-19
2026-08-22,CD-PE,P4,10941,1087,0,2026-08-17
2026-08-22,CD-PE,P5,3929,323,0,2026-08-13
2026-08-23,CD-SP,P1,44783,7359,0,2026-08-23
2026-08-23,CD-SP,P2,12942,4495,13950,2026-08-13
2026-08-23,CD-SP,P3,4490,1143,0,2026-08-13
2026-08-23,CD-SP,P4,11295,2228,0,2026-08-20
2026-08-23,CD-SP,P5,5090,662,0,2026-08-23
2026-08-23,CD-PR,P1,21503,3348,9800,2026-08-14
2026-08-23,CD-PR,P2,14924,2045,450,2026-08-14
2026-08-23,CD-PR,P3,4343,520,0,2026-08-14
2026-08-23,CD-PR,P4,3663,1014,0,2026-08-14
2026-08-23,CD-PR,P5,2819,301,0,2026-08-18
2026-08-23,CD-GO,P1,22744,2580,0,2026-08-23
2026-08-23,CD-GO,P2,15890,1576,0,2026-08-23
2026-08-23,CD-GO,P3,3017,401,0,2026-08-15
2026-08-23,CD-GO,P4,6198,781,0,2026-08-15
2026-08-23,CD-GO,P5,2602,232,0,2026-08-16
2026-08-23,CD-PE,P1,37989,3590,0,2026-08-13
2026-08-23,CD-PE,P2,23162,2193,0,2026-08-13
2026-08-23,CD-PE,P3,6289,557,0,2026-08-19
2026-08-23,CD-PE,P4,10941,1087,0,2026-08-17
2026-08-23,CD-PE,P5,3929,323,0,2026-08-13
2026-08-24,CD-SP,P1,38238,7359,0,2026-08-23
2026-08-24,CD-SP,P2,10656,4495,13950,2026-08-13
2026-08-24,CD-SP,P3,3968,1143,0,2026-08-13
2026-08-24,CD-SP,P4,9375,2228,0,2026-08-20
2026-08-24,CD-SP,P5,3923,662,0,2026-08-23
2026-08-24,CD-PR,P1,19428,3348,9800,2026-08-14
2026-08-24,CD-PR,P2,12946,2045,450,2026-08-14
2026-08-24,CD-PR,P3,3725,520,0,2026-08-14
2026-08-24,CD-PR,P4,2589,1014,0,2026-08-14
2026-08-24,CD-PR,P5,2170,301,0,2026-08-18
2026-08-24,CD-GO,P1,21743,2580,0,2026-08-23
2026-08-24,CD-GO,P2,15138,1576,0,2026-08-23
2026-08-24,CD-GO,P3,2999,401,0,2026-08-15
2026-08-24,CD-GO,P4,5886,781,0,2026-08-15
2026-08-24,CD-GO,P5,2578,232,0,2026-08-16
2026-08-24,CD-PE,P1,35932,3590,0,2026-08-13
2026-08-24,CD-PE,P2,20752,2193,0,2026-08-13
2026-08-24,CD-PE,P3,5854,557,0,2026-08-19
2026-08-24,CD-PE,P4,10224,1087,0,2026-08-17
2026-08-24,CD-PE,P5,3911,323,0,2026-08-13
2026-08-25,CD-SP,P1,32664,7359,0,2026-08-23
2026-08-25,CD-SP,P2,7298,4495,13950,2026-08-13
2026-08-25,CD-SP,P3,3293,1143,0,2026-08-13
2026-08-25,CD-SP,P4,8883,2272,0,2026-08-20
2026-08-25,CD-SP,P5,3756,662,0,2026-08-23
2026-08-25,CD-PR,P1,26622,3348,0,2026-08-25
2026-08-25,CD-PR,P2,12614,2045,0,2026-08-25
2026-08-25,CD-PR,P3,3509,520,0,2026-08-14
2026-08-25,CD-PR,P4,2454,1034,0,2026-08-14
2026-08-25,CD-PR,P5,1652,301,0,2026-08-18
2026-08-25,CD-GO,P1,20826,2581,0,2026-08-23
2026-08-25,CD-GO,P2,14012,1576,0,2026-08-23
2026-08-25,CD-GO,P3,2507,401,0,2026-08-15
2026-08-25,CD-GO,P4,5757,797,0,2026-08-15
2026-08-25,CD-GO,P5,2572,232,0,2026-08-16
2026-08-25,CD-PE,P1,33392,3591,0,2026-08-13
2026-08-25,CD-PE,P2,19246,2194,0,2026-08-13
2026-08-25,CD-PE,P3,5068,558,0,2026-08-19
2026-08-25,CD-PE,P4,9252,1109,0,2026-08-17
2026-08-25,CD-PE,P5,3893,323,0,2026-08-13
2026-08-26,CD-SP,P1,26891,7359,0,2026-08-23
2026-08-26,CD-SP,P2,4988,4495,13950,2026-08-13
2026-08-26,CD-SP,P3,2513,1143,0,2026-08-13
2026-08-26,CD-SP,P4,6969,2314,0,2026-08-20
2026-08-26,CD-SP,P5,3434,662,0,2026-08-23
2026-08-26,CD-PR,P1,24746,3349,0,2026-08-25
2026-08-26,CD-PR,P2,10956,2045,0,2026-08-25
2026-08-26,CD-PR,P3,2717,520,0,2026-08-14
2026-08-26,CD-PR,P4,1674,1053,0,2026-08-14
2026-08-26,CD-PR,P5,1491,301,0,2026-08-18
2026-08-26,CD-GO,P1,17828,2582,0,2026-08-23
2026-08-26,CD-GO,P2,12686,1577,0,2026-08-23
2026-08-26,CD-GO,P3,2402,401,0,2026-08-15
2026-08-26,CD-GO,P4,4977,812,0,2026-08-15
2026-08-26,CD-GO,P5,1923,232,0,2026-08-16
2026-08-26,CD-PE,P1,32500,3593,0,2026-08-13
2026-08-26,CD-PE,P2,18064,2195,0,2026-08-13
2026-08-26,CD-PE,P3,4951,558,0,2026-08-19
2026-08-26,CD-PE,P4,8877,1130,0,2026-08-17
2026-08-26,CD-PE,P5,3744,323,0,2026-08-13
2026-08-27,CD-SP,P1,22499,7359,0,2026-08-23
2026-08-27,CD-SP,P2,2720,4495,13950,2026-08-13
2026-08-27,CD-SP,P3,1385,1143,0,2026-08-13
2026-08-27,CD-SP,P4,6465,2353,0,2026-08-20
2026-08-27,CD-SP,P5,2088,662,0,2026-08-23
2026-08-27,CD-PR,P1,22918,3349,0,2026-08-25
2026-08-27,CD-PR,P2,9730,2046,0,2026-08-25
2026-08-27,CD-PR,P3,2606,520,0,2026-08-14
2026-08-27,CD-PR,P4,1299,1071,0,2026-08-14
2026-08-27,CD-PR,P5,1473,301,0,2026-08-18
2026-08-27,CD-GO,P1,17563,2582,0,2026-08-23
2026-08-27,CD-GO,P2,12052,1577,0,2026-08-23
2026-08-27,CD-GO,P3,2378,401,0,2026-08-15
2026-08-27,CD-GO,P4,4491,826,0,2026-08-15
2026-08-27,CD-GO,P5,1905,232,0,2026-08-16
2026-08-27,CD-PE,P1,28687,3595,0,2026-08-13
2026-08-27,CD-PE,P2,15848,2196,0,2026-08-13
2026-08-27,CD-PE,P3,4309,558,0,2026-08-19
2026-08-27,CD-PE,P4,7338,1150,0,2026-08-17
2026-08-27,CD-PE,P5,3226,323,0,2026-08-13
2026-08-28,CD-SP,P1,19115,7359,0,2026-08-23
2026-08-28,CD-SP,P2,12678,4495,0,2026-08-28
2026-08-28,CD-SP,P3,581,1143,0,2026-08-13
2026-08-28,CD-SP,P4,6054,2389,0,2026-08-20
2026-08-28,CD-SP,P5,1558,662,0,2026-08-23
2026-08-28,CD-PR,P1,21060,3350,0,2026-08-25
2026-08-28,CD-PR,P2,8990,2046,0,2026-08-25
2026-08-28,CD-PR,P3,2195,520,0,2026-08-14
2026-08-28,CD-PR,P4,846,1087,0,2026-08-14
2026-08-28,CD-PR,P5,1455,301,0,2026-08-18
2026-08-28,CD-GO,P1,15928,2583,0,2026-08-23
2026-08-28,CD-GO,P2,11312,1578,0,2026-08-23
2026-08-28,CD-GO,P3,2360,401,0,2026-08-15
2026-08-28,CD-GO,P4,4167,838,0,2026-08-15
2026-08-28,CD-GO,P5,1768,232,0,2026-08-16
2026-08-28,CD-PE,P1,26835,3596,0,2026-08-13
2026-08-28,CD-PE,P2,14504,2197,0,2026-08-13
2026-08-28,CD-PE,P3,4135,559,0,2026-08-19
2026-08-28,CD-PE,P4,7239,1167,0,2026-08-17
2026-08-28,CD-PE,P5,3077,324,0,2026-08-13
